slope,aspect,slope_shape,lithology_grade,fault_distance_km,lineament_density,geomorphology_unit,lulc_class,twi,rainfall_24h_mm,rainfall_72h_antecedent_mm,rainfall_intensity_max_mm_h,soil_saturation_pct,pore_water_pressure_kpa,sar_coherence_loss,sar_backscatter_diff_db,ndvi_vegetation_loss,osm_road_distance_m,osm_settlement_distance_m,geotechnical_fs,landslide_occurrence,risk_severity
28.95,201.54,-0.267,4,0.23,1.879,0,2,8.36,89.9,287.15,19.37,100.0,62.47,0.715,-4.86,0.137,435.1,233.8,0.235,1,CRITICAL
20.49,88.89,-0.808,1,3.235,1.629,1,2,5.8,100.77,216.95,13.69,100.0,51.14,0.745,-3.43,0.124,498.3,52.4,0.779,0,HIGH
19.38,351.77,0.035,1,3.155,2.07,2,0,10.11,47.2,150.82,5.2,100.0,27.15,0.515,1.58,0.206,80.8,252.3,1.597,0,LOW
19.38,286.77,-0.276,4,0.05,1.596,0,2,6.92,15.58,89.67,3.43,76.14,14.16,0.351,-0.21,0.065,58.7,66.1,1.411,0,LOW
48.23,148.68,-0.274,3,1.467,1.509,3,1,6.35,58.15,206.72,5.13,100.0,44.19,0.803,-1.59,0.248,24.5,526.9,0.421,1,CRITICAL
33.17,54.48,-0.124,1,12.15,4.174,1,3,8.38,96.13,215.68,18.6,100.0,50.36,0.772,0.26,0.22,342.8,49.9,0.558,1,CRITICAL
16.82,282.72,-0.047,1,2.837,1.478,2,0,6.48,0.25,56.3,0.03,64.67,6.55,0.252,-1.87,0.152,181.1,1291.6,3.191,0,LOW
29.64,43.94,-0.003,2,9.472,1.151,2,0,7.43,7.85,95.83,1.36,79.04,13.63,0.432,3.64,0.105,45.3,222.3,1.46,0,LOW
25.32,68.16,-0.309,5,3.941,1.551,3,0,11.34,41.8,104.25,6.12,88.78,21.67,0.436,-0.78,0.147,184.9,14.9,0.898,1,HIGH
5.85,76.15,-0.077,4,0.101,2.522,0,1,6.15,37.36,178.28,7.38,100.0,32.09,0.421,-1.61,0.111,1167.8,793.7,3.402,0,LOW
11.79,200.48,-0.615,3,0.283,3.835,2,0,8.99,262.16,636.9,47.81,100.0,95.0,0.98,-10.93,0.135,228.5,194.8,1.045,1,CRITICAL
26.32,283.34,0.109,5,4.483,3.33,2,2,6.22,6.28,56.4,0.65,64.24,6.52,0.347,1.11,0.162,575.8,498.8,1.15,1,HIGH
45.89,113.15,-1.0,4,2.83,3.553,2,3,5.36,25.42,115.24,4.4,81.52,19.96,0.547,-0.36,0.217,25.9,895.6,0.398,1,CRITICAL
19.47,30.48,-0.101,4,0.476,3.622,1,2,7.32,109.72,272.01,12.11,100.0,62.13,0.773,-3.95,0.084,650.6,27.3,0.316,1,CRITICAL
16.05,167.23,0.322,2,3.332,3.874,0,0,13.41,61.61,210.36,6.39,100.0,37.86,0.518,-3.69,0.212,228.7,7.1,1.527,0,MODERATE
23.58,269.32,-0.371,3,5.818,1.064,2,1,9.22,53.6,138.58,4.92,95.94,30.37,0.485,2.76,0.195,217.4,68.7,1.259,0,MODERATE
15.49,79.8,0.251,1,4.894,1.979,3,3,8.52,87.86,234.59,8.43,100.0,42.23,0.648,-4.95,0.291,41.5,120.9,1.243,0,MODERATE
18.73,79.17,0.405,3,0.989,1.679,0,0,6.35,2.65,70.19,0.47,68.88,8.7,0.218,-0.38,0.079,170.9,334.2,2.624,0,LOW
22.0,341.0,-1.0,1,1.045,1.666,1,2,6.65,191.54,296.99,41.93,100.0,76.44,0.98,-4.94,0.068,185.5,1459.4,0.736,1,CRITICAL
11.43,343.5,-0.053,2,12.029,2.774,0,1,4.24,13.8,52.19,2.41,59.32,5.57,0.108,0.25,0.054,42.2,354.4,4.723,0,LOW
34.07,356.57,-1.0,1,7.644,1.747,2,3,11.45,5.55,89.91,0.99,84.38,14.32,0.388,-6.12,0.418,114.5,882.5,1.216,0,MODERATE
10.17,290.76,-0.041,3,1.341,2.627,2,0,8.09,26.91,115.38,5.1,86.49,17.96,0.268,-0.06,0.131,591.0,100.2,4.101,0,LOW
9.4,67.75,-0.003,4,6.082,1.667,2,0,7.9,78.77,278.7,16.11,100.0,50.17,0.569,1.22,0.093,9.5,1006.1,1.314,1,HIGH
24.71,76.31,-0.869,3,0.617,1.376,1,2,7.95,17.11,82.54,2.01,75.72,13.3,0.501,-6.3,0.144,207.7,564.2,1.794,0,LOW
32.7,122.48,0.674,4,0.767,1.548,0,1,12.1,3.32,67.05,0.55,78.23,9.44,0.462,-3.64,0.099,426.1,1346.9,0.844,0,HIGH
24.37,114.53,0.1,4,0.7,3.395,2,2,8.16,3.84,87.13,0.42,77.57,12.17,0.289,0.14,0.085,961.5,930.3,1.13,1,HIGH
20.76,344.35,-0.297,3,0.321,2.564,1,0,7.08,19.27,78.03,2.96,72.71,12.53,0.353,-1.92,0.106,300.5,854.5,2.207,0,LOW
18.62,284.07,0.513,2,6.751,4.093,0,1,11.46,9.45,89.57,1.03,84.29,13.59,0.254,0.31,0.157,11.5,34.2,2.383,0,LOW
16.91,260.64,-0.628,5,3.026,3.514,2,1,7.21,30.28,75.44,2.69,72.13,13.43,0.379,0.06,0.195,355.5,504.2,1.657,0,LOW
38.11,66.95,-0.43,1,1.049,2.092,1,1,3.78,12.35,72.63,1.14,65.04,9.99,0.503,-0.88,0.058,365.7,165.4,1.276,0,MODERATE
26.45,327.43,-0.805,4,6.609,1.094,3,3,4.14,27.43,79.54,5.94,67.9,13.01,0.383,2.66,0.205,215.7,134.5,1.037,1,HIGH
17.71,298.03,0.63,4,5.68,2.863,0,3,7.08,38.21,137.98,3.09,91.89,22.82,0.511,-0.08,0.233,132.9,271.6,1.299,0,MODERATE
14.76,58.91,0.116,3,0.372,3.079,1,2,8.14,88.2,216.73,15.58,100.0,39.01,0.705,-6.28,0.053,162.2,908.8,1.727,0,MODERATE
30.69,313.62,0.231,2,3.616,2.003,1,2,9.31,16.77,82.5,3.42,78.16,11.61,0.473,0.22,0.105,813.2,42.3,1.465,0,LOW
37.65,98.01,0.105,3,4.478,1.043,2,1,5.48,41.89,82.29,5.66,71.2,10.55,0.63,-2.12,0.189,611.5,1160.7,1.192,0,MODERATE
35.91,29.11,0.201,5,4.404,2.385,2,0,7.0,109.81,212.93,19.67,100.0,38.33,0.891,-2.03,0.084,93.6,878.4,0.322,1,CRITICAL
13.27,236.46,0.027,4,4.495,1.141,2,2,5.72,279.24,633.56,35.98,100.0,95.0,0.98,-3.86,0.102,21.5,147.7,0.445,0,HIGH
18.53,235.37,0.095,5,0.65,3.954,2,0,9.95,52.97,118.5,8.16,90.83,19.38,0.497,1.78,0.118,382.6,186.5,1.328,1,HIGH
16.72,34.18,0.038,2,1.325,2.678,0,0,10.32,36.8,159.37,7.77,100.0,28.69,0.333,-1.73,0.246,213.2,23.4,1.87,0,LOW
19.93,114.79,-0.213,3,6.507,1.297,1,2,11.81,64.9,124.48,5.58,96.09,29.32,0.588,-0.4,0.259,286.3,588.6,1.575,0,MODERATE
33.91,357.41,-0.016,1,8.003,0.984,3,2,8.27,43.3,157.63,5.08,100.0,28.37,0.53,-4.77,0.13,806.4,84.8,0.728,1,CRITICAL
43.72,244.23,0.096,5,1.146,3.039,1,1,11.6,11.7,61.24,1.11,75.48,8.32,0.478,-2.59,0.051,801.5,157.5,0.6,1,CRITICAL
26.98,262.83,0.039,2,0.082,3.002,2,2,5.98,39.99,105.57,5.98,79.54,15.11,0.551,-3.41,0.067,496.5,228.3,1.574,0,LOW
15.06,76.65,-0.517,3,6.876,2.548,3,3,7.98,251.42,493.7,47.23,100.0,95.0,0.98,-3.64,0.218,86.2,234.8,0.833,1,CRITICAL
21.72,28.36,-0.471,5,1.657,2.619,0,1,5.17,66.48,239.03,14.41,100.0,51.0,0.604,1.79,0.123,452.5,727.8,0.502,0,HIGH
47.93,99.68,0.379,3,1.399,2.576,2,2,8.76,21.66,123.99,2.2,90.45,20.19,0.65,6.34,0.148,525.9,307.4,0.608,1,CRITICAL
23.27,89.6,-0.107,3,1.492,1.576,1,0,8.13,191.11,353.06,16.46,100.0,86.48,0.98,-2.87,0.057,5.0,25.8,0.576,1,CRITICAL
18.65,84.44,0.205,2,1.881,3.943,1,3,2.5,31.98,101.5,3.18,71.98,13.15,0.465,0.97,0.227,147.1,412.9,2.481,0,LOW
19.54,69.39,-0.382,3,1.663,2.065,1,0,9.94,32.14,119.87,6.93,91.25,23.55,0.424,-6.17,0.107,105.1,164.9,1.847,0,LOW
26.92,206.91,-0.516,5,2.925,0.183,3,3,9.38,62.31,162.0,7.78,100.0,36.64,0.623,-6.92,0.318,520.1,186.9,0.574,1,CRITICAL
13.54,118.12,-0.295,3,0.288,1.528,1,3,6.28,54.7,168.67,6.42,100.0,36.93,0.48,-4.47,0.234,31.9,104.2,2.004,0,LOW
16.49,295.32,-0.078,2,12.457,0.634,0,2,8.12,22.3,115.81,4.08,86.67,18.07,0.375,-4.78,0.105,272.5,53.3,2.485,0,LOW
35.64,66.22,-0.233,1,9.646,1.59,0,2,4.21,40.91,134.31,3.96,85.56,25.59,0.641,-0.74,0.105,199.3,133.2,0.818,1,CRITICAL
26.52,167.27,0.453,2,9.535,2.594,0,1,5.81,26.28,82.05,3.39,71.71,10.59,0.432,2.61,0.259,725.6,942.4,1.786,0,LOW
23.4,4.92,0.063,3,7.4,0.193,3,3,11.17,87.01,262.92,8.72,100.0,47.33,0.716,-2.91,0.349,180.0,924.2,0.725,1,CRITICAL
36.55,173.41,0.647,1,3.779,3.668,1,2,4.96,8.49,96.09,1.84,74.68,12.92,0.465,-3.01,0.206,22.4,1305.7,1.204,0,MODERATE
14.52,20.1,0.142,4,0.875,2.602,3,1,7.52,90.17,277.53,10.81,100.0,49.96,0.562,-2.24,0.065,616.4,15.7,0.805,0,HIGH
18.33,351.98,-0.844,3,0.178,1.311,3,0,4.43,11.42,62.52,1.34,62.98,8.46,0.299,-3.23,0.235,257.4,1038.5,2.729,0,LOW
26.06,284.61,0.37,4,0.366,1.376,3,1,8.24,23.74,95.88,4.01,80.52,13.9,0.452,-3.03,0.09,309.0,201.9,1.011,1,HIGH
25.58,176.44,-0.528,1,1.37,2.009,1,2,8.74,26.36,85.36,2.17,78.04,15.15,0.412,-2.21,0.113,356.5,470.6,1.695,0,LOW
8.8,31.17,0.081,4,2.453,1.117,1,3,9.09,302.07,514.9,51.8,100.0,92.68,0.98,-6.27,0.276,492.5,435.2,0.657,1,CRITICAL
17.33,213.28,-0.271,3,17.495,0.118,2,2,8.53,57.93,198.93,8.31,100.0,42.76,0.521,-6.53,0.095,375.8,84.8,1.287,1,HIGH
20.22,273.15,0.75,3,2.001,0.209,1,0,10.64,97.7,258.92,10.33,100.0,46.61,0.721,-8.23,0.084,83.3,85.0,0.925,1,HIGH
27.59,68.66,0.504,5,2.603,1.567,2,1,6.28,52.68,129.63,7.8,87.79,20.48,0.572,-4.4,0.073,888.2,108.0,0.829,1,CRITICAL
25.53,204.56,-0.26,2,4.158,0.609,0,2,5.17,265.45,596.21,58.36,100.0,95.0,0.98,-5.2,0.108,44.0,140.9,0.591,1,CRITICAL
21.25,293.12,-0.045,3,0.698,0.192,3,2,6.21,12.69,48.47,2.51,61.69,5.38,0.412,-4.62,0.195,149.8,207.5,2.452,0,LOW
5.83,276.57,0.086,2,9.452,3.623,0,1,4.54,60.36,111.51,13.06,78.85,15.83,0.391,2.18,0.166,212.9,273.1,7.634,0,MODERATE
21.84,289.08,0.302,3,2.635,1.224,0,2,7.67,103.77,220.07,21.75,100.0,39.61,0.835,-1.15,0.107,15.5,200.2,1.058,1,HIGH
22.93,316.56,0.01,3,1.132,2.163,2,2,7.19,64.37,152.76,12.54,96.83,26.62,0.576,-0.81,0.084,37.3,400.4,1.416,0,MODERATE
68.0,337.57,-0.359,1,9.573,0.836,0,2,8.55,147.71,455.64,18.74,100.0,95.0,0.98,-2.02,0.051,58.6,76.9,0.736,1,CRITICAL
19.86,145.99,-0.251,4,3.437,0.292,0,2,3.94,59.67,172.1,10.87,97.17,37.26,0.59,-1.33,0.069,571.7,1212.0,0.815,1,CRITICAL
26.14,204.76,-0.002,4,2.314,3.154,0,2,7.47,113.83,346.2,15.35,100.0,62.32,0.955,-2.21,0.067,257.6,817.1,0.251,1,CRITICAL
39.67,284.64,0.432,4,3.038,0.612,0,0,10.17,12.57,52.96,1.76,70.26,6.7,0.5,1.65,0.121,29.7,23.9,0.719,1,CRITICAL
32.91,250.97,0.15,1,4.828,0.205,1,3,8.76,19.75,95.81,4.0,81.42,14.04,0.442,0.91,0.403,369.6,278.6,1.29,0,MODERATE
44.63,358.39,-0.271,2,0.588,2.508,1,0,3.33,38.16,151.89,4.15,89.6,29.08,0.651,-1.21,0.08,170.6,758.6,0.503,1,CRITICAL
8.89,4.92,0.227,4,7.004,0.155,2,2,7.47,124.02,275.92,15.07,100.0,49.67,0.887,1.13,0.176,48.5,195.6,1.418,0,MODERATE
11.98,127.85,-0.135,1,11.223,1.889,1,0,5.89,36.15,160.21,7.6,96.87,32.27,0.385,-1.73,0.082,230.8,247.8,2.389,0,LOW
15.83,101.17,0.312,4,2.93,1.284,2,2,7.53,64.18,116.75,11.42,85.91,18.06,0.482,-3.62,0.316,136.0,2458.0,1.613,0,MODERATE
7.92,94.43,0.884,1,4.013,1.41,2,3,6.66,32.75,106.72,2.92,81.14,15.59,0.308,-5.56,0.217,292.7,633.9,5.633,0,LOW
23.03,80.11,-0.126,2,6.877,0.116,1,0,11.33,106.5,303.8,10.33,100.0,67.46,0.796,-5.14,0.092,1099.8,145.9,0.639,1,CRITICAL
12.57,255.28,0.281,4,1.644,4.054,0,3,7.69,14.53,48.8,2.34,64.46,5.66,0.31,1.52,0.213,364.1,374.8,2.547,0,LOW
47.62,30.51,-0.261,4,17.283,2.22,3,0,8.2,58.55,135.07,11.23,92.98,29.63,0.713,-2.46,0.071,201.2,730.4,0.215,1,CRITICAL
13.77,266.98,-0.039,4,3.994,2.447,2,0,7.4,56.06,99.63,10.71,80.21,14.38,0.465,-1.12,0.059,265.6,148.0,2.001,1,HIGH
18.39,249.63,0.01,5,1.931,2.831,0,3,8.54,33.56,82.74,4.68,76.86,11.45,0.426,-1.67,0.209,416.3,35.6,1.546,0,LOW
33.92,90.29,-0.068,4,3.959,3.37,3,2,7.02,79.38,189.4,9.22,100.0,34.09,0.754,-5.79,0.129,73.2,180.1,0.398,1,CRITICAL
10.1,91.02,0.862,3,2.581,2.592,2,0,9.2,1.88,17.35,0.36,57.11,1.78,0.195,-1.96,0.173,40.7,963.9,5.507,0,LOW
7.57,226.39,-0.107,5,0.414,3.225,0,3,6.64,119.73,213.07,25.4,100.0,52.72,0.767,-5.68,0.207,240.2,283.9,1.686,0,MODERATE
24.55,274.38,0.205,4,5.561,1.94,3,2,10.53,27.8,96.55,3.95,84.85,14.75,0.446,-2.84,0.07,383.3,409.3,1.057,1,HIGH
25.56,315.53,-0.676,4,2.908,1.622,1,0,8.59,102.38,164.7,10.16,100.0,41.93,0.77,-5.47,0.081,153.6,19.0,0.491,1,CRITICAL
33.4,306.77,0.151,3,5.561,3.475,3,3,7.16,23.66,122.01,3.91,86.94,19.09,0.525,-0.47,0.421,60.3,123.2,1.092,1,HIGH
29.32,347.36,0.4,5,0.589,3.648,0,1,9.35,13.53,65.59,1.22,72.82,8.6,0.375,0.56,0.123,284.6,691.2,0.974,0,HIGH
26.08,209.3,-0.185,2,2.705,0.665,0,0,8.58,32.07,68.9,5.31,72.5,12.84,0.468,-1.75,0.059,316.2,559.1,1.743,0,LOW
14.73,327.12,-0.879,1,5.093,2.325,2,2,9.32,103.76,221.27,10.81,100.0,52.28,0.676,-8.25,0.087,435.2,52.9,1.039,1,HIGH
25.19,291.06,-0.014,2,15.57,2.903,0,2,7.69,79.02,187.09,12.03,100.0,33.68,0.699,-6.16,0.15,247.1,772.8,0.991,1,HIGH
26.02,322.08,0.006,1,7.552,0.443,0,2,6.97,33.32,108.96,5.58,82.41,16.16,0.484,-0.25,0.356,127.6,341.5,1.602,0,LOW
14.41,4.19,0.253,2,6.992,3.911,2,3,7.8,180.6,372.15,25.74,100.0,66.99,0.98,-6.7,0.307,69.3,129.4,0.954,1,CRITICAL
54.48,347.73,0.704,4,0.995,2.232,0,3,6.4,34.16,74.25,6.69,70.28,9.39,0.668,-3.77,0.216,12.2,76.1,0.445,1,CRITICAL
28.61,170.47,-0.133,4,6.37,2.746,3,0,9.65,28.08,80.77,3.72,78.23,14.74,0.526,-1.59,0.187,143.4,84.6,0.898,0,HIGH
12.11,287.35,-0.3,2,0.649,0.831,1,3,10.73,10.16,97.74,1.03,85.59,16.28,0.277,-3.37,0.2,411.7,243.6,3.546,0,LOW
33.49,45.79,-0.408,4,0.773,1.184,3,1,8.77,4.74,75.63,0.69,75.0,10.78,0.385,-6.6,0.103,391.4,939.7,0.807,0,HIGH
36.46,142.54,0.069,3,0.408,0.596,1,1,10.62,27.99,86.68,6.02,81.85,12.77,0.524,-4.07,0.084,797.2,206.3,1.142,0,MODERATE
27.72,97.73,0.168,3,6.822,1.182,2,3,9.98,6.27,84.37,1.27,79.96,12.14,0.316,-2.33,0.434,5.1,473.8,1.594,0,LOW
19.25,105.0,-0.191,3,0.401,2.119,1,2,6.91,40.37,126.09,4.99,87.79,24.77,0.425,-3.39,0.054,54.4,69.3,1.855,0,LOW
14.04,44.37,0.273,5,0.52,3.518,2,1,9.34,127.8,224.23,14.57,100.0,40.36,0.924,-2.0,0.074,303.1,29.7,1.186,1,HIGH
21.22,290.07,0.163,2,0.988,2.288,1,2,4.68,42.02,76.43,6.2,67.88,9.34,0.462,-1.82,0.074,218.5,238.3,2.331,0,LOW
26.69,3.33,0.015,1,2.976,1.102,1,1,7.91,42.58,115.47,7.31,86.19,17.91,0.665,-2.01,0.094,354.5,80.9,1.475,0,LOW
22.33,112.5,-0.316,2,7.426,0.283,0,0,4.9,19.0,109.13,3.98,78.74,17.75,0.316,1.31,0.255,137.8,97.4,1.85,0,LOW
45.65,62.79,-0.169,4,1.896,2.65,0,3,7.26,11.82,48.94,1.96,63.73,7.03,0.543,-5.34,0.285,121.8,141.4,0.612,1,CRITICAL
30.91,212.05,-0.85,4,2.766,1.823,1,2,4.33,16.34,52.81,3.22,59.7,7.64,0.44,2.38,0.06,336.0,28.6,0.966,0,HIGH
13.11,91.53,0.083,2,0.637,4.136,2,2,9.91,54.55,135.39,9.68,96.16,23.43,0.479,1.84,0.189,147.1,726.2,2.766,0,LOW
11.32,93.24,0.009,1,1.082,3.297,1,2,6.63,58.24,192.17,5.49,100.0,34.59,0.402,-2.65,0.13,84.0,351.5,2.333,1,HIGH
28.74,175.8,0.066,4,0.503,3.414,1,0,9.49,16.17,51.53,3.31,68.58,6.36,0.342,-2.51,0.051,100.5,235.2,1.051,0,MODERATE
19.5,234.97,0.177,4,1.846,0.15,3,3,7.33,33.09,107.98,3.57,82.75,16.08,0.431,1.5,0.401,69.4,181.1,1.341,0,MODERATE
32.3,43.67,0.135,3,3.123,3.289,2,1,3.44,54.66,180.05,7.18,98.81,32.02,0.581,-2.95,0.054,5.0,0.4,0.766,0,HIGH
28.6,63.18,-0.039,4,1.169,0.898,3,0,6.43,92.89,294.52,18.36,100.0,53.01,0.854,-2.17,0.125,329.7,915.9,0.236,1,CRITICAL
21.27,88.98,0.017,5,6.548,2.502,3,3,6.33,25.05,104.41,5.44,79.81,15.0,0.384,-1.01,0.273,371.6,645.7,1.249,1,HIGH
13.2,350.55,-0.492,2,13.916,1.934,0,3,7.47,20.58,112.5,2.54,84.44,19.57,0.321,-0.39,0.275,439.4,591.0,3.07,0,LOW
8.14,142.97,-0.204,3,0.448,2.444,3,2,10.82,85.22,231.45,11.39,100.0,51.89,0.589,-5.65,0.201,55.3,86.3,2.229,0,MODERATE
24.94,215.64,0.018,1,0.063,0.647,0,0,11.18,46.88,149.08,6.94,100.0,26.83,0.531,-1.04,0.061,686.9,24.1,1.19,0,MODERATE
9.99,86.96,-0.258,4,5.459,1.973,3,0,6.99,126.3,277.62,18.91,100.0,65.13,0.887,-5.93,0.111,112.7,30.1,0.621,1,CRITICAL
12.88,176.57,0.301,3,0.74,0.251,2,1,4.73,15.4,87.54,2.85,71.52,11.27,0.334,-3.01,0.118,629.7,345.8,3.695,0,LOW
24.14,26.68,-0.231,2,1.525,0.268,2,2,5.86,95.8,209.64,18.62,100.0,49.23,0.78,-0.79,0.091,89.0,454.9,0.616,1,CRITICAL
22.9,12.51,0.076,4,1.754,2.797,2,2,8.56,11.49,74.02,2.51,74.09,9.87,0.374,-2.69,0.11,12.0,2843.4,1.264,0,MODERATE
10.76,168.74,0.041,4,8.694,4.002,3,2,7.26,57.13,165.74,11.0,100.0,29.83,0.53,-3.94,0.106,204.4,332.5,1.902,0,LOW
38.58,143.52,0.261,1,3.764,3.287,2,2,4.03,21.68,97.64,2.64,73.51,12.92,0.487,-1.12,0.164,211.6,181.8,1.137,1,HIGH
38.06,49.28,0.315,1,0.145,2.024,1,2,6.39,6.93,61.48,0.9,66.18,7.32,0.361,2.03,0.063,647.3,512.4,1.348,0,MODERATE
29.22,247.54,0.243,2,0.052,0.329,0,2,10.39,62.34,225.97,10.38,100.0,40.68,0.673,3.57,0.052,310.5,464.7,0.595,1,CRITICAL
29.2,357.45,-0.737,4,0.779,0.285,2,2,8.14,45.94,122.01,8.09,88.7,24.99,0.626,0.74,0.264,490.2,10.4,0.688,0,HIGH
29.22,142.43,0.418,4,1.34,0.747,0,3,7.6,43.26,96.28,4.01,79.5,13.78,0.464,0.76,0.23,536.9,59.4,0.889,0,HIGH
68.0,224.84,0.535,3,2.319,4.101,2,3,6.64,58.35,198.91,7.48,100.0,35.8,0.905,-2.43,0.326,187.3,530.5,0.602,0,HIGH
36.3,346.67,-0.169,3,6.367,1.735,2,0,6.49,30.28,91.41,3.28,75.93,16.13,0.53,4.59,0.081,668.9,38.7,1.092,0,MODERATE
31.31,299.35,0.083,4,1.323,3.558,1,3,8.7,72.1,197.34,10.89,100.0,35.52,0.662,-2.15,0.2,360.2,738.4,0.438,1,CRITICAL
13.87,166.88,-0.312,3,1.654,2.991,2,0,7.81,9.12,80.78,0.94,74.91,11.99,0.249,-1.47,0.069,32.4,1072.7,3.364,0,LOW
19.35,265.5,-0.682,4,1.398,2.582,2,3,9.2,81.59,171.51,13.16,100.0,40.66,0.607,-1.88,0.209,80.3,100.4,0.759,1,CRITICAL
65.31,46.13,-0.259,3,0.05,3.986,3,2,8.7,56.36,175.56,8.2,100.0,38.36,0.888,-1.67,0.188,30.3,316.9,0.551,1,CRITICAL
6.09,184.36,-0.189,5,10.87,1.045,1,2,7.54,43.32,121.72,5.92,87.53,24.37,0.4,-5.35,0.065,245.3,170.0,3.928,0,LOW
16.79,100.46,-0.124,2,0.524,1.965,3,1,8.35,8.88,31.64,1.52,60.15,4.49,0.175,-3.12,0.455,70.7,331.2,3.243,0,LOW
38.69,58.02,-0.336,2,1.187,3.645,3,0,6.2,21.2,82.98,2.93,72.71,13.4,0.463,-0.67,0.126,798.7,430.7,1.101,0,MODERATE
14.4,153.46,-0.257,1,0.485,2.362,3,0,7.39,22.75,66.83,3.09,69.7,11.11,0.399,-3.63,0.081,626.7,5.3,3.427,0,LOW
31.76,47.17,-0.004,4,2.36,1.11,3,3,10.45,17.31,56.43,2.96,71.87,7.3,0.399,0.07,0.256,443.9,1015.9,0.919,1,HIGH
22.74,251.63,-0.27,3,9.417,0.957,2,1,7.52,200.4,620.94,17.64,100.0,95.0,0.98,-5.12,0.311,587.9,207.4,0.586,1,CRITICAL
15.0,164.25,0.19,2,0.371,3.187,0,2,7.02,160.72,336.47,22.59,100.0,60.56,0.98,-2.07,0.131,517.7,95.8,0.92,1,CRITICAL
5.3,191.21,0.239,5,2.035,0.152,2,3,7.96,51.35,187.62,5.51,100.0,33.77,0.395,-2.54,0.312,54.0,14.7,3.761,0,LOW
24.57,52.7,0.833,5,0.079,3.848,2,0,4.94,14.97,101.0,1.28,76.2,13.85,0.379,-0.3,0.104,26.8,2214.2,1.09,1,HIGH
13.69,50.32,0.394,5,5.158,0.176,3,2,7.99,157.34,326.2,13.35,100.0,58.72,0.98,-8.88,0.111,335.5,641.2,0.708,0,HIGH
20.77,210.03,0.085,1,3.588,2.687,2,1,11.23,89.96,196.35,9.31,100.0,35.34,0.78,-7.02,0.38,117.3,273.9,1.132,0,MODERATE
29.07,354.6,-0.217,5,4.21,2.579,2,0,5.72,2.57,69.41,0.36,67.51,8.74,0.31,-3.26,0.124,275.5,904.0,0.991,1,HIGH
34.79,34.65,0.103,2,2.238,2.471,2,3,8.09,43.86,143.59,6.99,95.51,24.69,0.593,-1.3,0.262,281.5,274.1,0.849,1,CRITICAL
16.76,102.86,0.114,1,8.337,2.045,1,2,7.45,60.37,177.0,11.56,100.0,31.86,0.514,-4.36,0.215,546.2,524.0,1.646,0,MODERATE
14.98,313.01,-0.18,3,1.844,3.595,0,0,7.39,4.47,83.25,0.74,74.94,11.77,0.276,0.53,0.098,49.4,1417.8,3.116,0,LOW
9.88,26.02,0.274,3,2.526,2.803,2,1,7.35,3.32,50.31,0.51,64.33,5.83,0.235,-0.3,0.101,605.8,551.3,5.28,0,LOW
35.68,315.32,-0.489,1,4.159,3.306,1,3,9.07,40.48,127.13,3.44,92.01,25.91,0.606,-3.16,0.299,109.9,123.6,0.777,1,CRITICAL
60.5,188.74,-0.086,3,2.573,0.574,1,0,5.08,0.13,61.12,0.02,63.71,7.01,0.692,-0.64,0.064,620.1,1218.9,0.819,1,CRITICAL
37.68,146.98,0.195,4,0.735,0.305,2,1,9.02,3.12,26.56,0.55,59.73,2.86,0.445,-2.37,0.061,63.7,10.1,0.838,0,HIGH
41.99,111.49,-0.101,3,1.335,0.217,2,2,7.65,11.73,91.72,1.38,78.12,14.31,0.557,-0.65,0.127,48.9,1139.1,0.939,1,HIGH
14.47,106.96,-0.072,3,0.339,0.704,2,3,3.62,156.5,380.88,25.54,100.0,68.56,0.954,-5.61,0.216,267.8,1473.1,0.864,1,HIGH
28.17,110.09,-0.048,2,1.984,2.835,3,2,8.34,94.49,263.5,15.55,100.0,47.43,0.763,-2.1,0.096,655.8,43.3,0.553,0,HIGH
33.28,318.53,-0.292,5,3.29,2.125,1,1,7.75,38.91,121.87,4.77,87.95,23.96,0.66,1.42,0.181,186.8,25.9,0.601,1,CRITICAL
3.0,260.57,0.411,1,0.442,3.184,1,1,5.58,42.41,149.25,6.79,92.81,24.93,0.268,-5.14,0.08,24.1,821.0,11.955,0,LOW
11.7,241.1,-0.356,3,3.485,0.886,2,2,7.85,75.3,200.6,7.23,100.0,45.14,0.608,-4.44,0.158,571.9,11.4,1.881,0,MODERATE
49.35,287.55,0.111,2,7.818,1.605,3,0,4.6,41.81,141.12,7.6,88.44,22.47,0.768,-3.67,0.082,192.7,734.9,0.522,1,CRITICAL
8.7,92.56,0.145,5,1.442,3.743,2,2,5.99,4.29,31.31,0.36,55.81,3.15,0.25,-0.51,0.053,197.1,195.9,3.814,0,LOW
45.4,222.5,-0.332,1,0.879,3.936,0,2,7.58,87.24,213.77,7.41,100.0,48.95,0.82,-0.85,0.058,68.1,10.0,0.511,1,CRITICAL
8.66,165.62,0.026,3,7.822,3.879,2,2,3.79,3.87,58.2,0.78,60.45,6.33,0.171,-5.63,0.096,62.0,463.3,6.038,0,LOW
12.05,281.68,-0.318,3,4.121,3.455,3,0,4.97,43.27,171.76,6.98,98.9,35.77,0.444,-2.52,0.081,263.5,147.5,2.349,0,LOW
28.44,111.33,0.487,5,0.39,2.922,1,1,5.3,128.59,367.11,13.22,100.0,66.08,0.98,-3.7,0.101,157.7,73.8,0.219,1,CRITICAL
23.05,231.54,-0.399,2,1.836,3.846,0,1,7.67,8.12,47.19,1.33,63.92,6.4,0.325,0.84,0.109,44.8,356.0,2.262,0,LOW
17.71,317.6,-0.229,4,3.924,3.028,2,2,8.47,79.71,161.83,10.5,100.0,38.69,0.605,-5.03,0.279,1059.3,12.9,0.895,1,HIGH
48.37,144.77,-0.428,1,2.99,4.011,0,2,5.54,3.08,26.5,0.36,53.44,2.92,0.489,0.56,0.101,13.4,225.0,1.237,0,MODERATE
10.05,23.98,-0.475,5,3.373,0.202,1,0,5.41,323.08,628.29,62.54,100.0,95.0,0.98,-6.93,0.206,12.4,432.1,0.534,1,CRITICAL
20.33,185.78,0.557,3,2.931,3.879,0,0,7.8,74.49,195.91,10.94,100.0,35.26,0.573,1.75,0.202,1076.6,582.2,1.311,0,MODERATE
30.33,124.55,0.19,4,5.599,2.379,1,2,7.74,225.77,642.37,27.34,100.0,95.0,0.98,-0.23,0.225,70.1,327.2,0.228,1,CRITICAL
25.85,242.0,0.049,3,1.352,0.558,1,3,5.96,71.71,253.14,15.21,100.0,45.57,0.758,-0.64,0.262,5.0,28.7,0.664,0,HIGH
15.28,342.37,-0.23,2,4.314,0.981,0,2,11.52,18.03,45.35,1.86,70.25,7.9,0.298,-2.21,0.077,141.9,648.7,3.321,0,LOW
15.61,174.82,0.318,2,16.518,3.594,0,2,7.91,169.56,501.01,16.94,100.0,90.18,0.98,-3.36,0.173,69.1,220.7,0.888,1,CRITICAL
34.52,167.83,-0.288,4,1.73,2.175,3,3,7.13,64.04,128.07,6.0,88.81,28.16,0.678,-1.03,0.231,458.9,89.7,0.494,1,CRITICAL
35.37,235.65,0.278,5,5.48,4.13,0,1,6.65,55.76,110.2,5.43,82.23,16.31,0.748,-1.0,0.231,81.8,138.4,0.662,1,CRITICAL
26.22,37.26,-0.305,3,0.989,0.582,2,1,9.72,36.44,133.71,4.2,95.28,27.31,0.412,-0.88,0.059,475.8,495.5,1.19,1,HIGH
13.36,91.26,-0.226,5,1.159,1.791,3,0,8.7,21.77,100.39,3.87,82.78,17.57,0.316,-0.3,0.141,211.9,99.2,1.964,0,LOW
15.9,330.83,0.265,1,9.559,1.461,0,3,3.68,49.09,180.78,8.54,99.47,32.37,0.509,0.44,0.253,457.8,41.5,1.726,0,LOW
21.91,241.18,0.302,5,0.092,2.216,0,2,5.97,29.63,105.5,5.54,79.51,15.1,0.366,3.7,0.125,266.5,436.7,1.208,0,MODERATE
23.66,4.84,0.209,3,0.858,2.697,2,1,6.52,125.08,230.11,20.09,100.0,41.42,0.924,-8.22,0.059,394.7,467.2,0.893,1,HIGH
29.7,73.67,-0.367,3,2.308,2.813,1,0,7.47,1.9,54.82,0.28,65.99,6.74,0.301,2.01,0.334,172.0,265.0,1.677,0,LOW
19.74,245.82,-0.156,3,1.799,0.105,2,1,8.88,49.09,157.9,6.9,100.0,34.31,0.442,-1.83,0.15,153.1,316.4,1.393,1,HIGH
34.12,275.18,0.055,4,3.472,0.465,3,0,5.15,117.74,310.85,23.84,100.0,55.95,0.98,-5.53,0.077,169.6,802.2,0.214,1,CRITICAL
33.92,302.35,-0.297,4,0.749,0.244,0,1,7.33,1.82,32.46,0.23,58.57,3.64,0.472,-4.61,0.226,380.7,186.0,0.932,1,HIGH
42.73,105.18,0.48,3,0.256,3.645,2,3,11.24,21.56,81.41,4.42,81.28,11.91,0.53,-0.87,0.248,163.5,896.7,0.961,1,HIGH
22.43,335.17,-0.841,3,1.613,1.384,3,0,7.56,3.44,73.65,0.41,72.18,9.98,0.326,-1.18,0.066,96.6,930.6,2.116,0,LOW
26.45,199.06,-0.273,1,2.601,1.605,0,1,5.97,58.75,193.45,5.99,100.0,41.87,0.63,-5.07,0.095,465.9,322.9,0.641,1,CRITICAL
20.58,250.75,-0.178,2,2.889,1.947,0,0,4.56,24.76,74.62,2.86,67.1,11.98,0.397,-1.77,0.081,150.0,7.6,2.311,0,LOW
13.46,214.83,-0.995,2,3.22,3.582,2,2,6.43,208.79,374.95,31.29,100.0,92.55,0.98,-2.78,0.149,165.9,1150.3,1.016,1,CRITICAL
59.78,44.19,-0.489,3,2.784,0.158,3,2,5.13,62.26,167.81,13.05,97.93,37.05,0.839,1.43,0.052,24.0,67.8,0.49,1,CRITICAL
39.95,346.72,0.219,3,0.987,0.586,1,0,6.63,53.63,150.21,5.62,95.01,25.69,0.648,-1.95,0.22,127.8,337.1,0.676,1,CRITICAL
33.56,44.24,0.011,4,5.062,2.909,1,3,8.69,161.97,401.22,26.11,100.0,72.22,0.98,-4.13,0.245,484.1,502.0,0.216,1,CRITICAL
22.01,91.76,0.551,4,0.322,4.052,0,2,7.58,16.45,59.65,1.82,67.73,7.27,0.337,0.03,0.06,308.6,45.0,1.386,0,LOW
12.76,292.91,0.541,2,0.774,2.735,1,3,6.44,53.7,110.58,9.39,81.98,16.32,0.413,0.64,0.317,39.5,624.3,3.39,0,LOW
36.67,222.69,0.152,4,4.706,1.171,0,0,3.56,50.87,96.5,7.38,72.29,12.56,0.637,-1.76,0.406,177.3,427.3,0.701,1,CRITICAL
20.38,301.73,0.11,1,1.148,2.231,1,1,9.33,5.57,70.53,1.02,74.36,9.44,0.259,-0.44,0.236,727.1,502.9,2.433,0,LOW
27.72,185.67,0.023,4,2.381,4.097,2,3,6.72,174.79,411.92,34.93,100.0,74.15,0.98,-5.69,0.214,73.6,75.2,0.241,1,CRITICAL
15.86,135.72,-0.929,1,1.387,2.265,3,2,7.74,78.31,234.29,9.93,100.0,51.57,0.599,-3.16,0.07,488.2,142.8,0.972,0,HIGH
25.36,331.86,-0.488,4,2.475,1.631,3,2,5.49,142.36,331.11,30.09,100.0,76.68,0.98,-5.64,0.402,232.6,162.2,0.257,1,CRITICAL
16.43,13.05,0.035,3,1.49,1.672,3,2,6.6,263.1,497.05,38.3,100.0,89.47,0.98,-9.05,0.068,123.6,73.3,0.771,0,HIGH
16.8,308.21,0.216,3,18.029,4.065,1,2,6.22,42.46,176.91,8.96,100.0,31.84,0.422,-5.06,0.079,996.4,375.6,1.781,0,LOW
25.18,83.09,0.101,4,1.548,3.048,0,2,4.57,105.81,246.88,11.88,100.0,44.44,0.822,-5.47,0.128,357.5,35.9,0.457,1,CRITICAL
8.58,305.55,-0.312,1,3.452,2.917,2,0,5.5,56.01,146.52,11.52,91.79,30.93,0.442,-4.65,0.078,106.9,133.4,3.594,0,LOW
8.85,50.11,0.328,2,7.673,1.051,2,2,7.47,245.55,526.59,31.11,100.0,94.79,0.98,-5.36,0.088,60.7,644.5,1.513,0,MODERATE
14.37,208.88,0.519,4,3.556,2.394,2,2,8.16,18.46,59.28,3.42,68.65,7.32,0.325,-0.45,0.158,589.9,121.8,2.159,0,LOW
19.61,319.72,0.328,4,2.92,1.563,0,0,6.0,0.9,63.18,0.19,66.01,7.51,0.239,-2.27,0.122,250.6,97.3,1.566,0,LOW
34.66,170.47,0.346,3,2.948,1.085,2,0,4.85,13.37,52.23,2.78,60.45,5.68,0.432,-3.57,0.183,10.4,68.7,1.47,0,LOW
20.23,268.76,-0.196,2,2.401,3.772,0,1,6.72,8.9,89.09,1.29,75.6,13.19,0.312,4.0,0.17,156.3,432.0,2.253,0,LOW
21.94,289.68,0.377,3,5.768,1.671,1,3,9.22,37.34,101.23,4.79,83.98,15.3,0.314,-3.05,0.328,164.2,272.3,1.93,0,LOW
18.76,265.14,0.051,4,0.181,1.259,0,2,5.43,5.24,70.87,0.87,67.46,8.6,0.304,-2.79,0.066,418.2,111.8,1.612,0,LOW
26.43,333.12,0.179,3,7.574,3.92,3,2,7.53,16.17,101.83,2.89,81.14,14.87,0.345,-5.46,0.074,76.2,102.6,1.596,0,LOW
13.38,160.86,0.128,5,3.089,0.909,0,2,6.05,6.58,34.51,1.02,56.93,3.54,0.225,-0.04,0.066,171.4,2022.0,2.452,0,LOW
20.84,62.33,-0.043,3,6.614,3.157,3,1,9.98,43.35,157.64,8.62,100.0,28.37,0.45,2.48,0.06,23.2,31.1,1.506,0,LOW
27.56,17.21,-0.301,1,0.05,2.776,3,3,6.39,20.17,63.28,1.78,66.74,10.02,0.459,-2.07,0.352,37.0,612.6,1.796,0,LOW
25.08,88.73,-0.029,2,7.121,3.874,2,0,8.96,41.39,138.59,6.79,95.47,23.82,0.559,-2.9,0.05,442.3,1109.7,1.341,0,MODERATE
22.32,51.55,0.345,3,0.448,3.511,3,2,9.73,6.05,63.39,0.93,72.8,8.31,0.303,-0.63,0.129,207.7,265.3,2.178,0,LOW
22.47,200.86,-0.155,4,4.471,2.992,0,0,10.89,47.29,177.08,4.04,100.0,37.55,0.511,-1.38,0.215,136.6,295.7,0.682,1,CRITICAL
28.97,66.58,0.313,2,1.886,1.39,2,0,4.52,9.06,54.57,0.74,60.6,5.95,0.375,-7.62,0.065,86.7,862.8,1.813,0,LOW
61.26,14.02,0.258,5,4.0,2.132,3,0,4.42,6.8,89.13,1.12,71.48,11.47,0.623,0.28,0.265,927.9,6.5,0.334,1,CRITICAL
13.92,12.96,-0.105,2,3.463,3.972,0,1,10.06,24.12,86.87,2.33,80.91,15.55,0.382,3.01,0.303,176.8,94.7,3.152,0,LOW
62.16,299.37,0.486,3,0.624,0.195,2,2,9.7,134.86,385.5,25.3,100.0,69.39,0.98,-3.76,0.12,232.1,563.0,0.506,0,HIGH
13.55,212.92,-0.124,1,2.53,3.357,1,1,6.14,100.99,228.96,21.5,100.0,53.33,0.705,-3.49,0.138,1164.4,324.9,1.122,0,MODERATE
4.84,128.91,0.528,5,1.136,1.132,1,0,2.5,207.86,380.76,21.79,100.0,68.54,0.98,-3.37,0.067,391.4,1537.9,1.47,0,MODERATE
16.24,321.92,0.152,4,2.877,0.859,3,3,7.68,40.08,179.45,7.69,100.0,32.3,0.388,-0.31,0.532,132.8,107.0,1.157,0,MODERATE
26.7,25.27,-0.006,2,4.688,1.052,2,0,4.16,24.35,57.45,3.96,60.88,6.3,0.398,-1.25,0.158,227.6,979.7,1.961,0,LOW
54.71,352.92,-0.311,5,0.297,0.345,0,3,5.68,229.92,398.76,32.81,100.0,95.0,0.98,-3.87,0.258,140.8,4001.5,0.195,0,HIGH
12.75,221.87,-0.031,2,2.538,4.167,3,3,7.9,31.26,144.78,5.35,95.55,24.9,0.425,0.23,0.256,225.9,0.6,2.769,0,LOW
28.88,66.05,-0.071,4,3.365,3.666,0,1,8.19,0.59,69.28,0.11,71.92,8.97,0.369,-4.14,0.127,291.4,153.2,0.996,0,HIGH
9.45,244.46,-0.44,4,1.225,2.236,3,0,10.98,111.5,282.25,24.07,100.0,64.18,0.714,-6.3,0.066,1036.8,1789.0,0.704,1,CRITICAL
53.7,274.82,-0.076,4,10.702,3.032,3,2,6.68,12.05,46.32,2.08,61.85,5.16,0.601,-4.67,0.123,368.3,1029.3,0.531,1,CRITICAL
40.34,154.56,-0.281,5,2.571,2.382,3,2,5.35,82.26,170.27,15.18,99.12,40.25,0.872,-6.63,0.056,334.4,45.7,0.212,1,CRITICAL
16.82,310.19,0.205,5,0.705,3.427,2,1,9.52,0.99,56.09,0.16,70.08,7.08,0.299,0.81,0.124,28.5,133.7,1.82,0,LOW
43.67,54.26,0.457,5,0.399,3.564,2,0,8.33,7.65,86.59,1.22,77.7,12.11,0.508,0.68,0.118,107.7,444.3,0.549,1,CRITICAL
20.77,100.38,-0.429,2,2.731,1.054,2,2,6.7,42.95,111.73,3.83,82.82,21.81,0.486,-0.94,0.085,92.3,128.1,1.824,0,LOW
41.44,33.66,0.599,2,1.646,1.985,2,1,7.57,4.57,55.12,0.46,66.26,6.57,0.52,2.86,0.058,29.7,223.6,1.211,1,HIGH
22.23,75.92,-0.045,4,0.749,2.703,1,0,6.67,142.67,314.43,18.99,100.0,56.6,0.936,-4.82,0.114,575.2,131.6,0.315,1,CRITICAL
22.76,85.94,-0.341,4,0.109,4.112,1,3,9.02,90.08,242.04,15.4,100.0,54.38,0.636,-4.73,0.246,469.8,159.8,0.343,1,CRITICAL
17.02,330.35,0.265,3,2.926,2.899,2,3,11.21,25.86,62.54,2.34,75.2,8.47,0.428,-1.41,0.23,437.3,187.7,2.864,0,LOW
30.87,28.12,-0.156,1,3.195,3.78,2,1,5.9,59.16,181.41,9.24,100.0,39.75,0.62,0.47,0.095,54.4,335.2,0.58,1,CRITICAL
23.7,153.87,-0.029,4,0.535,3.569,2,0,8.43,81.71,270.48,6.69,100.0,48.69,0.765,-4.31,0.055,256.4,680.8,0.424,1,CRITICAL
29.21,191.66,-0.141,5,3.222,2.486,2,2,4.13,91.53,238.57,17.14,100.0,53.93,0.887,1.82,0.057,209.8,359.8,0.246,1,CRITICAL
8.02,323.53,-0.286,3,10.626,3.764,2,1,5.14,32.74,100.23,5.68,76.33,17.7,0.421,-2.03,0.062,265.5,127.0,5.378,0,LOW
42.2,359.17,0.253,2,13.406,1.647,2,0,8.74,148.89,370.06,22.76,100.0,66.61,0.98,-2.9,0.114,433.4,479.8,0.462,1,CRITICAL
47.65,271.22,-0.1,1,7.678,1.655,0,3,7.35,184.83,362.52,29.57,100.0,87.43,0.98,-4.49,0.227,27.6,803.5,0.513,1,CRITICAL
23.64,349.48,-0.503,2,5.759,3.302,1,3,5.06,14.16,72.58,2.98,67.33,10.5,0.334,-2.48,0.221,59.4,471.4,2.046,0,LOW
59.02,283.36,0.193,4,0.822,0.652,1,1,7.52,157.42,360.16,32.58,100.0,64.83,0.98,-2.07,0.13,92.5,724.5,0.225,1,CRITICAL
52.01,346.75,-0.422,5,0.595,1.354,2,2,9.43,81.07,217.56,15.48,100.0,48.89,0.94,-11.51,0.123,178.1,268.4,0.189,1,CRITICAL
31.22,254.62,-0.404,1,2.06,2.595,0,0,4.32,142.38,282.41,18.09,100.0,67.92,0.98,-4.89,0.083,246.7,1161.7,0.576,1,CRITICAL
43.96,28.71,0.417,3,3.383,1.822,2,1,11.34,35.94,105.36,3.42,89.13,16.9,0.669,0.07,0.271,102.0,428.5,0.785,1,CRITICAL
38.14,144.69,-0.419,4,6.656,3.957,0,0,8.76,70.35,225.34,8.79,100.0,49.0,0.823,-6.24,0.091,32.5,559.1,0.205,1,CRITICAL
6.68,232.78,-0.811,2,0.924,4.03,1,0,8.8,17.44,81.36,3.23,76.88,13.35,0.231,-3.3,0.067,198.2,52.8,6.95,0,LOW
18.98,126.26,0.218,3,2.286,2.161,2,2,7.5,90.4,238.98,14.96,100.0,43.02,0.722,-4.24,0.226,17.2,446.4,1.14,1,HIGH
32.36,98.42,-0.106,4,3.649,2.31,0,2,11.34,56.66,141.59,10.13,100.0,32.29,0.619,-3.16,0.147,126.6,13.2,0.463,1,CRITICAL
49.27,207.86,-0.076,4,2.065,3.071,2,1,9.62,42.62,143.99,4.04,98.39,25.5,0.731,-3.56,0.161,12.6,80.5,0.237,1,CRITICAL
9.04,336.06,-0.11,3,2.119,1.975,3,1,6.69,76.69,129.38,7.84,88.45,29.8,0.627,-5.28,0.201,69.1,539.8,3.74,0,MODERATE
7.0,12.59,0.081,4,0.893,0.879,2,0,9.17,52.24,161.18,9.04,100.0,29.01,0.438,-2.42,0.177,32.7,507.0,3.013,0,LOW
21.48,276.92,-0.263,2,15.11,3.163,2,2,5.89,94.23,287.17,12.44,100.0,63.0,0.737,-1.07,0.201,165.5,308.6,0.675,1,CRITICAL
5.1,260.18,0.517,2,2.257,3.125,2,1,6.88,127.08,380.26,16.73,100.0,68.45,0.842,-2.79,0.071,75.1,482.5,2.598,0,MODERATE
21.07,347.02,-0.517,2,2.663,1.104,1,0,10.73,104.81,249.17,14.15,100.0,57.43,0.772,-0.73,0.127,15.8,770.6,0.685,1,CRITICAL
27.05,335.06,0.156,3,0.863,3.515,2,0,8.35,23.88,121.23,4.57,88.83,19.38,0.417,-2.18,0.14,99.1,808.3,1.394,0,LOW
12.4,274.4,0.225,1,2.526,2.616,1,0,8.96,242.75,451.96,43.18,100.0,81.35,0.98,-2.91,0.078,624.9,991.2,1.218,0,MODERATE
21.4,187.35,-0.266,2,1.032,1.069,1,1,10.07,68.19,157.21,6.47,100.0,36.48,0.534,-5.75,0.463,517.4,993.8,1.124,0,MODERATE
36.32,73.54,-0.358,4,0.791,2.773,0,0,8.71,25.4,83.48,3.26,77.39,14.68,0.475,1.57,0.182,600.4,374.8,0.669,1,CRITICAL
16.2,196.28,0.356,4,1.129,1.058,2,2,5.72,2.83,79.64,0.49,70.77,10.15,0.246,1.47,0.247,139.1,195.9,1.828,0,LOW
13.68,275.53,-0.347,1,0.05,1.187,2,3,11.15,288.01,645.4,62.4,100.0,95.0,0.98,-10.9,0.213,590.9,0.1,1.112,0,MODERATE
20.86,322.44,-0.212,2,2.955,3.577,3,0,8.64,59.4,177.79,12.34,100.0,39.13,0.515,-1.22,0.053,847.4,1204.8,1.063,0,MODERATE
11.61,284.3,0.311,3,1.716,3.911,1,1,8.79,16.78,68.27,1.93,72.67,8.93,0.251,-1.85,0.052,887.9,98.9,4.229,0,LOW
56.75,70.3,0.012,2,8.013,1.153,1,1,7.62,43.91,149.4,3.92,96.53,25.96,0.679,-2.34,0.211,37.1,805.2,0.517,1,CRITICAL
22.61,215.89,-0.629,3,0.145,3.905,2,3,9.94,32.94,134.32,5.28,95.88,27.13,0.555,-1.69,0.263,485.7,129.9,1.429,0,LOW
14.54,119.58,0.611,4,0.155,1.079,2,0,11.71,196.52,413.11,26.9,100.0,74.36,0.98,-6.68,0.079,114.9,174.8,0.409,1,CRITICAL
24.94,3.31,-0.186,1,7.597,0.581,1,2,6.67,44.11,111.71,4.66,82.76,21.93,0.484,0.26,0.181,167.3,104.1,1.47,1,HIGH
20.8,72.08,-0.141,2,0.474,0.339,1,1,9.84,43.09,131.97,7.38,94.95,27.73,0.489,-2.05,0.133,298.5,672.8,1.525,0,LOW
19.53,40.76,0.09,1,0.05,1.093,2,1,7.58,102.88,222.05,10.54,100.0,39.97,0.727,-6.07,0.127,396.9,257.3,1.021,0,HIGH
16.19,303.38,0.219,1,0.69,1.68,1,0,3.1,32.23,85.7,4.16,68.01,10.49,0.442,-1.94,0.178,644.2,1470.3,3.085,0,LOW
15.74,93.06,0.686,5,6.078,3.903,2,0,4.41,14.22,87.89,2.72,71.06,11.24,0.329,-2.67,0.101,886.4,746.7,1.844,0,LOW
8.14,102.49,-0.581,3,5.681,1.093,2,0,8.43,95.08,299.28,16.71,100.0,65.28,0.575,-1.56,0.064,411.5,376.1,1.491,0,MODERATE
43.92,345.58,0.289,3,1.455,1.598,0,0,9.72,156.59,368.09,25.84,100.0,66.26,0.98,-7.62,0.25,76.9,687.8,0.418,1,CRITICAL
30.15,136.47,0.26,4,3.859,3.11,0,0,8.84,3.04,55.43,0.64,68.65,6.85,0.353,3.75,0.21,198.8,831.4,0.989,0,HIGH
26.27,3.45,-0.048,1,2.477,1.339,3,2,9.19,127.75,283.41,12.46,100.0,51.01,0.98,-3.45,0.073,118.8,1120.6,0.644,1,CRITICAL
20.61,102.18,0.276,2,8.229,2.906,1,2,13.2,37.44,134.35,6.62,100.0,24.18,0.433,-5.04,0.082,560.9,37.5,1.643,0,LOW
12.27,42.95,0.327,4,0.203,1.872,0,2,8.66,22.18,97.41,2.14,81.77,14.34,0.374,-2.15,0.187,191.5,726.9,2.25,0,LOW
14.02,37.01,-0.484,5,5.872,0.905,2,0,6.92,2.6,24.01,0.26,55.14,2.69,0.241,-2.46,0.337,543.7,91.5,2.367,0,LOW
8.75,27.9,0.612,3,0.655,3.11,2,0,7.22,14.95,43.26,2.26,61.84,4.82,0.203,-3.49,0.169,1024.5,1115.4,6.072,0,LOW
15.05,213.57,-0.546,3,1.739,0.211,2,2,11.1,26.31,99.97,2.19,86.97,18.81,0.331,-0.66,0.054,95.0,93.6,2.696,0,LOW
11.24,68.17,-0.397,4,0.746,1.299,2,0,4.71,4.76,69.65,0.72,65.76,8.82,0.245,4.28,0.092,8.3,85.0,2.734,0,LOW
50.52,130.05,-0.092,2,4.245,1.56,3,3,10.22,13.6,59.7,1.11,72.51,7.79,0.614,3.2,0.32,67.5,306.5,0.934,1,HIGH
35.06,310.33,0.674,1,3.97,1.979,0,3,7.54,86.77,202.39,14.26,100.0,36.43,0.861,-2.43,0.25,285.9,876.0,0.543,1,CRITICAL
23.14,152.76,-0.108,2,2.778,2.887,2,0,5.67,75.47,214.16,9.33,100.0,47.61,0.673,-4.66,0.14,463.7,41.3,0.636,1,CRITICAL
13.08,329.65,-0.011,3,4.193,1.984,2,3,4.31,95.48,304.23,8.75,100.0,54.76,0.704,-2.41,0.203,386.4,27.8,1.169,1,HIGH
11.59,179.26,0.501,1,3.572,2.537,0,2,10.76,11.74,89.84,2.22,83.11,13.44,0.364,0.41,0.069,454.8,651.6,3.952,0,LOW
19.88,143.58,-0.105,3,5.243,2.543,1,2,5.61,2.86,24.59,0.38,52.97,2.69,0.394,-0.75,0.164,723.9,823.5,2.772,0,LOW
35.82,270.14,-0.412,4,0.958,1.63,2,3,7.64,41.09,183.42,5.84,100.0,37.95,0.594,-0.16,0.217,71.1,274.7,0.3,1,CRITICAL
8.91,26.34,-0.146,3,1.961,3.929,2,1,5.36,27.28,111.76,3.61,80.4,19.45,0.219,-0.64,0.334,14.4,469.0,4.656,0,LOW
29.94,32.21,0.48,1,0.576,4.019,3,2,11.82,97.46,269.86,8.94,100.0,48.57,0.833,-2.44,0.087,111.5,62.3,0.591,1,CRITICAL
15.01,234.71,0.025,3,1.965,2.486,2,2,7.72,50.31,163.16,7.26,100.0,29.37,0.477,-5.25,0.067,538.4,408.4,2.13,0,LOW
16.64,175.3,0.676,4,4.234,0.394,2,2,4.54,173.96,401.46,30.12,100.0,72.26,0.98,-5.0,0.067,364.4,4.9,0.362,1,CRITICAL
22.78,284.55,0.258,1,4.115,2.114,3,2,6.56,4.11,21.33,0.85,53.63,2.06,0.309,3.49,0.065,9.4,161.7,2.585,0,LOW
13.34,329.86,-0.226,1,4.326,0.856,2,0,10.56,29.38,87.95,5.49,82.16,16.53,0.301,-0.56,0.084,47.0,9.7,3.243,0,LOW
19.32,139.81,0.018,3,1.292,2.081,2,0,5.35,33.77,111.94,3.08,80.45,16.21,0.442,1.05,0.12,743.4,142.5,2.2,0,LOW
12.67,214.71,-0.299,2,3.799,0.873,2,3,6.7,8.75,81.35,0.9,73.1,11.75,0.275,3.65,0.372,192.0,10.3,3.765,0,LOW
15.73,180.25,-0.234,5,1.603,2.986,2,0,10.11,56.86,192.8,4.91,100.0,41.53,0.536,-5.29,0.267,286.1,1271.1,1.013,0,HIGH
32.97,353.38,1.0,3,10.119,0.43,2,1,8.25,2.67,82.24,0.26,76.17,11.28,0.427,5.24,0.123,27.7,965.6,1.347,0,MODERATE
23.43,299.19,0.357,2,1.472,4.009,0,1,4.82,81.08,175.31,11.94,99.77,31.48,0.716,-0.39,0.13,240.8,103.6,1.169,0,MODERATE
32.91,328.23,0.301,4,3.234,0.901,3,0,7.99,2.48,40.13,0.27,62.23,4.5,0.415,1.66,0.109,524.1,1120.7,0.943,1,HIGH
14.89,91.56,-0.218,3,4.854,2.809,1,0,7.16,134.37,297.0,22.94,100.0,69.58,0.956,-5.56,0.083,651.6,1017.9,0.842,1,CRITICAL
30.06,278.11,0.549,1,8.291,3.86,2,0,7.62,4.37,31.0,0.37,58.63,3.27,0.34,0.52,0.111,167.7,110.9,1.894,0,LOW
7.45,95.57,0.385,2,2.016,1.116,1,1,9.58,39.61,137.3,7.92,96.19,23.77,0.35,-4.0,0.064,247.5,502.8,4.919,0,LOW
22.77,75.15,0.659,4,1.565,3.931,2,3,8.03,10.98,36.82,1.92,61.23,4.06,0.319,-1.05,0.231,366.4,93.2,1.415,0,LOW
31.11,339.94,0.642,1,1.968,1.694,3,1,7.3,9.29,69.66,2.0,70.42,8.83,0.358,-0.54,0.068,142.6,515.3,1.596,0,LOW
7.24,6.95,-0.518,2,1.369,4.038,3,2,7.19,83.03,202.35,17.72,100.0,46.39,0.558,-3.46,0.197,96.8,29.6,2.751,0,MODERATE
15.0,347.54,-0.388,2,3.714,4.083,2,1,9.87,96.74,225.27,17.12,100.0,52.16,0.745,-0.26,0.064,26.1,882.7,0.941,1,HIGH
22.76,53.73,-0.351,2,9.446,0.871,2,3,5.92,87.36,186.82,8.92,100.0,44.11,0.755,-4.25,0.31,60.9,784.4,0.771,1,CRITICAL
37.21,295.0,-0.33,4,0.472,3.507,2,2,2.73,33.64,78.35,3.74,64.99,13.2,0.481,-6.9,0.055,1135.6,84.9,0.691,1,CRITICAL
15.73,99.33,0.113,4,2.881,0.893,1,0,7.0,304.66,619.0,36.21,100.0,95.0,0.98,-7.9,0.136,573.8,260.9,0.381,1,CRITICAL
29.44,126.25,-0.198,4,7.978,1.028,1,1,8.33,27.01,113.99,3.77,86.47,20.98,0.513,1.39,0.166,119.1,132.0,0.75,1,CRITICAL
45.41,78.03,0.725,4,0.369,0.445,1,2,6.58,18.29,106.19,2.93,80.83,15.45,0.566,4.57,0.058,496.6,59.2,0.47,1,CRITICAL
30.16,210.79,0.667,5,2.383,0.742,3,2,6.34,367.68,784.76,64.55,100.0,95.0,0.98,-5.26,0.168,405.2,6.0,0.211,1,CRITICAL
19.73,125.31,-0.002,1,7.015,2.692,1,3,6.7,245.98,733.38,22.28,100.0,95.0,0.98,-3.45,0.271,959.6,162.2,0.804,1,CRITICAL
27.12,236.66,0.684,2,8.075,1.942,2,0,7.45,58.25,156.68,9.64,98.54,27.79,0.683,-3.31,0.143,11.3,1256.3,1.081,1,HIGH
15.46,5.63,0.521,3,2.528,3.343,3,3,4.64,15.24,80.62,1.35,69.16,10.04,0.35,4.25,0.303,242.2,985.9,3.135,0,LOW
23.26,23.17,-0.158,3,0.088,1.461,2,0,8.96,17.71,100.52,3.47,83.28,17.19,0.431,0.16,0.064,337.8,256.4,1.755,0,LOW
20.28,35.88,-0.703,3,0.391,4.071,1,0,2.5,47.83,177.92,4.1,96.43,36.62,0.495,-0.35,0.178,495.2,153.2,1.288,1,HIGH
26.64,150.84,-0.076,2,3.093,0.304,1,1,8.69,97.28,232.53,13.09,100.0,41.85,0.865,-1.57,0.172,454.4,165.5,0.663,1,CRITICAL
17.42,293.33,-0.226,1,0.463,0.358,1,0,8.19,5.24,53.13,0.73,66.74,7.01,0.197,-4.2,0.133,90.7,551.4,3.04,0,LOW
27.45,319.74,0.072,3,0.566,2.976,2,2,8.59,75.64,148.02,12.09,97.83,26.07,0.636,-1.75,0.106,340.5,139.1,1.145,1,HIGH
17.33,88.13,0.031,5,5.176,3.739,1,3,3.26,7.07,21.8,0.66,47.84,1.88,0.324,-4.98,0.352,464.6,786.7,1.943,0,LOW
34.88,206.77,0.022,3,4.862,3.362,2,3,8.14,120.81,337.82,25.45,100.0,60.81,0.937,-1.55,0.37,203.1,200.1,0.446,1,CRITICAL
18.35,276.61,0.183,1,6.475,2.108,3,2,6.31,49.37,163.13,6.6,98.55,28.94,0.492,-1.35,0.083,194.7,31.4,1.628,0,LOW
5.24,103.98,-0.424,4,0.391,1.206,1,1,11.02,297.38,590.52,40.29,100.0,95.0,0.98,-8.73,0.111,162.9,58.4,1.093,1,CRITICAL
11.83,147.24,0.144,2,0.773,0.155,0,3,8.3,90.89,284.58,10.36,100.0,51.22,0.507,-0.2,0.248,65.2,663.0,1.32,0,MODERATE
22.4,188.63,-0.154,2,6.263,2.189,2,2,4.91,44.7,150.87,8.46,92.12,30.38,0.452,-2.99,0.094,502.0,662.9,1.32,0,MODERATE
50.29,48.55,0.07,2,4.469,2.05,1,3,3.78,9.89,84.74,0.8,68.92,10.51,0.533,-2.23,0.341,195.3,227.7,0.885,1,HIGH
34.19,9.35,0.335,4,5.739,1.511,2,3,6.15,50.81,147.04,4.82,93.12,24.65,0.581,-0.88,0.287,40.5,2412.7,0.546,1,CRITICAL
4.46,55.01,-0.429,4,16.03,2.47,2,0,9.29,7.9,76.87,1.15,76.31,11.51,0.206,-1.4,0.101,687.7,111.4,6.591,0,LOW
8.38,225.67,-0.098,3,6.994,3.088,1,0,10.04,153.11,363.14,33.01,100.0,65.37,0.98,-3.68,0.174,521.7,98.3,1.45,0,MODERATE
39.68,26.5,-0.041,2,2.572,2.974,3,1,7.9,16.99,69.93,1.44,71.59,9.01,0.533,1.04,0.279,153.9,337.0,1.184,0,MODERATE
31.02,68.29,-0.18,2,1.303,1.179,1,3,7.68,130.34,363.01,11.56,100.0,80.98,0.942,-5.65,0.242,426.2,364.6,0.521,1,CRITICAL
64.19,121.63,0.315,1,2.951,2.5,1,2,6.77,23.55,124.33,4.24,86.97,19.46,0.757,-3.73,0.062,50.9,244.6,0.728,0,HIGH
16.92,28.03,-0.252,5,3.562,0.71,3,2,7.45,16.31,76.98,2.98,73.05,12.08,0.256,-2.11,0.252,999.9,386.4,1.684,0,LOW
13.18,69.01,-0.194,4,1.43,0.599,0,0,10.17,23.58,114.63,4.85,90.0,21.4,0.416,-1.83,0.302,24.9,1007.4,1.837,0,LOW
23.07,328.06,-0.248,1,5.158,3.322,0,0,6.74,79.92,249.53,12.84,100.0,54.51,0.687,-1.19,0.092,597.7,281.6,0.709,0,HIGH
16.73,6.95,0.382,4,0.341,2.944,3,3,8.95,48.42,140.86,6.61,96.19,24.39,0.433,2.69,0.284,1726.1,2502.0,1.33,0,MODERATE
37.77,235.24,-0.172,3,5.29,3.249,1,1,6.34,7.39,67.46,1.06,68.0,9.14,0.442,-1.45,0.058,95.9,1333.1,1.233,1,HIGH
16.4,138.39,0.161,5,0.114,0.725,0,2,9.73,9.58,67.01,1.35,73.96,8.92,0.288,-1.3,0.054,467.7,550.5,1.813,0,LOW
18.97,242.15,0.691,4,2.412,3.85,2,3,8.77,30.92,125.1,6.69,90.82,20.45,0.442,-3.45,0.208,686.6,548.6,1.26,0,MODERATE
12.07,211.93,-0.026,2,6.917,0.646,0,3,9.64,26.87,78.56,3.58,77.49,10.96,0.237,-3.67,0.319,853.4,581.7,3.96,0,LOW
33.0,80.46,0.389,4,0.317,3.667,2,2,11.64,124.07,326.01,11.59,100.0,58.68,0.95,-1.99,0.099,357.2,889.3,0.218,1,CRITICAL
12.55,305.0,0.585,3,2.552,1.545,2,1,2.5,55.2,195.07,6.65,100.0,35.11,0.5,-2.21,0.135,271.0,797.6,2.274,0,LOW
27.73,177.1,0.36,2,0.608,0.532,2,2,9.16,13.43,90.17,2.88,80.34,13.04,0.428,1.65,0.115,30.9,572.0,1.585,0,LOW
54.73,296.11,-0.006,4,7.882,1.276,1,1,8.53,1.87,65.72,0.26,71.39,8.44,0.711,1.61,0.067,177.4,761.6,0.454,1,CRITICAL
6.57,146.16,0.225,3,6.25,0.844,3,2,8.48,7.02,52.39,0.87,67.04,6.32,0.257,0.83,0.185,140.4,253.1,7.859,0,LOW
46.51,354.49,-0.451,1,9.509,2.112,1,0,8.03,78.35,208.17,9.68,100.0,46.87,0.829,-6.42,0.069,6.2,310.0,0.512,1,CRITICAL
25.84,277.38,-0.273,4,7.278,3.994,2,2,8.03,122.07,377.27,9.92,100.0,82.56,0.98,-1.93,0.066,94.1,1013.7,0.253,1,CRITICAL
10.89,347.74,-0.212,4,4.669,1.444,3,3,8.24,99.17,313.16,16.72,100.0,68.27,0.712,-5.52,0.277,380.7,43.3,0.535,1,CRITICAL
23.56,185.16,0.784,1,0.716,2.61,1,3,9.49,101.4,229.85,18.39,100.0,41.37,0.864,-7.94,0.363,101.6,673.0,0.73,1,CRITICAL
32.49,170.53,-0.284,2,1.261,3.756,0,1,9.32,19.66,103.11,2.54,84.77,18.09,0.482,-1.04,0.211,9.6,500.9,1.167,1,HIGH
13.71,271.96,-0.29,3,2.404,2.683,0,1,7.45,293.65,715.68,59.37,100.0,95.0,0.98,-3.68,0.096,412.0,72.4,0.908,0,HIGH
28.57,316.9,-0.365,1,3.111,1.585,3,0,7.09,5.87,65.42,1.08,68.69,8.79,0.412,0.46,0.143,462.6,243.0,1.758,0,LOW
48.52,347.09,0.196,5,5.334,4.162,2,1,7.54,111.86,340.48,18.36,100.0,61.29,0.98,-5.64,0.19,7.7,586.2,0.185,1,CRITICAL
16.39,116.84,0.05,1,0.901,0.868,3,1,6.59,6.62,47.26,1.18,61.99,5.27,0.242,5.66,0.069,506.2,580.0,3.364,0,LOW
11.98,287.53,0.38,1,0.48,2.245,2,2,11.42,20.24,85.06,3.8,82.77,12.67,0.275,0.44,0.09,446.3,528.5,3.877,0,LOW
20.64,75.83,0.235,1,2.306,3.366,1,0,4.7,44.46,110.38,6.84,78.79,15.65,0.44,-4.19,0.13,271.6,76.3,2.112,0,LOW
22.87,196.41,-0.483,3,0.601,0.103,0,1,9.15,3.56,25.98,0.48,59.78,3.22,0.297,-6.39,0.196,12.7,676.4,2.351,0,LOW
38.78,64.75,-0.283,4,4.142,2.978,3,2,9.14,32.58,73.42,3.18,74.94,13.81,0.628,-2.36,0.083,807.0,63.7,0.629,1,CRITICAL
20.26,125.06,0.478,3,3.0,1.193,2,0,6.33,28.01,118.76,3.83,84.4,18.04,0.431,-6.67,0.128,29.6,1781.3,2.005,0,LOW
17.26,335.29,-0.071,2,4.73,0.796,1,0,8.15,67.72,229.57,10.63,100.0,41.32,0.538,-5.13,0.055,355.8,75.8,1.251,0,MODERATE
11.8,52.59,0.416,4,0.229,1.224,2,1,10.28,82.28,208.99,17.5,100.0,37.62,0.654,-7.09,0.266,404.1,404.7,1.456,0,MODERATE
7.28,227.66,-0.052,1,11.703,4.064,0,2,6.77,6.17,38.76,0.63,59.6,4.16,0.13,-3.21,0.231,823.0,671.9,7.774,0,LOW
9.67,213.46,-0.339,2,0.05,3.757,1,2,10.39,2.52,55.34,0.47,71.4,7.42,0.207,-2.58,0.254,825.5,3.3,5.302,0,LOW
9.63,43.47,-0.106,1,1.378,0.976,2,1,9.96,97.22,265.57,11.05,100.0,59.47,0.733,-5.33,0.326,91.5,572.9,1.549,0,MODERATE
19.09,117.35,-0.339,1,3.984,0.58,0,0,5.94,48.8,183.71,10.44,100.0,38.92,0.438,3.57,0.2,73.9,114.2,1.099,1,HIGH
8.22,202.67,-0.198,3,0.162,1.593,0,0,5.06,49.72,166.88,8.12,97.51,35.26,0.423,-2.66,0.069,148.2,89.7,3.567,0,LOW
21.5,67.38,0.07,2,0.305,2.529,2,0,7.86,256.65,468.64,36.08,100.0,84.35,0.98,-3.01,0.12,767.1,34.7,0.674,1,CRITICAL
54.1,288.22,0.179,2,0.279,3.655,2,0,4.77,37.43,125.21,4.81,83.65,18.85,0.801,-0.53,0.066,360.4,95.5,0.555,1,CRITICAL
39.37,349.98,-0.557,4,3.049,4.061,0,2,2.5,14.2,106.09,1.54,73.45,15.73,0.598,-2.0,0.052,680.5,423.6,0.592,1,CRITICAL
18.98,77.31,-0.006,2,7.919,3.18,0,0,6.42,74.19,160.95,13.36,98.07,28.41,0.651,-3.88,0.062,68.7,3153.2,1.645,0,MODERATE
68.0,67.29,-0.205,4,2.837,2.556,3,0,12.28,109.92,323.58,18.58,100.0,71.43,0.98,-0.02,0.198,19.7,377.3,0.286,1,CRITICAL
22.91,163.78,-0.227,4,3.238,0.684,0,0,6.52,45.36,176.98,9.28,100.0,37.3,0.578,-4.7,0.159,7.0,417.7,0.67,1,CRITICAL
24.73,269.2,0.046,2,1.486,0.404,0,1,8.33,76.51,271.96,12.52,100.0,48.95,0.719,-4.3,0.164,20.7,221.9,0.605,1,CRITICAL
20.42,101.38,-0.193,3,0.066,2.544,1,1,9.04,46.89,130.71,4.87,93.1,27.53,0.457,-3.74,0.092,515.0,17.2,1.611,0,LOW
21.76,7.16,0.484,3,0.076,2.31,1,0,7.41,34.01,142.97,5.97,94.09,24.21,0.422,-1.69,0.052,575.9,592.1,1.6,0,LOW
16.06,194.84,0.416,1,7.672,3.569,2,0,6.77,2.27,80.47,0.46,72.93,10.56,0.217,-3.52,0.081,697.4,36.7,3.064,0,LOW
19.14,344.38,0.414,5,0.379,1.423,3,3,10.2,12.41,95.42,2.71,83.9,14.41,0.228,0.89,0.249,147.0,571.3,1.403,1,HIGH
46.67,140.86,-0.173,3,20.0,0.263,2,3,7.59,42.48,90.43,7.47,77.6,17.73,0.735,0.64,0.235,175.6,809.1,0.742,1,CRITICAL
41.59,151.25,-0.337,5,0.629,1.837,2,2,7.3,32.83,136.11,3.96,91.69,26.4,0.534,-3.65,0.106,59.2,113.9,0.38,1,CRITICAL
5.07,348.8,0.029,4,3.93,4.074,3,0,9.25,120.3,252.14,19.15,100.0,45.38,0.784,-2.29,0.126,162.9,672.8,2.885,0,MODERATE
8.85,250.06,-0.053,1,10.413,3.362,0,1,5.23,7.46,88.49,1.13,72.74,11.59,0.172,-3.45,0.06,47.6,1094.2,5.522,0,LOW
13.82,258.9,-0.213,2,1.575,0.238,2,2,4.72,3.34,66.78,0.51,64.87,8.2,0.216,-0.82,0.241,269.3,366.9,3.709,0,LOW
35.98,202.57,-0.412,1,4.641,3.686,2,0,3.93,5.93,83.83,0.54,68.89,11.11,0.445,1.61,0.116,5.0,250.8,1.307,1,HIGH
42.08,350.86,-0.015,4,1.512,2.034,1,1,8.75,73.68,144.47,7.9,96.98,25.22,0.881,-2.42,0.205,156.6,360.8,0.365,1,CRITICAL
32.43,247.99,-0.141,5,1.273,1.596,2,2,7.14,58.67,209.06,9.0,100.0,44.67,0.696,-2.64,0.101,1171.0,736.8,0.309,1,CRITICAL
10.87,322.21,0.241,3,0.789,1.522,2,1,9.32,65.02,155.94,12.47,100.0,28.07,0.506,3.22,0.155,1453.4,431.3,3.08,0,MODERATE
16.25,251.78,0.233,1,6.02,2.54,1,1,7.61,11.1,89.82,1.17,77.44,12.52,0.284,-0.52,0.23,415.8,373.8,2.889,0,LOW
28.84,264.64,0.385,1,1.042,2.275,0,1,4.48,47.22,147.98,4.86,90.42,24.09,0.508,-4.25,0.124,99.4,234.0,1.124,1,HIGH
19.31,104.55,-0.441,4,1.165,2.792,0,2,6.72,94.87,243.04,17.68,100.0,55.13,0.761,-5.4,0.092,62.1,11.8,0.439,1,CRITICAL
17.82,109.25,0.14,5,20.0,2.452,1,2,9.47,74.86,245.11,13.23,100.0,44.12,0.613,3.0,0.119,10.4,71.6,0.817,1,CRITICAL
17.97,281.87,-0.255,2,1.388,0.69,0,2,6.92,37.54,122.33,5.55,86.61,23.57,0.385,-3.8,0.065,151.8,323.0,2.035,0,LOW
39.97,106.81,-0.427,1,1.923,1.155,2,1,10.11,7.1,94.35,0.62,83.39,15.01,0.494,-3.1,0.147,172.9,467.1,0.986,0,HIGH
30.41,202.6,-0.15,2,16.138,3.548,1,2,6.5,132.94,328.08,19.43,100.0,75.01,0.98,-3.79,0.053,23.5,88.9,0.527,1,CRITICAL
18.53,89.77,0.374,1,1.613,2.819,2,3,9.08,48.55,146.48,9.56,98.22,25.9,0.482,-0.34,0.248,566.7,511.6,1.751,0,LOW
26.48,294.11,-0.13,4,1.596,1.938,1,2,3.58,143.27,413.29,11.67,100.0,91.59,0.98,-7.17,0.113,294.2,333.6,0.249,1,CRITICAL
9.95,39.78,0.548,3,6.155,0.849,2,1,7.0,37.54,126.95,3.54,88.23,20.16,0.338,-2.65,0.091,133.8,499.2,4.029,0,LOW
16.27,298.6,0.192,4,1.309,0.132,3,2,6.65,17.58,101.67,3.4,79.5,14.55,0.338,-4.91,0.103,540.8,337.1,1.678,0,LOW
37.97,216.98,-0.138,3,0.932,1.379,3,2,4.42,23.88,106.16,3.67,76.93,17.57,0.464,-2.06,0.065,148.7,251.3,0.995,1,HIGH
7.88,67.29,0.406,2,1.926,0.325,2,3,9.95,35.2,123.71,6.08,92.49,20.6,0.343,0.15,0.207,527.6,169.8,4.989,0,LOW
30.6,195.13,0.156,2,4.221,2.077,0,2,6.09,61.91,228.35,11.41,100.0,41.1,0.634,-3.07,0.097,191.7,81.7,0.531,1,CRITICAL
5.03,101.7,-0.326,4,0.155,3.469,1,2,5.86,95.22,160.68,11.62,96.97,39.47,0.642,1.82,0.267,282.5,40.6,3.408,0,MODERATE
50.73,116.45,0.651,4,1.639,1.27,1,2,10.36,18.06,69.09,2.2,75.76,9.42,0.625,-3.68,0.066,32.3,873.6,0.482,1,CRITICAL
16.05,126.55,0.091,3,1.488,3.576,3,0,7.86,13.51,53.98,1.58,66.41,6.45,0.24,-0.93,0.077,83.6,352.8,3.189,0,LOW
27.52,22.79,0.007,2,0.983,2.989,2,1,9.22,14.72,55.5,1.52,69.35,6.93,0.427,1.77,0.219,295.7,1976.8,1.839,0,LOW
23.62,354.95,-0.299,1,3.718,0.614,2,0,3.75,177.17,535.19,21.73,100.0,95.0,0.98,-2.22,0.075,148.1,835.7,0.696,1,CRITICAL
24.09,11.35,0.413,1,1.199,2.743,2,1,5.74,11.64,91.1,2.48,74.49,12.22,0.341,5.17,0.089,40.0,55.9,1.94,0,LOW
26.23,238.5,0.181,4,3.266,0.722,2,2,12.09,27.58,123.13,2.54,96.16,21.31,0.426,-0.94,0.059,46.9,922.3,0.84,0,HIGH
6.96,133.64,0.22,3,2.457,2.785,2,1,9.38,43.24,143.17,4.92,97.69,25.18,0.351,-4.3,0.054,344.6,673.6,5.175,0,LOW
24.36,232.56,-0.178,3,0.857,0.685,1,0,5.14,52.81,160.89,6.58,95.73,34.06,0.55,-2.05,0.136,323.3,1978.1,1.098,0,MODERATE
19.95,128.25,0.292,4,1.085,1.709,0,1,8.0,126.91,269.42,12.89,100.0,48.5,0.848,-5.83,0.063,357.4,987.8,0.559,1,CRITICAL
16.1,242.55,0.319,3,0.655,2.423,2,0,5.31,7.79,62.55,0.71,64.57,7.27,0.234,-1.05,0.115,357.9,199.0,3.157,0,LOW
13.82,262.52,-0.234,3,0.204,0.307,3,2,10.57,7.43,77.79,0.76,78.91,11.94,0.258,1.74,0.095,909.5,462.1,3.347,0,LOW
24.7,248.6,-0.496,2,3.379,0.729,1,2,2.51,24.73,100.47,3.81,71.66,15.93,0.393,0.05,0.058,987.6,456.4,1.752,0,LOW
12.08,41.03,0.203,4,3.91,1.414,2,2,8.11,34.65,96.78,5.67,80.56,14.03,0.414,-2.15,0.095,159.3,1275.5,2.302,0,LOW
37.62,236.48,-0.551,3,0.635,1.996,1,0,8.07,30.42,79.61,3.35,75.01,14.4,0.546,-3.53,0.073,420.3,85.5,1.089,0,MODERATE
28.59,100.8,0.053,1,3.344,3.62,2,0,5.05,32.33,81.01,4.87,70.02,10.21,0.467,-1.03,0.206,374.5,261.9,1.703,0,LOW
25.51,10.37,-0.157,4,14.077,0.868,1,3,6.9,123.95,397.74,10.02,100.0,86.47,0.94,-2.35,0.224,53.3,391.6,0.256,1,CRITICAL
36.8,149.34,0.427,3,0.271,1.525,2,0,8.33,117.78,300.65,19.35,100.0,54.12,0.963,-6.69,0.146,425.9,2.7,0.436,1,CRITICAL
6.23,156.08,-0.137,4,2.359,2.051,2,2,3.59,106.43,291.25,8.53,100.0,65.2,0.643,-5.88,0.142,519.2,71.2,1.061,1,HIGH
9.74,168.18,0.388,5,4.622,1.313,2,2,4.68,91.5,175.06,15.55,99.45,31.34,0.619,-3.75,0.067,10.8,469.0,2.111,0,MODERATE
29.26,253.74,-0.18,4,0.165,2.666,0,1,7.16,2.68,21.65,0.4,54.82,2.46,0.245,-4.58,0.115,208.0,287.6,1.121,0,MODERATE
14.3,111.18,0.35,4,5.272,1.152,2,1,5.67,10.52,81.88,1.0,71.4,10.52,0.168,-5.94,0.197,80.2,134.6,2.067,0,LOW
15.39,113.5,0.721,1,13.608,3.267,1,0,6.48,85.64,170.51,7.91,100.0,30.69,0.605,-5.49,0.058,758.5,94.4,1.875,0,MODERATE
8.86,21.8,-0.374,3,0.324,2.171,1,3,7.46,58.73,183.51,4.75,100.0,40.08,0.405,-1.42,0.275,24.6,633.5,2.914,0,LOW
12.1,247.26,0.102,4,6.045,0.454,1,1,5.5,72.84,196.76,11.45,100.0,35.42,0.594,-2.4,0.065,301.1,309.3,1.492,0,MODERATE
38.05,204.42,0.962,3,1.665,2.671,1,0,7.44,82.03,251.99,15.83,100.0,45.36,0.878,-3.95,0.072,293.1,153.2,0.431,1,CRITICAL
28.9,125.79,0.023,3,0.545,2.434,1,1,8.16,157.51,421.28,31.49,100.0,75.83,0.98,-6.69,0.134,36.0,188.4,0.494,1,CRITICAL
24.55,253.87,0.022,5,2.379,1.488,3,0,9.21,65.54,190.16,10.47,100.0,34.23,0.529,-1.59,0.131,405.7,647.0,0.696,1,CRITICAL
15.74,193.45,0.276,2,0.26,0.146,1,2,4.76,20.95,95.41,4.28,74.1,12.72,0.26,-0.83,0.137,88.5,211.2,2.961,0,LOW
23.72,168.93,0.014,1,2.584,0.923,2,1,6.12,5.63,56.21,1.13,64.0,6.48,0.335,1.79,0.113,330.0,224.6,2.252,0,LOW
39.79,184.08,-0.598,4,0.068,1.763,2,0,8.79,36.78,88.26,6.54,79.07,16.98,0.594,-8.21,0.173,80.5,326.5,0.556,1,CRITICAL
14.51,229.09,0.396,4,4.565,0.92,2,0,4.24,80.43,241.72,10.52,100.0,43.51,0.525,-7.17,0.134,139.4,27.9,0.991,0,HIGH
21.73,237.6,-0.701,5,2.343,2.468,2,0,7.73,21.52,67.48,4.21,70.51,11.15,0.339,0.71,0.069,112.0,573.8,1.313,0,MODERATE
52.35,104.02,-0.146,4,2.15,3.021,3,0,7.56,8.32,44.39,1.12,62.82,6.02,0.507,-0.18,0.059,259.3,42.5,0.532,1,CRITICAL
32.2,50.67,0.423,4,0.764,3.61,3,1,2.5,434.11,1003.24,59.24,100.0,95.0,0.98,-7.55,0.051,272.5,978.4,0.22,1,CRITICAL
15.87,56.39,-0.125,4,1.569,2.753,1,2,6.41,35.28,146.74,6.17,93.5,28.93,0.439,-4.14,0.051,206.4,351.1,1.297,1,HIGH
30.85,230.18,-0.243,1,0.703,2.925,2,0,8.23,15.84,54.59,3.33,67.28,8.51,0.412,-2.49,0.059,45.2,1277.8,1.637,0,LOW
7.8,314.23,0.308,4,4.653,2.595,0,0,7.03,11.69,55.64,1.75,65.47,6.56,0.232,-4.63,0.096,290.3,231.7,4.079,0,LOW
21.25,147.42,-0.298,2,0.777,4.14,0,1,6.46,129.1,271.69,13.53,100.0,64.4,0.923,-9.62,0.05,76.5,1844.2,0.681,1,CRITICAL
30.83,61.03,-0.428,2,3.357,1.17,2,2,7.84,111.32,277.59,11.13,100.0,63.32,0.907,-3.08,0.089,156.3,423.5,0.523,1,CRITICAL
27.25,272.38,0.096,3,1.148,1.192,3,2,9.68,61.76,174.63,7.55,100.0,31.43,0.718,1.1,0.17,1174.9,59.3,0.997,1,HIGH
30.68,299.7,-0.064,2,3.745,0.618,2,3,8.68,51.5,189.53,7.42,100.0,34.12,0.673,-2.65,0.211,522.9,372.2,0.727,1,CRITICAL
34.26,317.01,-0.435,2,2.721,2.091,2,1,5.84,196.62,347.4,23.92,100.0,86.13,0.98,-6.92,0.174,90.1,24.2,0.494,1,CRITICAL
28.39,218.46,0.223,2,1.927,0.494,0,0,4.29,16.84,105.69,3.03,76.54,14.56,0.428,-4.34,0.067,69.0,261.0,1.517,0,LOW
27.96,309.86,0.163,2,3.912,1.208,2,0,8.64,34.89,109.95,5.44,85.74,16.97,0.481,0.89,0.071,234.9,503.2,1.426,0,LOW
24.86,5.55,-0.126,1,1.881,2.079,1,0,4.91,1.62,35.34,0.22,55.14,3.7,0.245,-1.03,0.072,25.5,65.2,2.3,0,LOW
11.24,38.6,-0.102,3,6.029,4.026,2,2,6.34,35.25,164.12,3.87,98.93,33.46,0.316,-1.6,0.081,183.1,80.7,2.665,0,LOW
38.04,33.33,0.165,4,4.577,4.052,0,2,7.94,31.52,67.09,5.19,70.76,8.55,0.613,-5.44,0.106,170.0,646.5,0.729,0,HIGH
21.68,256.54,0.417,5,2.723,3.149,2,0,10.02,194.07,511.08,33.84,100.0,91.99,0.98,-7.37,0.141,1436.3,143.0,0.267,1,CRITICAL
31.79,25.05,-0.099,4,7.336,1.696,3,2,10.33,28.83,77.21,5.47,78.3,10.88,0.489,0.06,0.17,9.0,866.6,0.851,1,HIGH
36.03,178.69,0.229,3,6.178,3.647,3,3,7.63,117.03,335.78,25.6,100.0,60.44,0.904,-4.86,0.202,584.7,428.7,0.439,1,CRITICAL
16.34,170.17,0.198,4,2.656,3.689,3,3,6.38,94.57,284.82,10.63,100.0,51.27,0.699,-4.72,0.213,762.1,356.1,0.661,0,HIGH
17.18,111.85,0.308,2,0.248,3.832,1,0,4.86,10.36,88.63,0.85,72.11,11.5,0.236,4.87,0.16,292.0,226.1,2.773,0,LOW
18.53,313.35,0.014,1,2.921,2.724,3,0,11.81,213.8,472.11,32.08,100.0,84.98,0.98,-5.3,0.168,217.6,1436.3,0.848,1,CRITICAL
41.78,61.36,-0.319,4,1.536,0.927,3,0,6.86,64.8,231.24,13.57,100.0,49.4,0.746,-2.93,0.281,43.5,440.7,0.2,1,CRITICAL
12.79,126.89,-0.162,4,2.719,0.473,3,1,8.99,59.0,167.03,6.77,100.0,37.14,0.457,-2.72,0.078,321.7,36.6,1.349,0,MODERATE
45.52,278.7,0.12,4,3.646,3.851,3,1,7.93,0.77,59.7,0.14,68.38,7.35,0.42,-2.91,0.07,382.0,236.1,0.602,1,CRITICAL
24.71,10.95,0.636,4,3.623,0.328,3,3,6.41,78.09,186.07,9.74,100.0,33.49,0.695,-2.94,0.268,327.8,59.0,0.672,1,CRITICAL
25.66,242.26,-0.169,2,3.918,1.313,1,0,6.32,3.72,57.65,0.5,64.82,7.17,0.326,3.58,0.057,23.3,597.0,1.994,0,LOW
35.2,293.9,0.282,5,3.98,2.097,0,2,4.46,13.33,53.09,2.83,60.01,5.73,0.421,-0.43,0.153,432.2,129.5,0.848,1,CRITICAL
23.21,335.62,-0.115,4,0.405,0.19,2,2,9.97,6.75,44.84,0.98,67.29,6.24,0.303,-5.32,0.102,72.6,7.4,1.331,0,MODERATE
38.26,315.47,0.039,4,0.745,3.818,2,0,7.23,30.88,121.55,5.61,86.92,19.02,0.536,-2.91,0.149,85.2,2325.9,0.545,1,CRITICAL
16.33,114.98,0.53,4,3.485,1.277,1,0,10.65,103.23,219.92,16.21,100.0,39.59,0.638,-3.0,0.064,139.1,287.5,0.962,1,HIGH
44.76,211.09,0.268,2,1.836,0.217,2,2,6.51,79.88,210.13,14.93,100.0,37.82,0.856,-6.56,0.1,303.7,16.0,0.46,1,CRITICAL
17.07,27.83,-0.434,1,5.037,4.174,0,2,6.84,7.33,66.16,0.91,68.49,9.04,0.195,-2.52,0.084,233.4,273.0,2.99,0,LOW
45.65,92.83,-0.2,2,0.467,1.377,0,3,5.01,104.12,280.37,21.11,100.0,62.96,0.941,-5.68,0.251,340.9,143.5,0.46,1,CRITICAL
17.33,33.92,0.44,1,0.744,3.695,1,2,6.81,40.15,115.65,6.3,84.27,17.54,0.455,-2.99,0.115,300.9,582.9,2.404,0,LOW
18.84,113.47,0.05,2,2.861,1.959,0,2,4.77,2.16,78.41,0.27,68.68,9.69,0.25,-1.07,0.142,338.0,3.5,2.617,0,LOW
11.86,315.07,-0.402,3,2.431,2.819,2,2,8.39,16.47,50.98,1.41,66.41,8.07,0.354,0.22,0.211,99.0,66.3,4.244,0,LOW
13.91,124.98,-0.287,5,1.084,1.088,3,0,7.74,99.97,178.45,8.18,100.0,44.12,0.671,-6.08,0.071,323.3,196.5,1.095,1,HIGH
21.74,202.28,0.246,5,1.837,2.162,2,2,10.74,85.91,227.54,11.12,100.0,40.96,0.683,-3.13,0.095,445.5,227.4,0.689,0,HIGH
25.21,156.02,0.348,4,0.125,1.156,2,3,4.29,13.56,83.82,1.49,69.55,10.49,0.378,-2.29,0.21,15.9,301.1,1.136,0,MODERATE
36.83,165.21,0.006,1,0.132,3.999,0,1,10.18,2.52,25.85,0.22,61.59,2.87,0.405,-1.8,0.083,794.1,196.1,1.545,0,LOW
19.61,349.05,0.866,2,0.349,0.35,2,1,5.35,22.74,92.21,3.58,74.13,12.3,0.423,-3.7,0.088,13.8,228.9,2.373,0,LOW
10.92,106.62,0.288,4,3.01,1.226,3,1,8.26,102.99,219.31,22.5,100.0,39.48,0.734,-3.38,0.097,393.4,298.4,1.514,0,MODERATE
27.28,225.84,-0.085,1,6.976,3.762,2,3,4.98,181.15,392.81,25.2,100.0,70.71,0.98,-3.59,0.409,290.2,1212.0,0.627,1,CRITICAL
24.31,151.22,-0.285,4,1.055,2.068,1,0,7.95,55.3,117.76,8.7,86.99,25.07,0.49,-5.79,0.243,107.1,336.8,0.873,1,HIGH
28.88,22.01,-0.341,5,0.121,2.56,3,2,2.5,6.21,28.24,0.69,48.54,3.21,0.401,3.0,0.056,182.0,253.2,1.118,1,HIGH
15.13,176.16,0.117,3,4.316,2.772,3,2,6.02,45.33,155.54,4.93,95.62,26.77,0.399,0.25,0.093,700.2,22.1,2.26,0,LOW
16.19,292.8,-0.171,4,6.767,0.391,1,2,7.73,436.69,1079.06,55.01,100.0,95.0,0.98,-13.87,0.081,538.0,73.0,0.371,1,CRITICAL
15.14,35.55,0.586,1,0.52,0.173,1,2,11.36,181.45,499.52,35.73,100.0,89.91,0.98,-1.21,0.086,127.4,636.9,1.014,1,CRITICAL
40.52,25.05,0.513,4,1.706,3.945,1,3,2.82,324.51,723.85,69.6,100.0,95.0,0.98,-3.9,0.311,137.6,1432.3,0.201,1,CRITICAL
44.99,55.31,0.222,1,0.605,1.213,0,0,7.49,78.13,208.8,14.34,100.0,37.58,0.909,-4.02,0.068,67.8,217.7,0.511,1,CRITICAL
15.79,275.18,-0.413,2,0.394,1.659,3,0,6.36,36.09,133.96,2.99,89.31,25.87,0.323,-1.41,0.163,153.5,1471.4,2.21,0,LOW
15.97,260.64,-0.235,4,3.656,2.897,3,1,3.28,145.35,336.15,20.55,100.0,77.95,0.98,-3.88,0.249,298.2,179.0,0.376,1,CRITICAL
31.02,203.41,0.439,4,11.997,1.069,2,0,5.03,146.61,336.52,20.36,100.0,60.57,0.98,-7.58,0.145,168.3,1367.5,0.225,1,CRITICAL
47.57,168.56,-0.197,4,3.968,3.106,2,1,6.46,10.13,97.28,2.14,77.77,14.83,0.54,1.16,0.092,361.4,423.0,0.449,1,CRITICAL
52.91,319.8,0.393,3,14.656,1.979,2,0,8.53,97.07,263.38,17.9,100.0,47.41,0.98,-7.84,0.055,460.6,13.1,0.435,1,CRITICAL
15.38,276.01,0.166,4,1.995,3.612,1,2,7.69,163.61,423.81,29.45,100.0,76.29,0.98,-3.75,0.059,108.0,36.6,0.389,1,CRITICAL
17.68,292.3,0.018,4,7.985,1.242,2,1,4.61,148.71,423.47,23.66,100.0,76.23,0.98,-0.25,0.15,301.0,1755.1,0.343,1,CRITICAL
25.92,292.77,-0.246,5,0.803,0.936,3,2,3.47,79.76,241.61,13.59,100.0,53.06,0.636,-7.02,0.06,219.6,163.9,0.339,1,CRITICAL
26.6,231.38,-0.033,5,0.439,3.51,3,0,8.42,50.1,152.06,8.91,98.81,27.05,0.41,-2.93,0.093,30.5,6.3,0.74,1,CRITICAL
20.03,164.89,0.066,4,4.243,1.438,0,0,7.07,97.46,315.7,15.34,100.0,56.83,0.752,-0.3,0.214,95.8,36.6,0.376,1,CRITICAL
13.64,311.28,0.361,4,1.625,1.789,2,0,11.05,47.19,175.36,9.36,100.0,31.56,0.408,-1.14,0.111,36.6,339.6,1.426,0,LOW
21.76,333.36,-0.31,3,1.338,3.354,1,0,6.72,25.19,86.58,2.14,74.81,14.68,0.354,0.38,0.083,455.8,116.8,2.017,0,LOW
52.88,8.57,-0.092,1,3.894,2.706,2,0,10.02,19.48,89.12,4.13,81.55,13.08,0.542,-3.31,0.071,336.9,631.3,0.736,1,CRITICAL
16.32,18.56,0.016,2,1.42,1.911,2,0,8.7,50.57,184.32,9.52,100.0,33.18,0.544,-4.56,0.112,454.9,970.8,1.714,0,LOW
25.07,345.15,0.232,4,2.975,1.125,1,2,9.31,39.57,150.38,6.1,99.88,27.04,0.589,-2.49,0.083,287.2,202.7,0.776,1,CRITICAL
68.0,99.78,-0.318,4,1.246,3.233,2,0,8.45,48.32,165.05,9.69,100.0,35.51,0.883,-1.5,0.305,204.7,535.4,0.286,1,CRITICAL
16.19,314.41,-0.461,4,5.36,0.84,2,1,8.5,19.63,95.65,3.85,80.91,16.29,0.32,-0.09,0.051,180.7,580.9,1.637,0,LOW
31.79,139.97,0.236,3,1.311,3.906,1,0,2.5,58.05,147.93,8.05,86.84,23.12,0.666,-1.25,0.282,114.7,288.6,1.06,1,HIGH
54.05,42.88,-0.531,1,2.68,0.716,3,3,6.98,70.52,173.08,13.93,100.0,39.62,0.903,-0.16,0.219,583.9,135.3,0.538,1,CRITICAL
30.37,28.96,0.45,2,0.082,3.4,0,0,6.04,106.88,214.4,11.37,100.0,38.59,0.851,-3.05,0.118,175.7,638.2,0.611,1,CRITICAL
39.04,56.34,-0.055,3,5.491,1.839,0,1,10.3,57.95,180.37,8.44,100.0,32.47,0.763,-4.98,0.074,67.5,23.5,0.528,0,HIGH
34.04,89.96,-0.542,3,3.39,0.863,0,1,5.3,91.71,211.63,10.32,100.0,49.1,0.887,-6.42,0.186,384.8,38.8,0.451,1,CRITICAL
29.11,175.87,-0.168,5,0.747,1.75,0,2,6.88,12.06,40.73,1.18,60.42,5.88,0.43,0.45,0.146,115.3,56.0,1.047,0,HIGH
44.23,252.54,0.133,1,0.849,1.008,2,1,9.26,8.39,60.54,1.72,71.05,7.74,0.585,1.15,0.071,70.8,172.3,1.121,1,HIGH
31.27,355.1,-0.186,3,1.066,0.658,2,1,8.16,12.87,99.65,1.69,81.58,16.18,0.453,3.47,0.117,438.4,159.4,1.282,0,MODERATE
20.15,158.94,0.007,3,3.007,1.081,1,2,7.87,121.71,226.64,21.4,100.0,40.8,0.837,2.42,0.241,166.1,172.1,1.132,1,HIGH
24.04,186.55,0.259,5,2.782,3.656,1,2,9.94,52.8,202.25,7.0,100.0,36.41,0.56,0.18,0.07,63.5,46.1,0.678,1,CRITICAL
27.08,187.85,-0.071,5,1.12,0.534,0,0,8.07,39.49,106.5,6.17,83.61,16.03,0.561,-1.07,0.184,312.5,245.8,0.927,0,HIGH
17.62,194.2,-0.328,3,4.145,4.087,2,1,6.3,93.35,275.3,12.02,100.0,60.76,0.655,-4.12,0.176,475.4,297.2,0.725,1,CRITICAL
24.63,186.39,-0.105,5,7.695,0.12,2,3,4.65,8.61,75.9,1.58,67.65,10.28,0.326,-3.56,0.239,143.0,962.0,1.165,1,HIGH
22.75,3.16,0.495,3,0.156,2.799,1,1,8.57,0.4,61.44,0.08,70.09,7.75,0.205,-1.04,0.053,74.2,1191.4,2.166,0,LOW
31.22,0.62,0.59,2,1.89,3.612,1,1,5.81,24.21,120.55,3.4,84.03,18.23,0.571,-1.95,0.065,6.9,182.2,1.225,1,HIGH
61.51,35.16,-0.707,3,3.151,3.929,0,0,6.97,18.6,126.54,3.73,88.04,22.29,0.705,3.19,0.101,567.4,1465.7,0.552,1,CRITICAL
25.42,36.56,0.382,2,3.09,0.69,0,2,9.87,23.87,88.9,3.1,81.22,13.0,0.453,-0.21,0.101,166.3,290.4,1.741,0,LOW
48.19,253.76,0.088,4,0.069,2.963,0,0,7.01,236.16,396.79,44.1,100.0,71.42,0.98,-6.5,0.059,613.2,826.2,0.2,1,CRITICAL
30.63,73.77,0.323,5,0.828,0.54,2,0,6.52,54.52,131.84,9.32,88.93,21.11,0.673,-4.49,0.077,341.4,2.9,0.715,1,CRITICAL
24.57,322.1,-0.193,4,0.223,1.546,1,1,6.88,57.81,154.34,8.32,96.78,33.82,0.601,-1.02,0.088,191.0,38.7,0.679,1,CRITICAL
17.06,334.3,-0.619,2,2.945,3.101,0,1,6.94,69.3,161.2,14.17,99.08,37.07,0.493,-2.24,0.186,336.0,248.8,1.464,0,MODERATE
24.67,351.32,0.205,2,3.629,1.518,2,3,5.32,32.96,136.29,5.28,88.19,21.63,0.485,-2.99,0.383,104.4,226.5,1.478,0,LOW
23.86,338.07,-0.329,1,0.609,1.385,2,0,11.19,251.04,466.83,49.61,100.0,95.0,0.98,-7.94,0.124,61.5,279.5,0.691,1,CRITICAL
14.54,97.88,-0.486,2,1.417,0.576,1,1,6.29,235.41,467.46,43.0,100.0,95.0,0.98,-4.54,0.076,45.7,138.3,0.946,1,CRITICAL
15.91,183.52,-0.461,1,1.401,0.372,0,0,9.23,95.32,230.29,14.73,100.0,52.89,0.741,-4.12,0.143,697.5,385.4,0.969,1,HIGH
27.21,63.16,0.21,3,5.998,0.573,2,2,5.26,15.46,54.0,1.94,61.75,6.0,0.405,-2.32,0.282,381.8,604.7,1.881,0,LOW
47.95,290.24,0.049,4,0.758,3.689,2,1,8.71,137.92,313.1,29.4,100.0,56.36,0.98,-5.17,0.059,770.2,65.2,0.2,1,CRITICAL
21.36,319.84,0.274,4,2.782,0.146,1,2,7.87,6.91,72.39,0.61,72.34,9.43,0.319,5.75,0.076,404.0,356.1,1.376,1,HIGH
8.58,306.46,0.234,1,5.346,2.941,1,1,7.56,64.61,126.92,13.26,89.21,20.38,0.534,-2.1,0.113,136.7,121.5,4.621,0,MODERATE
4.51,156.01,-0.147,2,6.193,3.251,0,2,7.88,39.72,152.76,5.99,98.08,31.73,0.325,-4.05,0.083,778.2,978.9,6.852,0,LOW
11.72,273.12,-0.025,2,3.844,2.428,2,1,8.42,2.6,76.67,0.48,74.68,10.31,0.233,-7.68,0.21,248.3,1076.3,4.15,0,LOW
32.21,35.13,-0.179,1,1.246,3.096,2,1,7.0,152.26,375.88,19.3,100.0,85.93,0.98,-8.35,0.074,765.9,559.1,0.567,1,CRITICAL
9.74,14.49,-0.074,3,6.062,2.774,0,1,7.11,211.03,584.82,28.23,100.0,95.0,0.98,-6.15,0.222,66.6,82.1,1.254,1,CRITICAL
34.91,271.17,-0.339,2,4.744,1.968,1,1,8.77,154.66,359.74,16.5,100.0,83.31,0.98,-0.06,0.193,130.5,1366.8,0.49,1,CRITICAL
31.29,153.13,0.137,4,4.266,1.669,3,2,4.99,13.9,60.21,2.97,63.24,6.85,0.392,4.24,0.065,131.6,605.4,0.958,0,HIGH
20.95,358.4,0.376,5,0.244,3.959,2,1,4.65,26.32,131.36,2.27,85.4,20.19,0.363,-2.32,0.058,5.0,48.7,1.157,1,HIGH
14.62,35.01,-0.286,3,0.155,4.085,1,3,7.89,202.64,496.07,27.19,100.0,95.0,0.98,-4.34,0.29,329.7,391.2,0.856,0,HIGH
19.3,308.03,0.448,4,4.16,2.77,2,0,3.08,7.31,43.85,0.93,54.57,4.31,0.352,-1.76,0.091,639.1,433.4,1.696,0,LOW
26.85,172.79,0.04,1,10.138,0.909,1,0,3.8,56.9,177.18,11.03,98.53,31.42,0.673,-1.2,0.071,700.6,403.6,0.933,1,HIGH
9.95,297.77,0.084,5,5.201,1.936,2,1,11.47,43.2,198.78,6.49,100.0,35.78,0.419,-2.67,0.247,446.5,344.7,1.896,0,LOW
45.45,294.17,-0.595,2,6.232,2.136,2,0,10.91,10.71,50.47,1.11,70.79,7.72,0.493,-2.81,0.057,82.2,32.5,1.054,0,MODERATE
26.72,329.76,-0.633,2,2.756,3.208,3,1,6.24,141.48,407.84,21.4,100.0,90.39,0.98,-5.67,0.192,136.1,98.3,0.573,1,CRITICAL
28.36,107.23,0.05,1,1.271,2.838,2,0,9.7,9.36,52.89,1.06,69.38,6.61,0.373,0.39,0.116,112.6,1212.0,1.84,0,LOW
31.18,341.93,0.276,2,3.963,2.211,1,3,9.77,58.38,233.2,4.81,100.0,41.98,0.609,0.89,0.21,167.1,664.3,0.519,1,CRITICAL
43.19,54.6,-0.235,3,4.356,2.889,2,2,8.54,24.89,67.08,3.89,71.83,11.66,0.621,-2.82,0.088,170.4,375.6,0.989,0,HIGH
24.71,29.51,0.585,5,3.938,0.199,3,1,7.33,35.18,122.37,4.59,87.35,19.24,0.467,-0.09,0.111,619.3,395.7,0.969,0,HIGH
32.22,155.38,0.257,4,10.262,3.284,2,2,8.88,15.43,53.33,1.75,68.05,6.53,0.539,-1.12,0.065,31.0,159.8,0.923,1,HIGH
14.76,298.2,-0.318,3,1.601,0.968,0,0,9.26,63.7,160.36,6.63,100.0,36.51,0.494,-3.43,0.061,396.5,175.7,1.841,0,MODERATE
53.02,170.43,0.011,3,0.142,2.791,3,3,8.91,291.26,597.81,41.8,100.0,95.0,0.98,-5.33,0.225,239.2,62.5,0.435,1,CRITICAL
23.8,298.54,0.867,4,8.368,0.567,0,1,4.09,116.55,338.86,23.51,100.0,60.99,0.95,-0.16,0.116,325.9,1187.6,0.269,1,CRITICAL
14.72,262.69,-0.435,4,0.612,0.569,0,0,11.97,74.72,206.97,13.91,100.0,46.22,0.616,-4.75,0.168,627.0,480.3,0.898,1,HIGH
17.06,75.39,0.185,4,4.183,0.246,1,2,12.79,91.79,233.12,7.4,100.0,41.96,0.681,-3.84,0.311,793.3,140.9,0.855,1,HIGH
5.98,341.6,-0.113,3,7.228,3.832,1,1,3.3,118.83,310.95,21.67,100.0,70.23,0.696,0.09,0.063,5.0,561.3,2.019,0,MODERATE
17.0,21.88,0.247,4,1.299,2.579,2,2,8.62,41.58,104.91,3.75,84.09,15.88,0.387,-2.14,0.051,538.5,861.5,1.555,0,LOW
3.61,323.38,0.444,4,6.21,1.584,1,3,12.0,54.41,184.42,8.53,100.0,33.2,0.336,-4.27,0.521,56.1,543.2,5.425,0,LOW
33.47,109.6,-0.135,1,1.412,3.33,0,3,9.71,146.8,445.83,27.77,100.0,95.0,0.98,-3.71,0.212,47.3,147.1,0.555,1,CRITICAL
27.9,180.05,0.392,2,5.534,2.667,2,3,9.73,77.39,175.94,11.1,100.0,31.67,0.749,-2.73,0.312,670.6,110.7,0.917,1,HIGH
12.17,152.05,0.777,4,0.253,2.642,2,1,4.34,9.5,69.6,1.26,65.08,8.15,0.271,1.25,0.169,793.1,51.0,2.546,0,LOW
21.58,61.86,0.023,5,3.727,2.097,3,2,9.24,98.28,329.83,20.79,100.0,59.37,0.709,-3.27,0.057,141.1,231.4,0.351,1,CRITICAL
22.12,128.93,0.275,3,3.957,0.132,1,0,8.03,1.49,30.84,0.13,59.32,3.29,0.27,-1.26,0.183,17.7,1170.5,2.433,0,LOW
10.64,69.46,-0.207,5,2.367,1.16,0,2,9.22,122.25,399.0,11.59,100.0,86.49,0.813,-3.77,0.073,470.9,100.1,0.505,1,CRITICAL
19.53,73.4,0.007,2,4.066,0.547,2,1,5.22,100.92,301.62,20.37,100.0,54.29,0.824,-2.8,0.176,524.2,294.7,0.73,1,CRITICAL
22.5,67.34,-0.062,3,8.982,2.816,0,1,5.14,115.46,268.98,23.56,100.0,48.42,0.875,0.28,0.081,65.9,4.5,0.735,1,CRITICAL
19.23,176.05,0.279,3,4.633,1.119,0,3,7.19,1.55,31.79,0.21,58.11,3.33,0.268,0.58,0.311,1136.4,835.7,2.813,0,LOW
14.71,287.26,0.422,5,11.381,1.946,2,2,6.67,233.46,415.28,36.33,100.0,74.75,0.98,-8.48,0.197,430.8,437.0,0.373,1,CRITICAL
11.88,204.83,-0.038,2,2.084,1.549,1,3,7.15,61.9,117.49,6.38,85.47,18.08,0.55,-1.73,0.2,165.8,173.9,3.504,0,MODERATE
18.85,321.55,0.537,3,2.63,0.687,2,1,6.45,104.63,223.82,21.32,100.0,40.29,0.76,-2.43,0.109,169.0,61.6,1.251,0,MODERATE
15.79,229.16,0.536,2,1.072,4.029,2,0,7.06,54.34,168.85,7.92,100.0,30.39,0.427,-1.35,0.083,116.2,447.6,1.912,0,LOW
30.09,248.16,0.296,3,14.842,3.927,1,3,6.03,26.98,92.2,4.29,75.37,12.51,0.431,-5.44,0.349,380.5,346.0,1.464,0,LOW
44.57,240.34,-0.181,5,0.199,0.447,0,1,7.39,22.83,99.01,2.2,79.99,17.0,0.605,-1.29,0.103,270.1,1850.2,0.467,1,CRITICAL
35.79,161.81,-0.214,2,1.554,3.492,1,3,4.37,4.71,53.14,0.78,59.87,6.29,0.446,-2.71,0.239,424.4,285.1,1.449,0,LOW
22.92,248.16,-0.284,4,1.237,2.102,0,2,8.63,50.83,119.57,9.02,88.8,25.21,0.403,-5.96,0.063,215.5,77.5,0.93,1,HIGH
15.05,25.09,0.332,5,1.71,3.272,3,3,8.07,10.08,38.74,1.22,61.93,4.32,0.266,1.62,0.227,15.0,846.1,2.139,0,LOW
35.29,309.55,-0.424,1,8.742,0.72,2,2,4.72,54.48,129.31,11.19,84.88,26.29,0.59,-3.0,0.46,584.0,1012.5,0.813,1,CRITICAL
31.06,280.01,0.237,4,1.606,0.642,2,2,10.42,63.74,197.47,6.92,100.0,35.55,0.687,-3.14,0.205,168.7,48.9,0.444,1,CRITICAL
42.96,88.28,-0.378,2,8.71,3.752,0,0,5.68,37.93,132.73,7.8,87.7,25.5,0.663,0.25,0.079,364.5,789.3,0.607,0,HIGH
24.72,276.49,0.288,2,1.927,3.781,0,3,10.12,11.05,92.71,1.97,82.88,13.83,0.299,1.14,0.277,81.1,136.3,1.758,0,LOW
51.58,4.55,0.006,4,6.753,2.01,3,0,8.22,36.85,91.62,7.23,79.12,13.05,0.697,-2.56,0.543,83.3,347.8,0.413,1,CRITICAL
24.72,78.21,0.467,4,2.582,3.668,3,0,9.7,137.1,230.25,24.39,100.0,41.45,0.98,-3.87,0.143,127.4,404.7,0.526,1,CRITICAL
15.0,23.45,0.4,3,1.306,2.837,0,1,7.89,39.82,133.26,5.57,91.84,22.03,0.47,-4.52,0.083,118.0,1014.3,2.523,0,LOW
16.67,280.88,0.502,1,2.088,0.859,3,2,8.75,27.28,117.49,3.45,88.34,18.68,0.327,-4.1,0.053,91.7,77.3,2.414,0,LOW
29.34,272.11,0.511,5,1.933,1.449,1,2,9.68,64.58,132.43,11.8,94.8,22.6,0.712,0.75,0.178,108.3,9.0,0.723,1,CRITICAL
15.76,292.91,0.05,4,1.053,0.658,1,1,11.7,62.7,187.4,7.63,100.0,33.73,0.552,-2.34,0.077,42.1,408.7,1.159,1,HIGH
51.4,1.61,-0.406,2,1.197,3.273,0,2,9.86,6.17,64.72,0.55,73.47,9.3,0.517,1.1,0.062,5.0,447.0,0.875,0,HIGH
28.06,180.44,-0.368,3,0.722,4.14,2,2,8.49,17.54,49.8,2.01,66.21,8.04,0.408,-1.96,0.06,1048.2,1512.8,1.745,0,LOW
22.64,253.74,-0.73,1,1.433,2.34,2,2,4.53,44.33,128.29,8.23,84.21,24.77,0.543,-1.04,0.059,21.7,47.4,1.523,0,LOW
23.7,55.94,-0.379,2,3.427,2.789,3,1,2.5,29.65,107.69,5.67,73.96,17.9,0.477,-6.15,0.06,122.4,235.7,1.754,0,LOW
19.11,233.92,0.024,3,1.71,3.159,1,2,7.21,25.06,107.79,2.98,82.48,16.0,0.424,0.45,0.108,505.1,558.8,2.221,0,LOW
7.2,30.28,-0.196,3,4.361,1.019,2,3,5.93,38.35,165.12,4.83,98.51,33.88,0.316,-2.04,0.315,5.0,365.4,4.196,0,LOW
16.68,65.28,-0.063,2,15.194,1.478,0,3,6.01,22.29,98.03,3.5,77.19,13.62,0.356,-2.82,0.379,423.8,1385.6,2.726,0,LOW
48.12,171.29,0.172,4,1.657,1.791,0,0,7.32,27.75,65.13,3.24,69.02,8.09,0.612,-0.18,0.143,152.4,41.8,0.549,1,CRITICAL
25.08,235.28,-0.106,2,2.174,2.538,0,0,8.96,96.56,224.4,15.92,100.0,51.98,0.794,-0.65,0.058,67.3,71.1,0.599,1,CRITICAL
37.94,52.51,-0.393,3,0.627,3.587,3,0,6.13,46.4,123.51,5.54,85.56,24.59,0.61,-3.14,0.285,45.7,428.5,0.8,1,CRITICAL
38.5,66.68,-0.019,2,1.743,1.142,2,1,9.47,134.06,310.51,12.99,100.0,55.89,0.98,-6.87,0.05,504.4,446.0,0.472,1,CRITICAL
21.69,73.6,-0.314,3,4.542,2.031,0,1,7.57,192.88,406.13,19.61,100.0,95.0,0.98,-0.89,0.162,94.8,281.9,0.609,1,CRITICAL
31.33,85.93,-0.095,2,0.858,3.181,1,1,7.58,165.88,377.67,19.09,100.0,67.98,0.98,-5.06,0.373,180.3,606.5,0.518,1,CRITICAL
7.76,81.56,0.47,4,0.703,0.458,2,2,11.62,19.02,109.09,1.97,90.83,17.84,0.279,-6.38,0.23,124.1,183.3,3.351,0,LOW
46.12,142.25,-0.095,3,1.653,2.203,1,1,7.89,41.62,127.22,9.01,89.92,20.59,0.732,-3.09,0.151,566.2,144.0,0.644,1,CRITICAL
44.19,235.36,0.62,1,5.976,0.692,3,0,7.38,49.78,190.14,8.57,100.0,34.23,0.705,-1.07,0.11,43.4,93.6,0.511,1,CRITICAL
28.91,157.69,0.501,1,3.42,2.311,3,1,8.65,124.27,334.89,13.06,100.0,60.28,0.937,-3.89,0.663,1153.5,419.8,0.604,1,CRITICAL
25.57,279.35,-0.203,3,11.06,3.248,2,0,11.45,53.22,150.65,7.42,100.0,33.5,0.615,-2.59,0.129,5.4,734.3,1.026,0,HIGH
21.85,258.94,-0.389,2,8.222,1.071,2,2,7.4,18.94,100.01,2.23,80.32,16.73,0.457,-2.46,0.192,62.2,13.7,1.921,0,LOW
40.22,45.55,-0.018,3,0.574,3.583,2,1,8.47,51.55,172.29,9.06,100.0,31.01,0.751,-3.28,0.066,179.5,78.8,0.527,1,CRITICAL
33.24,17.58,0.404,3,0.152,1.473,1,2,7.26,2.94,24.47,0.59,55.9,2.46,0.331,-4.45,0.132,53.7,861.9,1.634,0,LOW
3.0,316.06,-0.172,4,1.783,0.882,1,1,7.27,116.78,321.29,15.9,100.0,71.85,0.747,-6.78,0.051,80.1,10.0,1.901,0,MODERATE
17.95,28.74,0.318,5,2.584,2.008,0,2,6.42,54.26,99.71,7.6,78.47,14.08,0.511,-1.38,0.182,1221.4,20.4,1.524,1,HIGH
10.94,53.4,0.423,3,2.537,3.692,3,1,6.27,68.56,263.6,9.31,100.0,47.45,0.594,0.5,0.093,265.3,325.7,1.885,0,MODERATE
9.63,7.97,-0.271,4,0.504,0.383,2,0,11.23,14.58,110.46,2.08,90.56,19.76,0.342,-2.18,0.074,13.0,205.8,2.608,0,LOW
40.0,226.2,-0.237,4,0.467,1.443,0,2,6.28,53.09,128.38,4.51,87.39,26.56,0.567,1.2,0.074,181.0,661.0,0.402,1,CRITICAL
21.59,209.65,0.249,5,0.168,2.778,2,0,4.11,49.16,140.94,8.01,87.5,22.2,0.519,0.56,0.362,243.9,475.4,1.076,1,HIGH
28.66,355.29,0.053,2,6.66,1.566,1,1,7.78,62.83,131.38,13.4,91.04,21.53,0.621,-2.79,0.211,111.9,93.4,1.225,0,MODERATE
23.14,319.3,-0.24,4,10.331,0.39,3,2,9.74,122.2,313.19,23.21,100.0,71.04,0.861,-2.05,0.174,612.3,185.7,0.275,1,CRITICAL
9.72,147.9,-0.123,5,0.43,1.461,1,1,10.23,94.0,258.75,18.86,100.0,57.86,0.602,-1.86,0.106,464.9,40.8,1.092,0,MODERATE
7.88,133.77,-0.025,3,0.839,3.466,2,2,4.87,51.45,193.1,5.77,100.0,34.76,0.398,-3.49,0.091,144.8,44.6,3.732,0,LOW
17.25,106.87,-0.548,2,0.33,4.069,0,0,9.95,145.52,297.66,24.01,100.0,71.04,0.951,-9.5,0.122,396.4,1795.4,0.812,1,CRITICAL
18.1,54.87,0.268,5,7.349,0.263,2,0,12.03,28.85,141.69,5.91,100.0,25.5,0.372,-1.43,0.113,210.8,17.9,1.205,0,MODERATE
18.09,49.71,-0.168,4,11.155,2.434,1,0,5.99,44.09,146.31,3.95,92.61,29.68,0.364,-0.33,0.224,469.8,90.2,1.105,0,MODERATE
18.4,47.62,-0.974,3,1.062,0.532,0,0,7.12,68.13,151.79,13.82,96.38,34.51,0.594,-3.95,0.339,187.5,227.7,1.529,0,MODERATE
59.4,41.08,-0.008,4,1.266,2.89,2,1,4.79,37.78,108.07,3.36,78.21,15.21,0.817,3.06,0.264,33.1,402.9,0.285,1,CRITICAL
37.64,86.58,-0.26,2,1.577,0.132,2,1,11.58,29.15,104.18,6.34,89.18,20.22,0.519,0.8,0.167,104.0,1378.3,0.893,0,HIGH
25.28,110.4,0.591,2,2.443,0.16,3,2,4.22,7.75,72.02,0.71,65.64,8.51,0.259,-5.04,0.092,273.8,221.5,1.979,0,LOW
21.29,346.17,-0.205,3,4.015,3.285,2,2,6.62,65.67,140.06,8.64,91.74,31.01,0.603,-3.0,0.165,891.1,92.1,1.427,0,MODERATE
21.71,208.25,-0.384,3,2.457,0.405,2,2,9.23,13.91,100.67,1.22,83.82,16.86,0.396,-3.58,0.171,598.0,302.4,1.902,0,LOW
32.6,355.53,0.178,4,10.556,1.351,3,1,6.0,9.67,94.61,0.85,76.07,12.95,0.417,-2.31,0.065,512.1,664.2,0.798,1,CRITICAL
21.18,134.09,-0.231,3,0.368,4.028,3,0,5.32,13.07,94.33,2.63,74.77,14.26,0.298,0.17,0.187,221.5,135.2,2.091,0,LOW
35.65,164.75,-0.273,4,5.609,4.14,2,1,7.39,75.81,217.41,6.74,100.0,48.23,0.712,-3.35,0.245,57.9,83.4,0.21,1,CRITICAL
26.77,116.85,0.178,2,1.425,0.762,2,0,12.76,9.68,94.03,1.85,88.06,14.9,0.398,-2.82,0.161,5.1,565.4,1.551,0,LOW
59.68,65.84,-0.364,3,1.659,2.4,3,2,6.94,243.07,514.34,50.31,100.0,95.0,0.98,-5.83,0.141,121.4,330.9,0.48,1,CRITICAL
20.47,51.54,-0.51,2,4.318,2.393,2,2,7.04,92.37,227.62,19.48,100.0,52.06,0.7,-1.15,0.07,408.8,517.8,0.702,1,CRITICAL
39.03,340.23,0.604,3,9.276,1.955,2,1,5.05,32.42,135.55,6.52,87.46,21.34,0.544,0.03,0.131,80.7,204.4,0.833,1,CRITICAL
11.57,355.25,0.203,5,4.408,3.891,0,0,8.35,58.48,218.21,12.5,100.0,39.28,0.496,-0.83,0.13,96.6,756.5,1.502,0,LOW
15.27,16.17,-0.092,2,5.234,3.192,2,3,9.44,0.5,20.44,0.04,58.54,2.15,0.23,2.22,0.238,35.8,248.8,3.698,0,LOW
55.58,54.12,-0.001,4,4.863,3.235,1,0,6.17,120.99,377.65,26.56,100.0,67.98,0.98,-3.85,0.06,345.8,481.9,0.213,0,HIGH
34.87,152.47,0.177,2,1.355,1.205,0,3,8.68,20.56,122.89,1.7,89.95,19.9,0.434,-2.51,0.246,94.6,217.2,0.997,1,HIGH
28.93,67.08,0.341,1,4.95,1.881,3,2,6.18,4.85,38.2,0.5,58.36,4.01,0.304,-1.69,0.253,277.3,378.3,1.946,0,LOW
67.61,131.0,-0.265,1,5.372,2.098,2,1,3.33,92.26,195.24,8.43,100.0,46.21,0.98,-5.07,0.172,207.9,375.1,0.725,1,CRITICAL
21.46,46.47,0.128,4,2.668,1.326,1,0,8.51,25.99,86.52,4.79,78.0,12.15,0.416,-3.8,0.085,1375.9,719.3,1.299,0,MODERATE
38.99,164.34,-0.177,2,2.693,0.489,1,3,12.06,54.49,185.85,5.02,100.0,39.99,0.712,-0.44,0.217,818.9,46.6,0.47,1,CRITICAL
40.48,97.81,-0.066,4,4.991,0.618,0,2,4.87,120.78,348.04,14.61,100.0,62.65,0.98,-1.54,0.099,140.3,115.2,0.201,1,CRITICAL
49.37,126.69,0.056,4,5.945,0.841,0,0,7.89,97.23,273.97,16.46,100.0,49.31,0.939,-9.76,0.164,453.7,155.8,0.201,1,CRITICAL
10.73,33.95,-0.002,2,1.439,0.935,1,1,10.38,26.7,69.21,4.0,75.84,9.45,0.356,0.62,0.142,146.2,318.4,4.583,0,LOW
21.38,154.13,0.257,3,5.66,1.093,0,2,7.28,131.97,370.41,13.07,100.0,66.67,0.845,-4.87,0.222,88.0,1075.2,0.616,1,CRITICAL
26.52,353.97,0.17,3,5.891,1.147,1,0,4.36,32.01,124.26,4.9,82.61,18.48,0.49,-3.42,0.08,5.0,722.1,1.482,0,LOW
48.96,118.38,-0.528,5,0.934,1.968,3,0,7.6,45.06,151.54,5.75,97.17,31.91,0.641,-2.92,0.105,355.2,818.5,0.19,1,CRITICAL
28.31,315.51,-0.475,2,4.417,2.189,0,0,10.78,61.62,135.34,9.98,97.71,31.2,0.573,-5.59,0.074,92.1,189.9,0.923,1,HIGH
40.53,303.55,-0.129,2,0.723,1.366,0,0,6.39,4.79,81.99,0.74,72.73,11.31,0.486,-1.72,0.169,183.5,183.2,1.094,1,HIGH
10.12,342.74,0.64,3,0.342,3.82,3,0,8.01,59.1,183.79,12.92,100.0,33.08,0.484,2.41,0.094,50.6,537.1,2.989,0,LOW
18.66,284.44,-0.298,4,2.991,2.368,2,0,5.18,55.99,138.24,11.25,88.56,28.76,0.513,-6.19,0.095,18.9,879.8,1.099,1,HIGH
44.1,237.45,-0.073,4,8.376,3.329,0,0,7.28,134.39,407.79,10.82,100.0,73.4,0.98,-2.34,0.185,385.3,1434.1,0.199,1,CRITICAL
20.08,308.37,-0.188,5,0.126,3.889,0,0,8.35,28.37,68.73,2.97,72.03,12.32,0.421,0.67,0.155,97.1,202.8,1.402,0,LOW
22.36,27.23,-0.194,5,6.131,0.769,2,3,7.78,18.03,67.99,3.75,70.75,10.82,0.373,-0.11,0.251,82.4,445.4,1.278,1,HIGH
48.55,166.62,0.062,2,2.472,1.854,1,2,6.55,42.07,136.63,6.54,90.51,22.26,0.735,1.79,0.088,84.0,544.0,0.537,1,CRITICAL
13.2,356.13,0.49,3,6.904,1.876,2,1,8.47,75.57,215.69,14.08,100.0,38.82,0.497,-0.26,0.143,30.8,1049.4,1.964,0,MODERATE
15.12,277.06,0.16,4,6.491,1.553,1,2,8.97,53.64,161.37,8.07,100.0,29.05,0.52,-0.6,0.278,9.0,600.9,1.343,0,MODERATE
9.43,346.35,-0.281,5,7.286,0.137,3,0,9.12,9.67,37.47,1.84,63.4,5.44,0.197,1.2,0.094,57.7,249.2,3.387,0,LOW
49.56,280.67,0.964,2,5.127,3.445,2,3,6.86,27.79,110.63,2.74,82.74,16.48,0.65,0.72,0.203,451.2,657.7,0.692,1,CRITICAL
37.27,314.96,0.028,3,6.48,0.557,0,1,6.13,4.28,55.99,0.79,63.96,6.45,0.416,-2.16,0.219,1108.0,268.4,1.33,1,HIGH
36.78,254.35,-0.202,5,0.678,4.181,1,1,11.82,87.39,302.41,17.63,100.0,64.92,0.789,-1.37,0.065,202.5,2105.8,0.191,1,CRITICAL
18.36,273.78,0.494,3,1.268,3.269,2,3,7.8,139.43,278.5,16.34,100.0,50.13,0.923,-4.67,0.385,458.5,204.5,0.92,1,HIGH
8.97,188.34,-0.164,3,0.972,2.478,0,2,6.93,3.04,40.15,0.4,60.33,4.72,0.143,-4.6,0.192,82.5,34.3,5.946,0,LOW
7.34,332.73,0.582,5,4.748,0.734,0,1,4.25,48.45,166.72,7.88,96.0,28.81,0.375,2.42,0.136,322.6,557.5,2.976,0,LOW
44.27,297.01,-0.305,4,0.584,2.213,0,3,5.45,54.25,139.72,10.93,89.52,29.02,0.68,-3.67,0.35,620.7,159.7,0.286,1,CRITICAL
29.96,303.8,0.501,2,0.704,1.171,2,3,6.09,37.55,124.61,7.78,85.83,19.25,0.548,0.79,0.224,268.8,550.7,1.249,0,MODERATE
33.03,242.28,0.07,2,7.391,1.135,2,3,8.47,45.41,151.33,7.03,98.66,26.87,0.548,-0.77,0.355,338.3,35.5,0.842,1,CRITICAL
25.86,109.65,0.452,3,4.283,3.501,0,0,6.72,80.54,198.75,13.86,100.0,35.78,0.737,-5.05,0.116,29.6,1957.8,0.945,0,HIGH
14.04,12.83,0.666,5,7.289,1.661,2,3,7.53,42.97,94.16,8.69,78.69,13.34,0.59,-4.0,0.216,123.8,715.4,1.994,0,LOW
18.85,336.84,-0.396,5,0.525,1.948,2,1,4.35,163.89,329.38,18.42,100.0,78.95,0.98,-3.48,0.074,8.8,524.5,0.3,1,CRITICAL
11.99,211.0,0.447,4,1.782,3.556,3,2,10.59,50.6,175.34,9.89,100.0,31.56,0.37,-1.21,0.175,50.9,463.1,1.638,0,LOW
11.07,107.33,-0.493,3,1.165,0.46,3,0,5.88,4.84,42.47,0.56,59.17,5.1,0.318,-2.24,0.198,98.9,68.1,4.803,0,LOW
35.69,53.69,-0.367,1,0.05,2.538,3,0,8.02,199.2,525.33,32.14,100.0,95.0,0.98,-9.14,0.216,857.8,70.2,0.539,1,CRITICAL
7.79,298.63,-0.281,4,1.172,2.471,3,0,6.33,10.32,65.42,2.18,67.33,9.17,0.207,0.6,0.066,11.6,36.1,3.933,0,LOW
12.04,301.15,0.176,3,1.671,1.843,1,1,6.8,99.75,256.27,15.12,100.0,46.13,0.676,-10.51,0.236,168.3,649.3,1.767,0,MODERATE
19.48,293.22,0.012,4,0.339,3.502,2,0,5.75,48.65,139.18,4.53,89.89,22.52,0.447,-1.3,0.104,413.3,562.8,1.18,1,HIGH
23.51,232.23,-0.058,4,2.925,3.966,1,0,8.15,87.78,231.19,18.03,100.0,41.61,0.71,-0.12,0.449,198.1,902.1,0.565,1,CRITICAL
9.36,131.77,0.051,3,1.691,2.008,2,3,5.34,46.82,111.56,7.58,80.32,16.13,0.37,-6.76,0.252,247.1,472.6,4.666,0,LOW
7.66,109.47,0.207,5,0.167,1.97,0,2,8.19,3.95,22.78,0.36,57.03,2.34,0.142,-0.88,0.073,758.9,226.6,4.369,0,LOW
28.12,3.08,0.234,1,4.261,2.158,2,1,7.24,30.54,131.51,2.49,90.11,21.33,0.507,-2.77,0.055,294.9,1038.6,1.254,0,MODERATE
25.07,300.1,0.383,4,4.573,3.065,0,2,8.89,63.01,127.55,7.35,91.81,21.08,0.664,-1.97,0.137,396.7,431.4,0.902,1,HIGH
43.87,31.48,0.637,3,6.295,2.839,1,2,9.1,64.43,162.77,6.24,100.0,29.3,0.762,-0.04,0.05,11.3,21.7,0.467,1,CRITICAL
23.73,227.07,-0.007,4,2.326,1.014,1,0,6.8,234.88,417.61,39.46,100.0,75.17,0.98,-9.26,0.195,444.6,1028.2,0.27,1,CRITICAL
29.65,181.47,-0.182,4,12.12,0.362,3,2,8.31,60.59,168.13,9.91,100.0,37.53,0.745,-2.97,0.08,153.5,929.5,0.449,1,CRITICAL
14.52,189.61,0.215,1,8.59,3.992,0,2,6.51,21.94,75.63,4.34,70.93,9.66,0.284,-2.05,0.138,5.6,638.1,3.468,0,LOW
14.89,333.62,-0.4,2,2.805,1.17,3,0,10.4,2.89,20.3,0.44,60.21,2.55,0.152,-6.13,0.105,530.4,1184.3,3.759,0,LOW
10.0,11.38,-0.238,2,2.06,2.718,0,1,6.71,100.95,282.05,11.65,100.0,62.88,0.726,-1.79,0.136,878.7,228.9,1.344,0,MODERATE
14.61,278.42,0.35,2,0.05,3.497,2,1,7.06,143.05,391.89,12.45,100.0,70.54,0.895,0.01,0.054,258.9,836.9,0.942,0,HIGH
18.69,18.74,-0.043,4,4.345,1.331,1,2,6.47,61.81,154.05,5.04,95.94,26.6,0.532,-0.76,0.068,615.2,1218.7,1.126,0,MODERATE
41.62,13.74,-0.423,2,2.913,2.705,1,0,5.89,42.8,133.2,8.97,88.22,26.29,0.653,-1.73,0.229,60.6,704.3,0.622,1,CRITICAL
13.3,154.73,-0.521,3,9.707,0.542,3,2,11.97,128.26,232.02,12.86,100.0,57.15,0.91,-1.55,0.093,259.3,591.3,1.024,0,HIGH
61.06,22.71,0.017,2,3.157,4.077,1,1,8.57,17.87,84.85,2.68,77.58,11.85,0.684,-3.04,0.117,167.1,198.2,0.652,1,CRITICAL
31.04,284.09,0.4,3,17.295,0.338,1,2,7.65,33.07,101.57,6.32,81.27,14.86,0.408,-4.07,0.099,10.4,186.0,1.329,0,MODERATE
27.73,190.64,0.395,4,6.73,1.897,2,3,6.45,46.06,144.71,9.67,92.92,24.2,0.57,-0.84,0.393,276.4,1029.0,0.742,1,CRITICAL
22.72,10.45,0.039,2,10.746,2.301,2,3,9.95,3.29,68.91,0.36,74.96,9.3,0.31,-0.69,0.218,240.4,89.1,2.131,0,LOW
20.39,14.58,0.703,4,1.389,3.341,3,2,6.3,75.83,215.92,8.53,100.0,38.87,0.599,-1.93,0.196,12.8,19.6,0.747,0,HIGH
15.92,220.56,-0.037,4,0.566,0.597,2,0,7.77,13.58,54.53,1.43,66.43,6.52,0.21,-3.62,0.055,65.2,460.4,1.971,0,LOW
9.11,290.2,-0.048,1,5.579,1.907,2,2,12.35,26.34,118.85,2.69,95.26,20.38,0.285,-5.49,0.206,95.7,185.2,4.26,0,LOW
13.59,157.61,-0.899,4,5.399,1.329,1,2,5.39,34.79,124.07,5.0,84.41,23.03,0.268,-4.49,0.237,60.7,588.8,1.75,0,LOW
49.5,199.65,-0.157,2,0.831,1.379,2,2,8.69,66.14,195.92,11.18,100.0,43.2,0.737,-4.65,0.175,294.1,2693.9,0.466,1,CRITICAL
30.04,287.94,0.298,1,5.065,3.293,2,3,8.13,4.4,77.76,0.79,74.52,10.43,0.295,-6.39,0.226,212.3,110.0,1.584,0,LOW
49.27,219.78,0.547,3,3.053,0.122,1,1,8.66,27.09,116.8,3.41,87.97,18.49,0.567,-0.55,0.06,128.1,173.4,0.626,1,CRITICAL
15.68,80.91,-0.291,2,0.406,3.171,2,2,6.87,20.85,70.57,3.49,69.96,11.39,0.374,-4.84,0.106,158.7,408.3,3.07,0,LOW
11.78,220.7,0.162,4,2.439,3.423,1,0,6.2,0.1,47.41,0.01,61.32,5.23,0.187,-4.56,0.138,948.5,491.9,2.751,0,LOW
22.59,226.18,0.366,1,9.365,3.796,2,1,8.0,76.47,239.37,15.63,100.0,43.09,0.681,-3.38,0.187,33.2,2251.1,0.72,1,CRITICAL
13.89,264.28,0.004,1,2.472,2.67,1,1,6.5,17.49,52.77,3.53,63.58,6.04,0.309,-3.82,0.106,58.0,308.1,3.914,0,LOW
25.21,223.51,-0.799,3,5.441,1.467,1,1,2.5,11.83,49.73,1.85,55.41,6.38,0.284,-5.38,0.113,216.2,111.3,2.056,0,LOW
7.89,348.93,0.087,3,0.103,1.852,2,2,5.69,103.96,244.33,11.86,100.0,43.98,0.655,-6.95,0.27,1064.6,965.4,2.964,0,MODERATE
5.45,71.02,0.267,4,4.558,4.076,0,2,6.8,2.6,76.94,0.56,71.87,9.95,0.145,0.09,0.054,376.2,557.1,5.537,0,LOW
27.16,342.39,-0.332,2,10.27,3.713,0,2,5.13,149.82,438.11,28.99,100.0,95.0,0.98,-5.04,0.081,480.8,435.3,0.566,1,CRITICAL
50.21,193.8,-0.089,4,2.423,2.0,0,3,7.83,75.48,210.99,6.22,100.0,37.98,0.903,-6.49,0.246,369.5,900.6,0.202,1,CRITICAL
27.81,241.9,-0.404,5,1.442,3.967,0,2,5.83,12.25,99.54,1.79,77.35,15.33,0.43,2.19,0.132,22.8,35.7,0.921,1,HIGH
29.87,35.81,-0.9,3,3.641,3.474,0,3,7.4,28.01,130.76,2.64,90.17,24.58,0.498,-3.54,0.208,97.3,273.0,1.096,1,HIGH
23.13,137.01,0.359,4,8.68,3.794,2,2,12.27,194.7,547.41,19.18,100.0,95.0,0.98,-3.77,0.216,217.4,989.8,0.275,0,HIGH
24.34,276.98,-0.001,3,0.681,2.9,1,1,10.2,62.7,150.68,5.03,100.0,27.12,0.63,-2.72,0.08,17.9,38.9,1.287,0,MODERATE
8.81,254.49,0.559,1,1.81,3.616,2,1,8.8,60.99,136.44,10.75,94.5,23.21,0.449,-2.18,0.066,142.4,383.3,4.161,0,MODERATE
14.21,14.45,0.3,2,0.595,3.756,2,2,11.48,68.81,247.62,7.94,100.0,44.57,0.622,-2.52,0.122,66.0,167.4,1.405,1,HIGH
41.4,196.77,-0.124,1,2.403,0.477,2,2,7.34,40.38,109.4,4.95,83.22,21.23,0.572,-5.45,0.062,295.5,375.6,0.77,1,CRITICAL
11.15,31.78,-0.029,5,2.721,4.057,0,2,7.36,11.9,46.1,1.03,63.01,5.23,0.275,4.17,0.082,29.0,45.4,2.866,0,LOW
18.45,358.51,0.198,2,10.101,1.468,3,2,5.18,10.63,96.15,0.86,75.09,13.0,0.293,-3.31,0.208,432.3,350.6,2.493,0,LOW
40.97,323.03,0.338,4,1.862,1.904,3,3,10.31,75.57,143.69,14.43,99.54,25.75,0.763,-0.65,0.325,236.8,322.7,0.374,0,HIGH
23.98,7.59,0.113,2,2.929,3.347,0,0,11.81,139.99,378.69,24.16,100.0,68.16,0.98,-5.98,0.076,130.7,30.1,0.619,1,CRITICAL
24.65,309.11,0.387,4,7.578,2.826,2,2,9.5,23.2,102.33,3.1,84.84,15.63,0.399,-4.43,0.094,42.2,119.9,1.036,0,HIGH
18.53,330.99,-0.104,2,1.357,3.762,0,2,10.63,45.5,167.47,4.09,100.0,35.61,0.383,1.31,0.107,311.8,64.9,1.38,0,LOW
32.21,127.28,-0.349,4,3.925,1.742,0,0,2.5,315.8,657.3,59.56,100.0,95.0,0.98,-3.62,0.117,511.1,290.3,0.22,1,CRITICAL
36.35,259.02,-0.023,1,4.954,1.63,1,3,12.65,19.32,49.06,4.05,73.46,6.49,0.436,-0.45,0.229,527.6,150.0,1.404,1,HIGH
13.75,159.16,0.072,5,1.404,0.23,3,2,7.27,32.15,128.34,4.95,89.15,20.59,0.377,0.17,0.111,38.7,328.6,1.8,0,LOW
9.38,235.88,-0.421,4,0.628,1.997,2,1,12.68,29.37,99.88,2.92,89.79,19.67,0.315,-4.92,0.169,1099.1,373.2,2.69,0,LOW
6.26,122.51,-0.468,4,2.446,3.069,1,1,11.31,2.15,51.1,0.37,71.71,6.85,0.182,0.41,0.143,108.3,3.4,5.019,0,LOW
29.12,116.12,0.157,1,1.545,1.335,1,2,9.2,46.3,118.31,4.17,89.42,19.04,0.451,-0.5,0.291,77.2,917.4,1.279,0,MODERATE
27.37,152.8,-0.142,2,1.085,1.997,2,0,6.75,15.21,93.56,1.57,77.08,14.81,0.345,-0.41,0.072,129.7,71.7,1.571,0,LOW
68.0,52.4,-0.058,5,12.697,1.0,1,1,7.85,8.95,50.51,1.31,65.29,5.94,0.694,2.74,0.141,155.7,830.9,0.393,1,CRITICAL
23.2,299.21,-0.126,1,2.441,3.268,3,1,3.3,80.56,205.67,9.25,100.0,46.69,0.833,-8.51,0.289,246.5,353.1,0.706,1,CRITICAL
20.96,125.53,0.532,2,6.794,0.348,2,3,9.55,94.34,193.57,19.83,100.0,34.84,0.746,-3.53,0.208,223.4,116.8,1.216,0,MODERATE
25.67,144.05,0.442,3,0.761,2.992,2,2,2.5,142.82,304.18,27.6,100.0,54.75,0.98,-0.35,0.116,51.5,682.5,0.536,1,CRITICAL
26.42,321.86,-0.433,2,9.815,1.654,2,1,6.84,176.81,293.36,21.0,100.0,74.02,0.98,-7.52,0.383,91.7,466.6,0.577,1,CRITICAL
20.06,178.78,-0.186,2,5.537,0.271,3,3,10.9,132.15,428.88,28.4,100.0,93.06,0.892,-2.22,0.205,379.2,476.8,0.714,1,CRITICAL
14.02,195.93,0.298,3,5.789,3.599,2,3,9.09,8.49,52.14,1.13,68.04,6.39,0.276,-2.58,0.236,67.5,167.5,3.649,0,LOW
22.52,344.34,0.211,3,1.729,2.1,0,2,4.13,16.45,71.64,2.63,65.37,8.43,0.365,-1.31,0.057,330.8,231.9,2.193,0,LOW
22.05,319.22,-0.015,1,2.327,2.557,1,0,4.55,8.49,56.86,1.35,61.39,6.28,0.372,-4.01,0.121,396.3,345.6,2.452,0,LOW
21.86,61.01,-0.398,3,3.149,3.101,1,2,6.19,28.35,140.98,4.85,91.25,26.56,0.45,3.89,0.203,391.9,208.0,1.53,0,LOW
33.99,170.36,-0.239,3,5.458,2.786,3,1,7.67,8.61,80.24,0.98,74.49,11.79,0.391,-4.24,0.072,377.7,203.4,1.295,1,HIGH
22.3,349.67,-0.181,4,6.618,3.097,1,1,9.43,68.85,196.3,14.4,100.0,43.6,0.548,-2.9,0.068,84.1,835.9,0.57,0,HIGH
9.51,134.05,0.097,1,0.284,3.225,0,0,8.83,81.98,195.35,9.61,100.0,35.16,0.533,-3.49,0.11,153.3,1486.3,2.757,0,MODERATE
15.41,133.77,0.596,4,8.204,2.516,1,1,5.17,11.3,107.86,1.96,78.82,15.3,0.295,1.26,0.085,177.2,295.1,1.759,0,LOW
19.92,70.21,-0.24,3,9.704,1.599,1,1,8.86,63.16,128.59,11.82,92.1,28.9,0.573,-2.29,0.19,825.8,899.8,1.615,0,MODERATE
22.88,41.16,-0.359,3,3.145,1.097,2,2,9.1,1.51,63.99,0.31,71.85,8.46,0.292,-5.17,0.062,111.8,723.3,2.122,0,LOW
29.44,266.51,-0.038,2,0.724,3.802,1,0,8.57,37.04,110.71,5.33,85.86,17.11,0.533,-3.55,0.247,779.3,301.1,1.338,0,MODERATE
22.98,277.21,0.361,1,5.971,4.077,0,2,12.95,21.84,113.27,3.92,94.56,19.28,0.352,-7.04,0.183,578.9,488.2,1.642,0,LOW
5.54,348.84,-0.506,4,2.784,1.566,0,2,9.1,422.43,951.74,38.84,100.0,95.0,0.98,-9.47,0.051,405.5,30.4,1.034,1,CRITICAL
10.25,278.43,0.509,2,5.948,0.56,1,0,9.63,166.48,388.02,31.45,100.0,69.84,0.98,-0.08,0.076,325.6,463.3,1.313,0,MODERATE
30.51,87.61,-0.06,4,5.902,1.012,1,2,11.63,10.38,60.3,1.93,75.22,8.16,0.324,-1.91,0.246,191.8,125.8,0.942,0,HIGH
19.61,14.44,-0.257,5,0.318,2.85,3,0,9.37,162.07,326.19,22.28,100.0,78.16,0.98,-3.59,0.205,35.3,1248.8,0.29,1,CRITICAL
24.07,354.76,-0.56,3,3.269,0.809,1,2,6.29,35.27,159.81,4.37,97.46,32.27,0.488,0.85,0.104,186.5,495.8,1.162,0,MODERATE
18.23,122.56,0.247,3,2.31,3.299,0,1,10.23,55.87,191.61,7.44,100.0,34.49,0.56,-4.04,0.113,6.8,436.0,1.523,0,LOW
15.37,112.31,-0.06,2,10.223,3.884,2,2,6.62,49.6,210.54,4.6,100.0,37.9,0.431,0.56,0.057,188.0,1061.2,1.604,0,LOW
18.61,326.14,0.06,5,1.232,4.051,3,1,5.34,84.19,200.67,14.25,100.0,36.12,0.695,1.9,0.179,279.5,618.4,0.943,0,HIGH
24.23,210.64,-0.315,4,0.807,0.138,2,0,5.53,26.51,99.47,5.51,76.78,16.93,0.396,-6.17,0.056,144.1,244.0,1.051,1,HIGH
22.2,77.35,-0.112,4,7.959,4.028,1,0,10.21,4.69,58.85,0.81,72.21,8.21,0.257,1.55,0.133,37.6,697.1,1.344,0,MODERATE
36.22,320.07,-0.17,3,0.564,3.135,2,3,8.86,35.14,118.45,5.67,88.86,23.16,0.661,-5.61,0.21,333.5,1202.4,0.878,1,HIGH
8.34,357.61,-0.035,4,4.06,0.445,0,2,9.83,51.11,142.07,11.18,98.16,25.1,0.402,-4.16,0.095,516.8,1293.8,2.719,0,LOW
9.13,31.2,-0.234,4,1.248,1.802,3,3,8.88,52.62,156.87,8.2,100.0,34.55,0.362,0.58,0.236,287.2,129.3,2.049,0,LOW
19.48,310.41,-0.537,2,2.936,2.97,3,3,7.92,102.25,296.33,13.13,100.0,65.61,0.745,-2.44,0.243,242.7,358.0,0.731,1,CRITICAL
29.62,140.59,0.955,3,3.352,4.022,2,3,8.2,2.94,79.74,0.53,75.28,10.81,0.338,-2.41,0.269,154.2,712.6,1.535,0,LOW
33.03,188.67,-0.477,3,1.891,0.773,1,2,8.8,288.0,744.95,44.06,100.0,95.0,0.98,-1.38,0.062,312.2,1757.4,0.457,1,CRITICAL
15.73,329.33,0.064,1,12.906,0.624,0,0,6.17,303.12,861.92,65.5,100.0,95.0,0.98,-8.09,0.07,105.6,41.9,0.979,0,HIGH
3.02,350.42,-0.62,4,0.495,2.037,3,3,4.66,6.78,23.09,1.39,50.78,2.92,0.177,1.41,0.209,242.7,663.8,11.277,0,LOW
16.03,94.38,-0.699,1,1.738,4.069,2,0,6.43,27.41,115.04,5.83,83.39,20.56,0.418,-2.51,0.135,113.6,270.1,2.461,0,LOW
27.41,76.63,0.034,3,1.97,4.083,1,1,8.7,58.0,134.34,4.65,93.64,22.64,0.58,-1.22,0.054,269.1,831.6,1.261,0,MODERATE
21.98,28.99,0.061,2,3.49,1.034,0,3,6.07,30.38,130.9,3.85,87.82,20.69,0.442,-0.58,0.286,176.0,625.7,1.723,0,LOW
30.19,202.25,0.442,2,1.83,1.409,2,1,12.19,43.47,170.64,7.29,100.0,30.71,0.556,-1.87,0.339,72.8,269.7,0.843,1,CRITICAL
40.66,4.9,0.14,3,0.357,3.823,3,0,8.47,25.64,107.07,3.16,84.51,16.29,0.565,-5.26,0.226,88.4,1174.6,0.909,1,HIGH
20.25,148.28,-0.052,5,10.31,3.113,2,1,7.76,80.94,250.81,13.91,100.0,45.15,0.672,-2.13,0.082,363.9,206.1,0.673,0,HIGH
17.09,26.42,-0.332,3,1.883,4.086,0,3,6.17,29.42,92.91,5.3,75.83,16.21,0.391,-3.24,0.219,51.9,226.0,2.536,0,LOW
12.87,145.88,0.525,2,1.469,3.762,1,3,9.51,36.52,156.85,6.11,100.0,28.23,0.371,-3.08,0.458,96.0,635.7,2.51,0,LOW
9.09,14.38,0.325,4,2.072,0.982,0,2,4.83,55.76,153.2,8.04,92.72,25.57,0.453,-0.83,0.097,359.9,138.3,2.497,0,LOW
7.53,300.68,-0.436,2,0.854,3.215,3,3,8.19,226.22,450.11,40.16,100.0,95.0,0.98,-4.41,0.235,7.8,669.9,1.77,0,MODERATE
14.83,75.51,0.013,1,0.37,0.299,1,0,6.54,66.73,179.0,12.63,100.0,32.22,0.669,-4.42,0.061,5.0,720.2,1.868,0,MODERATE
37.81,118.19,0.05,1,0.563,3.453,2,0,7.77,6.63,64.34,1.18,69.57,8.06,0.466,-0.79,0.065,140.5,578.9,1.321,0,MODERATE
31.73,313.22,-0.121,1,0.638,2.566,0,1,8.57,24.96,73.15,4.83,73.83,12.72,0.479,-1.65,0.158,834.4,211.9,1.426,0,LOW
16.63,268.66,0.27,3,0.771,4.02,0,0,4.98,35.38,115.83,7.52,81.03,16.89,0.393,-4.06,0.068,13.6,285.6,2.546,0,LOW
61.36,78.85,0.291,3,1.906,4.036,2,1,3.82,87.6,238.39,8.27,100.0,42.91,0.98,-4.95,0.066,636.6,364.0,0.497,1,CRITICAL
15.45,25.88,-0.067,2,3.423,0.308,3,0,5.45,38.49,116.98,7.96,82.24,17.32,0.375,-3.93,0.081,232.2,61.7,2.733,0,LOW
42.66,257.64,-0.098,4,3.469,0.758,1,1,9.43,69.95,205.6,8.27,100.0,37.01,0.727,-2.63,0.246,29.1,208.0,0.199,1,CRITICAL
47.86,140.65,0.525,1,0.05,2.085,1,0,8.32,118.91,254.99,18.9,100.0,45.9,0.98,-4.34,0.121,496.9,80.3,0.514,1,CRITICAL
28.4,275.79,0.326,5,8.882,3.706,2,0,6.61,7.16,32.45,1.52,57.29,3.35,0.428,-0.82,0.169,13.2,145.7,1.12,0,MODERATE
14.75,160.31,0.025,3,6.058,3.439,2,3,11.83,94.34,162.66,15.74,100.0,29.28,0.752,-5.29,0.302,201.3,1040.1,2.174,0,MODERATE
17.92,124.56,-0.57,1,11.629,4.054,2,0,10.33,88.97,217.33,8.17,100.0,49.8,0.696,-3.41,0.289,269.8,26.1,0.873,1,HIGH
24.55,162.43,0.12,5,1.562,2.634,0,0,9.8,111.36,275.65,16.69,100.0,49.62,0.825,-3.67,0.144,317.7,363.3,0.435,1,CRITICAL
9.26,269.48,0.244,2,3.826,1.152,2,0,5.91,203.13,392.03,41.68,100.0,70.56,0.98,-4.45,0.061,75.3,257.0,1.447,0,MODERATE
12.13,324.8,-0.964,3,0.644,0.203,3,2,9.77,24.08,79.88,3.32,78.15,14.13,0.42,1.99,0.068,87.5,497.7,3.709,0,LOW
11.52,17.92,0.088,2,5.945,1.014,3,2,8.25,36.43,114.95,7.24,86.63,17.93,0.37,0.76,0.147,528.6,1479.4,3.617,0,LOW
29.55,188.68,-0.146,4,0.616,2.869,2,2,5.91,19.81,59.36,3.79,64.64,9.28,0.453,-1.78,0.069,123.0,275.9,0.98,1,HIGH
40.46,11.82,-0.077,3,1.381,3.898,3,0,7.27,25.75,83.29,5.33,74.74,11.21,0.53,-5.7,0.19,209.9,316.8,1.069,1,HIGH
32.38,168.63,-0.318,1,2.362,1.416,0,1,5.22,26.01,60.49,3.04,63.75,10.06,0.494,-3.0,0.219,165.2,57.3,1.525,1,HIGH
37.03,318.7,-0.052,1,3.159,3.69,2,0,5.93,132.5,431.72,19.81,100.0,77.71,0.98,-1.55,0.093,55.7,1090.1,0.531,1,CRITICAL
14.01,130.17,0.487,4,2.871,1.719,2,1,4.98,4.22,61.52,0.54,63.66,7.05,0.324,-1.42,0.089,146.1,221.4,2.242,0,LOW
18.39,335.68,-0.156,2,0.377,1.364,0,2,9.6,14.72,69.67,2.28,74.58,11.12,0.316,-4.64,0.06,12.4,19.4,2.584,0,LOW
19.19,227.02,0.338,1,1.917,2.186,3,3,7.34,61.3,160.84,5.07,99.69,28.86,0.586,-2.94,0.422,45.7,339.6,1.541,0,MODERATE
28.34,336.3,-0.282,3,8.97,1.913,1,0,5.43,94.18,276.77,10.72,100.0,61.12,0.78,-4.26,0.103,500.4,838.1,0.5,1,CRITICAL
15.08,272.58,0.266,4,7.205,3.847,1,2,8.64,77.69,200.03,16.81,100.0,36.0,0.618,0.4,0.148,724.6,402.3,1.155,0,MODERATE
35.85,37.24,0.001,2,3.127,2.02,1,0,7.5,3.1,32.81,0.51,59.0,3.48,0.419,-2.72,0.064,6.0,410.8,1.524,1,HIGH
47.18,83.21,0.123,2,2.973,1.237,1,1,9.81,39.31,141.47,4.1,97.93,24.94,0.664,-0.95,0.112,108.5,9.8,0.472,1,CRITICAL
29.11,141.9,0.003,4,0.414,3.555,2,0,7.79,13.25,57.08,2.0,67.29,6.91,0.411,0.26,0.17,767.6,1586.7,1.03,0,HIGH
17.92,61.24,0.225,1,0.782,4.195,1,3,4.34,288.26,613.62,51.23,100.0,95.0,0.98,-10.06,0.273,356.0,234.3,0.873,1,CRITICAL
13.27,178.17,-0.899,4,1.019,2.758,0,0,6.41,442.34,1266.73,72.77,100.0,95.0,0.98,-11.91,0.088,5.0,68.8,0.445,1,CRITICAL
11.53,169.69,-0.497,5,2.344,1.127,3,2,4.95,3.4,53.7,0.51,61.1,6.31,0.212,-2.34,0.126,32.0,68.0,2.743,0,LOW
5.59,344.25,0.146,4,4.6,1.079,0,0,8.74,71.62,166.18,12.49,100.0,29.91,0.475,-2.29,0.483,374.1,496.4,3.723,0,MODERATE
19.52,156.14,-0.715,1,2.161,0.337,3,1,9.89,109.0,281.34,11.27,100.0,63.72,0.795,-4.87,0.142,319.1,254.2,0.811,1,CRITICAL
18.89,282.83,-0.186,2,0.472,0.417,1,1,4.1,25.53,134.4,3.61,85.39,23.72,0.444,-5.15,0.106,583.9,24.8,1.928,0,LOW
34.71,339.09,-0.019,1,2.025,3.851,2,0,7.23,76.89,244.69,14.23,100.0,44.04,0.757,-5.26,0.205,396.1,40.6,0.546,1,CRITICAL
15.67,315.72,-0.29,5,0.621,0.496,1,2,10.04,13.51,109.04,2.18,87.96,18.88,0.314,0.88,0.101,812.7,250.0,1.613,0,LOW
20.15,75.12,-0.242,5,4.868,2.086,2,2,4.07,8.9,90.41,1.84,71.26,12.66,0.327,3.8,0.098,219.3,714.5,1.392,0,LOW
25.88,178.57,0.095,2,0.637,2.962,2,0,6.54,168.63,473.98,23.97,100.0,85.32,0.98,-3.81,0.115,85.5,69.2,0.586,1,CRITICAL
28.86,125.19,0.353,4,2.306,3.586,3,2,7.5,66.87,163.19,6.59,100.0,29.37,0.61,0.16,0.081,39.4,54.4,0.604,1,CRITICAL
32.64,143.95,-0.335,4,4.138,0.802,1,1,9.85,110.37,315.81,9.58,100.0,70.09,0.861,-2.52,0.056,5.0,287.3,0.219,1,CRITICAL
24.5,129.89,-0.201,2,0.907,1.895,2,2,8.7,49.45,90.63,7.26,79.66,18.93,0.506,-0.44,0.088,37.4,334.5,1.625,0,LOW
9.62,297.49,-0.256,2,0.277,1.131,2,2,9.15,10.93,64.56,1.54,72.12,9.69,0.262,0.43,0.155,256.1,324.0,5.149,0,LOW
27.53,162.77,-0.847,1,2.9,1.149,3,0,8.83,30.72,76.89,3.56,75.49,14.14,0.487,-0.12,0.103,145.7,314.7,1.611,0,LOW
15.0,188.53,0.05,3,0.195,1.346,3,2,6.68,138.72,321.03,22.57,100.0,57.78,0.924,-3.09,0.204,440.1,992.6,0.848,1,CRITICAL
41.45,353.68,0.327,5,3.102,2.507,1,0,11.12,1.02,70.37,0.12,77.53,9.82,0.431,-0.86,0.066,111.5,224.2,0.62,1,CRITICAL
22.43,21.59,0.356,5,4.901,0.168,2,0,6.02,15.09,98.55,1.66,77.38,13.73,0.289,-2.52,0.07,123.4,15.4,1.206,0,MODERATE
25.3,175.66,-0.305,1,1.398,1.776,1,2,2.5,18.98,121.25,3.17,78.3,19.37,0.367,-0.27,0.133,268.7,4.5,1.563,0,LOW
68.0,278.66,-0.438,2,2.345,0.866,2,0,3.54,19.84,87.36,4.21,69.32,13.28,0.754,-0.82,0.187,776.3,232.4,0.843,1,CRITICAL
32.94,54.42,0.008,3,9.246,4.065,3,0,7.24,6.75,51.78,0.73,64.61,6.02,0.389,-3.6,0.145,250.3,1008.0,1.526,0,LOW
27.26,220.15,0.29,4,2.229,2.489,3,1,6.77,122.55,285.54,12.94,100.0,51.4,0.94,-0.68,0.097,73.4,559.7,0.279,1,CRITICAL
20.49,86.21,0.054,4,19.847,3.659,2,2,6.32,11.3,66.99,1.72,67.81,8.18,0.243,1.05,0.222,139.0,380.0,1.477,0,LOW
10.15,312.27,0.101,3,0.598,0.902,2,0,7.83,115.05,200.28,11.13,100.0,36.05,0.756,-3.02,0.14,718.0,544.5,2.788,0,MODERATE
19.66,117.76,0.4,3,4.32,3.421,1,1,10.14,28.51,147.54,3.45,100.0,26.56,0.295,1.17,0.194,454.4,82.4,1.675,0,LOW
13.17,118.46,-0.259,1,3.701,1.801,2,0,8.5,39.73,84.22,8.69,77.25,16.48,0.339,-0.18,0.237,9.7,160.0,3.341,0,LOW
50.15,215.35,-0.077,3,7.203,0.829,1,1,8.93,40.4,112.02,7.99,86.91,17.53,0.655,-3.11,0.11,82.0,704.0,0.633,1,CRITICAL
27.46,66.08,0.572,5,0.339,3.221,2,2,5.12,81.17,232.38,14.52,100.0,41.83,0.633,-7.36,0.121,259.3,4.9,0.476,1,CRITICAL
40.66,102.56,-0.069,1,1.151,3.224,0,1,6.36,85.42,229.72,7.14,100.0,41.35,0.812,-7.53,0.138,375.0,163.5,0.517,1,CRITICAL
15.41,149.99,-0.444,3,0.496,4.183,0,2,9.04,66.53,233.51,7.79,100.0,50.02,0.57,0.63,0.337,35.8,1359.6,1.16,1,HIGH
13.76,127.31,-0.234,2,9.466,3.302,2,2,7.74,96.6,265.4,15.43,100.0,59.36,0.751,-3.2,0.181,202.6,424.8,0.996,0,HIGH
31.26,188.96,-0.328,3,1.947,0.696,3,1,8.55,0.54,33.63,0.1,61.15,3.77,0.326,-2.14,0.053,231.4,591.7,1.685,0,LOW
12.85,215.87,0.125,3,8.43,1.422,2,1,8.85,45.68,143.83,7.93,96.96,25.1,0.398,-3.76,0.095,36.2,226.6,2.765,0,LOW
17.15,204.0,-0.314,3,1.221,1.952,2,2,7.87,48.26,159.3,5.11,100.0,34.47,0.472,-2.01,0.212,162.2,49.1,1.635,0,LOW
51.39,235.5,0.095,5,0.473,0.619,3,1,10.98,17.78,80.36,2.58,80.48,11.64,0.587,0.73,0.053,5.0,516.0,0.43,1,CRITICAL
17.55,110.79,-0.258,3,1.231,3.331,1,3,6.33,52.83,204.74,5.69,100.0,43.19,0.454,-4.29,0.28,336.6,248.5,1.25,0,MODERATE
8.78,45.51,-0.743,3,3.182,2.259,0,3,5.7,40.92,136.91,8.56,89.07,26.86,0.402,-1.78,0.432,22.3,69.9,4.067,0,LOW
6.67,273.89,0.107,1,6.53,3.972,3,2,3.62,41.53,118.78,6.56,79.52,17.0,0.346,4.61,0.08,44.3,1021.0,6.558,0,LOW
8.08,306.28,0.052,4,1.704,2.516,3,3,9.15,8.19,26.51,1.1,59.95,2.86,0.173,3.17,0.302,440.2,130.5,4.155,0,LOW
41.91,92.52,0.181,2,8.62,2.244,1,2,6.25,37.14,95.58,7.74,76.83,13.22,0.593,-7.52,0.08,149.5,192.8,0.988,1,HIGH
15.98,146.55,-0.236,4,0.98,0.393,1,0,10.29,94.53,253.63,19.53,100.0,57.0,0.818,-7.63,0.132,330.9,105.6,0.53,0,HIGH
68.0,179.48,-0.273,2,4.139,0.712,3,1,8.05,34.3,109.67,5.16,84.58,20.81,0.854,2.63,0.271,297.6,223.9,0.753,1,CRITICAL
47.46,192.0,0.141,1,4.658,3.583,2,0,6.75,43.45,141.43,7.65,92.42,23.53,0.68,0.17,0.087,45.7,425.2,0.548,1,CRITICAL
57.72,237.42,0.532,2,1.121,4.162,0,1,5.18,222.76,553.19,27.76,100.0,95.0,0.98,-5.53,0.308,51.9,104.4,0.509,1,CRITICAL
37.53,14.98,0.004,5,0.096,1.802,0,1,9.36,133.51,349.52,16.43,100.0,62.91,0.98,-2.55,0.089,301.4,200.1,0.19,1,CRITICAL
30.4,259.73,0.149,2,1.591,3.421,3,0,7.38,171.66,366.75,26.94,100.0,66.01,0.98,-5.42,0.09,76.2,6.1,0.527,1,CRITICAL
13.46,22.31,-0.113,1,0.162,2.673,0,1,8.09,5.26,69.39,1.04,71.76,9.59,0.219,-2.97,0.166,163.2,78.2,3.743,0,LOW
22.12,168.58,-0.54,1,8.086,4.032,1,1,8.83,62.65,186.58,10.25,100.0,41.1,0.533,-0.63,0.086,482.2,1068.4,0.815,0,HIGH
32.02,297.96,0.339,2,10.741,1.076,2,0,8.08,16.43,76.26,2.37,73.96,10.15,0.432,-1.77,0.082,89.6,454.0,1.456,1,HIGH
36.32,162.44,0.318,1,4.653,2.334,0,0,5.63,33.67,84.77,5.82,72.26,11.03,0.522,0.29,0.066,117.4,315.7,1.279,0,MODERATE
10.77,53.67,0.249,3,4.54,1.776,1,2,8.65,74.01,234.12,14.34,100.0,42.14,0.524,-4.05,0.057,105.2,325.5,2.244,0,MODERATE
19.84,354.61,-0.064,2,0.965,2.321,1,1,9.3,56.22,145.31,10.69,98.25,25.7,0.531,-0.54,0.195,383.8,462.4,1.668,0,LOW
21.15,320.14,0.209,3,0.269,1.202,1,2,8.29,45.8,129.63,6.04,91.41,21.33,0.447,-1.34,0.102,108.5,106.4,1.764,1,HIGH
20.68,277.67,0.313,1,5.67,2.141,3,3,8.89,109.49,215.8,23.1,100.0,38.84,0.744,-6.73,0.284,135.2,15.6,0.992,0,HIGH
11.7,148.14,0.567,3,2.867,2.662,2,2,9.1,74.59,193.87,6.13,100.0,34.9,0.499,0.99,0.102,227.2,237.6,2.463,0,MODERATE
54.21,66.18,0.346,3,4.006,0.433,1,1,6.63,111.84,341.45,16.01,100.0,61.46,0.98,-6.96,0.088,200.4,1079.2,0.441,1,CRITICAL
19.46,338.91,0.022,1,5.294,3.146,1,2,6.55,174.67,411.81,36.17,100.0,74.13,0.98,-1.37,0.092,90.3,321.6,0.813,1,CRITICAL
12.23,191.65,-0.458,3,1.843,2.997,0,0,12.4,80.91,262.63,14.36,100.0,56.98,0.712,-1.68,0.057,263.1,964.5,1.145,0,MODERATE
54.9,306.85,0.054,2,0.546,3.71,0,2,10.42,32.71,132.99,5.84,96.31,23.06,0.749,-0.25,0.14,122.5,60.6,0.505,0,HIGH
47.48,123.15,0.09,2,5.547,1.846,2,1,7.39,15.55,36.91,1.58,60.12,3.99,0.594,-2.74,0.107,171.5,143.8,1.143,0,MODERATE
23.97,120.7,0.248,4,2.116,0.353,0,2,9.0,20.54,132.88,3.32,93.73,22.42,0.35,-2.53,0.055,132.7,460.0,0.922,0,HIGH
6.63,354.79,0.474,3,6.139,1.992,2,2,5.44,32.84,81.64,7.07,70.91,10.42,0.275,-1.85,0.129,429.9,10.7,7.324,0,LOW
16.85,187.86,-0.033,4,2.015,0.664,3,2,6.18,87.58,275.11,9.6,100.0,49.52,0.602,-6.17,0.069,217.5,73.3,0.678,1,CRITICAL
7.65,50.65,0.735,2,0.856,2.755,1,2,4.76,2.66,58.71,0.34,62.35,6.59,0.266,0.18,0.062,1229.0,52.6,6.934,0,LOW
29.2,79.08,-0.616,2,0.656,0.293,1,0,8.13,109.43,267.63,14.71,100.0,61.3,0.948,-4.28,0.352,190.5,327.6,0.54,1,CRITICAL
16.17,173.5,0.147,2,4.768,1.633,3,2,8.15,92.26,211.79,12.03,100.0,38.12,0.724,-8.34,0.057,619.9,959.8,1.502,0,MODERATE
21.83,15.29,-0.279,3,2.994,0.44,3,1,9.88,44.98,170.9,7.55,100.0,36.16,0.493,2.62,0.155,238.7,1.4,1.172,1,HIGH
52.38,166.51,-0.668,3,1.815,0.114,3,1,7.03,33.17,116.87,3.74,85.06,21.87,0.665,-1.2,0.146,626.6,25.9,0.492,1,CRITICAL
15.48,150.82,-0.071,2,2.371,4.038,2,1,9.85,7.77,44.45,1.17,66.95,5.36,0.288,-0.54,0.109,305.5,490.5,3.426,0,LOW
28.53,280.56,-0.51,4,2.792,4.184,3,1,8.94,22.23,97.96,3.02,82.43,17.2,0.519,-3.37,0.057,36.0,206.8,0.852,1,HIGH
33.14,127.78,-0.056,1,0.958,2.378,3,1,12.91,7.55,67.9,1.28,79.97,9.77,0.435,-0.52,0.078,27.6,1007.3,1.416,0,LOW
41.23,353.72,0.012,5,1.663,1.08,1,2,11.17,111.06,226.27,12.65,100.0,40.73,0.93,-1.58,0.064,404.7,347.4,0.189,1,CRITICAL
20.94,65.08,0.391,1,1.211,3.836,2,2,10.78,46.28,132.14,7.29,96.69,23.0,0.461,-5.76,0.378,322.4,27.7,1.653,0,LOW
19.73,212.76,-0.528,4,1.721,3.884,0,0,9.34,18.42,112.24,3.38,87.73,19.93,0.373,-0.06,0.058,167.7,3.1,1.226,1,HIGH
19.46,32.29,0.318,3,2.43,3.603,2,0,5.53,1.19,81.15,0.21,70.93,10.36,0.218,-3.87,0.051,157.1,260.2,2.45,0,LOW
27.06,264.19,0.034,5,0.666,2.332,1,2,8.14,48.24,136.07,9.49,93.2,22.83,0.534,-5.38,0.07,302.7,227.7,0.801,1,CRITICAL
46.44,358.11,0.36,1,1.75,0.406,1,2,12.44,90.65,222.68,19.39,100.0,40.08,0.98,-5.21,0.173,227.0,295.4,0.512,1,CRITICAL
18.96,294.89,-0.151,3,1.704,0.463,0,0,8.62,94.55,243.01,18.87,100.0,55.09,0.709,2.16,0.199,63.4,252.6,0.698,1,CRITICAL
3.61,200.05,-0.466,2,1.179,3.776,1,1,5.69,15.69,62.84,3.32,65.35,9.27,0.129,0.44,0.147,583.0,414.5,14.093,0,LOW
35.1,174.51,-0.426,5,20.0,3.691,2,3,8.24,345.2,703.45,28.46,100.0,95.0,0.98,-8.15,0.245,340.1,1039.6,0.195,1,CRITICAL
23.01,300.61,-0.452,5,0.268,1.881,2,0,5.32,54.67,154.79,9.19,94.11,32.78,0.612,1.96,0.175,295.2,634.8,0.796,0,HIGH
29.23,336.95,0.167,2,3.605,1.445,1,0,5.62,26.23,98.26,3.08,76.55,13.54,0.462,-4.03,0.14,181.2,339.0,1.498,1,HIGH
7.84,356.11,0.517,4,0.671,2.741,2,3,8.41,32.43,94.55,6.27,80.39,13.68,0.325,-4.42,0.605,815.3,337.4,3.593,0,LOW
16.21,142.75,-0.198,3,6.404,3.409,2,0,9.13,8.64,54.33,1.68,68.82,7.77,0.167,-3.66,0.096,5.0,1830.5,3.085,0,LOW
33.61,356.73,0.22,2,8.595,3.1,2,2,5.74,44.2,126.91,3.83,85.95,19.63,0.57,2.61,0.067,335.6,1280.0,1.072,0,MODERATE
9.93,56.13,-0.533,2,1.797,2.624,1,1,6.27,90.97,194.16,14.86,100.0,45.87,0.597,-0.85,0.055,1135.3,77.0,2.005,0,MODERATE
28.5,91.28,0.063,5,6.07,1.049,3,0,4.36,34.23,145.39,6.82,89.38,23.39,0.504,-3.92,0.128,250.2,455.2,0.749,1,CRITICAL
21.73,32.05,0.234,3,1.006,1.176,2,0,7.22,131.06,308.07,21.26,100.0,55.45,0.98,-5.55,0.268,251.9,168.2,0.608,1,CRITICAL
14.22,97.83,-0.507,1,0.528,3.069,3,1,3.22,42.1,129.55,5.88,82.25,24.23,0.446,-1.33,0.173,442.2,100.1,2.59,0,LOW
13.53,276.46,-0.071,2,1.329,3.391,0,2,6.84,150.07,304.78,13.62,100.0,54.86,0.98,-7.04,0.155,6.8,1283.3,1.011,1,HIGH
11.77,307.05,0.251,2,1.463,0.576,1,0,7.68,78.96,246.74,14.39,100.0,44.41,0.519,-3.22,0.108,34.4,40.4,1.752,0,MODERATE
22.94,280.4,-1.0,3,1.773,0.868,0,2,3.64,3.68,27.97,0.33,50.5,2.98,0.225,-3.76,0.066,523.2,12.5,2.399,0,LOW
24.44,227.18,0.467,2,1.634,2.89,1,1,5.28,4.51,62.61,0.74,64.55,7.27,0.38,-1.46,0.076,299.5,286.1,2.097,0,LOW
17.9,185.03,0.124,3,1.854,1.695,1,1,7.37,104.65,279.27,21.82,100.0,50.27,0.772,-1.25,0.077,1135.2,345.6,0.946,0,HIGH
11.31,255.13,0.251,2,4.333,2.41,3,2,7.07,28.69,95.74,3.98,78.36,13.5,0.357,2.58,0.137,146.5,51.0,4.057,0,LOW
28.06,140.7,-0.144,2,0.986,2.621,2,0,7.17,13.64,97.39,2.56,79.07,15.5,0.391,-5.39,0.205,165.9,1323.8,1.497,0,LOW
35.44,302.87,-0.603,1,0.066,3.282,1,1,8.13,130.32,404.9,25.02,100.0,88.52,0.98,-2.31,0.062,305.2,43.5,0.541,1,CRITICAL
30.81,243.79,0.187,5,2.355,3.403,2,1,3.82,266.03,493.85,21.67,100.0,88.89,0.98,-4.83,0.053,55.8,575.6,0.209,1,CRITICAL
58.94,251.21,-0.029,2,2.082,1.248,0,1,9.06,107.52,221.97,22.37,100.0,39.96,0.98,-3.93,0.107,95.1,204.4,0.52,1,CRITICAL
19.97,192.94,0.011,4,0.217,2.319,1,1,6.8,83.94,270.92,8.93,100.0,48.77,0.651,-4.36,0.232,551.2,137.3,0.553,1,CRITICAL
44.08,318.68,0.381,2,0.503,0.606,2,2,6.19,0.06,32.16,0.01,56.43,3.27,0.569,-2.69,0.31,454.8,106.7,1.258,0,MODERATE
15.05,90.73,0.267,3,2.496,3.552,2,2,3.4,7.28,30.65,1.47,50.92,2.81,0.262,-5.98,0.102,237.0,87.0,3.683,0,LOW
13.63,137.21,0.672,2,0.936,3.566,2,2,6.91,72.25,181.33,12.72,100.0,32.64,0.56,-0.7,0.073,124.4,337.7,2.122,0,MODERATE
23.73,279.95,0.054,4,7.352,1.328,1,3,8.63,34.25,110.09,4.52,85.76,16.99,0.444,-3.8,0.317,283.2,20.6,1.054,0,MODERATE
49.19,177.39,-0.242,4,0.666,0.759,1,3,7.81,1.28,54.31,0.12,66.44,6.65,0.517,-5.4,0.215,53.0,662.3,0.559,1,CRITICAL
18.73,320.12,-0.066,2,0.071,0.387,3,2,7.88,87.78,187.4,11.77,100.0,33.73,0.677,-2.15,0.189,158.9,119.6,1.44,0,MODERATE
7.84,124.7,0.145,2,2.077,2.457,3,1,6.75,35.27,115.71,7.59,84.19,17.53,0.238,-1.12,0.213,195.8,256.3,5.423,0,LOW
35.09,132.96,0.356,4,14.981,0.475,1,2,7.37,69.9,207.7,6.62,100.0,37.39,0.717,-0.48,0.08,173.3,37.6,0.324,1,CRITICAL
21.21,319.94,-0.513,2,3.517,2.89,2,0,5.06,41.06,135.73,8.15,87.55,26.32,0.421,2.52,0.066,151.9,285.5,1.587,0,LOW
26.1,167.17,0.003,4,1.53,2.88,1,1,7.49,1.75,23.91,0.22,56.13,2.42,0.331,-1.13,0.059,131.9,443.3,1.264,0,MODERATE
14.06,185.8,0.563,1,0.06,2.617,1,1,6.42,65.68,190.8,11.27,100.0,34.34,0.539,-3.26,0.125,241.7,22.8,1.857,0,MODERATE
23.61,119.79,-0.084,4,2.322,3.694,2,3,5.03,100.85,306.63,16.99,100.0,55.19,0.76,-4.19,0.521,123.9,912.4,0.304,1,CRITICAL
8.64,99.6,0.326,3,0.809,1.651,2,3,9.16,11.02,67.9,1.38,73.22,8.95,0.271,-2.16,0.247,249.4,159.6,5.69,0,LOW
54.65,236.14,0.173,1,3.652,3.799,3,2,4.03,144.12,477.05,12.62,100.0,85.87,0.98,-5.93,0.074,205.5,187.3,0.541,1,CRITICAL
38.53,43.14,0.335,4,3.061,0.251,2,1,8.65,13.02,60.71,1.31,70.0,7.65,0.454,-2.55,0.191,122.0,81.6,0.732,0,HIGH
23.02,316.54,-0.283,3,1.079,0.562,2,1,8.79,35.73,105.7,5.69,84.65,20.39,0.445,-3.72,0.15,430.1,968.6,1.668,0,LOW
34.58,280.51,-0.282,2,0.25,1.79,0,1,6.34,48.69,151.87,10.36,95.01,31.82,0.601,-4.77,0.056,12.3,190.9,0.669,1,CRITICAL
15.08,68.67,0.007,3,4.923,2.535,2,2,9.77,24.48,67.99,5.13,74.34,9.1,0.368,2.65,0.074,88.0,158.9,3.221,0,LOW
37.63,249.85,-0.536,3,3.082,0.233,3,2,6.29,45.11,156.62,4.33,96.45,32.6,0.588,1.36,0.087,191.5,572.4,0.58,1,CRITICAL
18.25,216.95,-0.094,1,6.461,2.426,2,2,6.16,82.36,191.87,16.68,100.0,34.54,0.661,-7.5,0.07,683.0,170.6,1.367,0,MODERATE
17.51,66.43,0.089,5,1.053,1.36,0,0,4.86,81.47,165.77,9.18,96.79,28.88,0.622,-2.03,0.222,20.9,278.6,1.184,0,MODERATE
12.27,98.35,0.625,4,3.703,3.737,3,1,7.48,166.05,375.59,34.44,100.0,67.61,0.98,-4.68,0.067,245.4,3580.7,0.478,1,CRITICAL
27.87,147.24,0.141,1,0.442,2.286,1,1,5.39,128.78,305.45,23.98,100.0,54.98,0.98,-3.41,0.176,52.2,303.3,0.618,1,CRITICAL
22.47,251.73,0.219,4,1.208,2.51,1,0,5.76,273.44,766.08,58.67,100.0,95.0,0.98,-10.3,0.158,5.0,280.0,0.281,1,CRITICAL
44.82,229.94,0.408,2,3.74,3.977,0,1,7.36,58.81,144.5,8.34,94.48,24.57,0.779,-6.99,0.051,564.2,720.2,0.554,1,CRITICAL
11.39,191.6,-0.338,3,6.112,3.233,0,0,7.45,33.26,142.02,6.07,93.85,27.98,0.373,-2.0,0.076,585.8,19.6,2.996,0,LOW
27.94,276.63,-0.058,2,1.355,1.897,1,3,10.26,17.85,59.29,3.26,72.45,7.73,0.479,-2.48,0.257,90.0,211.9,1.77,0,LOW
40.49,272.86,0.849,4,5.613,2.055,2,2,9.55,18.18,54.59,2.72,69.65,6.84,0.427,-2.94,0.07,551.8,542.6,0.701,1,CRITICAL
68.0,222.43,-0.028,4,3.964,2.756,2,2,8.71,10.63,55.45,2.3,68.43,6.83,0.748,-1.93,0.186,132.6,1095.9,0.384,1,CRITICAL
24.68,283.32,0.391,3,1.501,0.921,2,0,7.18,84.31,254.45,9.62,100.0,45.8,0.704,-1.39,0.062,13.6,470.8,0.71,0,HIGH
18.05,120.33,0.337,2,7.317,0.463,2,1,6.61,69.03,194.86,15.05,100.0,35.07,0.5,-0.38,0.065,71.1,339.6,1.447,0,MODERATE
24.33,317.25,-0.517,2,2.491,1.376,2,0,7.44,22.47,76.99,4.35,73.03,12.82,0.374,-4.1,0.121,294.4,278.3,1.876,0,LOW
42.96,221.37,0.109,3,3.657,3.291,3,1,6.28,144.75,327.25,24.06,100.0,58.91,0.98,-6.31,0.052,64.6,293.3,0.419,1,CRITICAL
42.95,296.05,0.051,1,2.396,1.155,3,2,5.96,52.23,172.54,4.73,100.0,31.06,0.701,-1.87,0.448,240.9,286.8,0.512,1,CRITICAL
20.73,196.66,0.115,2,2.11,0.636,1,0,7.33,4.65,45.81,0.54,62.85,5.18,0.356,1.76,0.11,56.4,1260.2,2.575,0,LOW
42.57,78.64,-0.264,4,6.593,0.998,0,0,5.57,4.12,30.89,0.82,54.91,3.55,0.444,-1.82,0.134,65.4,747.6,0.73,1,CRITICAL
21.88,195.27,-0.391,4,1.222,2.884,1,0,5.7,10.04,50.99,1.83,61.58,6.86,0.324,-1.04,0.073,315.1,176.4,1.419,1,HIGH
34.37,133.6,-0.167,2,0.131,2.617,0,2,9.6,15.43,52.42,3.31,69.05,8.37,0.443,-4.92,0.297,571.5,28.1,1.416,0,LOW
29.7,251.1,-0.034,2,7.415,2.922,3,3,4.46,141.98,247.66,19.24,100.0,44.58,0.98,-9.53,0.233,386.1,518.2,0.534,1,CRITICAL
17.64,171.29,0.415,4,6.101,1.42,1,2,5.21,97.96,162.29,20.1,96.31,28.13,0.729,2.62,0.061,16.7,587.5,1.164,0,MODERATE
12.55,301.0,0.636,5,1.598,3.794,2,1,10.3,14.64,95.79,2.94,84.19,14.52,0.263,-0.8,0.099,718.0,665.5,2.183,0,LOW
41.05,244.11,0.489,3,0.718,1.952,0,0,6.64,18.57,48.44,4.0,62.45,5.45,0.526,-4.12,0.061,49.0,119.3,1.228,1,HIGH
47.03,246.44,0.301,1,3.94,2.206,2,2,10.53,65.83,175.84,7.78,100.0,31.65,0.808,-7.87,0.312,363.9,455.6,0.512,1,CRITICAL
27.59,78.18,-0.352,4,0.287,3.99,0,0,4.93,133.38,242.77,19.9,100.0,59.7,0.98,-0.25,0.106,364.5,458.8,0.242,1,CRITICAL
21.87,354.33,-0.143,4,1.929,4.115,2,1,7.66,24.76,93.54,2.26,78.72,16.22,0.404,-4.06,0.123,168.2,52.9,1.189,0,MODERATE
10.48,303.0,0.073,1,0.314,2.812,3,1,9.2,48.46,159.49,7.89,100.0,28.71,0.481,-4.53,0.103,232.5,668.8,2.986,0,LOW
40.5,284.04,-0.221,3,3.189,3.974,1,1,5.51,143.7,350.87,26.23,100.0,80.4,0.98,-5.87,0.071,28.2,403.5,0.423,1,CRITICAL
25.89,118.88,0.202,3,0.097,2.32,1,1,11.18,95.71,241.76,10.85,100.0,43.52,0.749,-2.77,0.065,1009.8,309.8,0.721,1,CRITICAL
19.1,192.83,0.252,3,3.473,1.36,1,2,6.64,144.37,299.61,14.98,100.0,53.93,0.98,-2.49,0.319,18.7,18.2,0.732,1,CRITICAL
34.89,49.36,0.188,4,3.914,1.392,2,0,8.62,21.18,67.08,3.59,71.98,8.69,0.549,-2.37,0.081,674.5,275.9,0.804,1,CRITICAL
9.27,193.85,0.359,3,2.337,2.392,0,2,6.01,76.32,205.17,10.31,100.0,36.93,0.569,-5.35,0.055,80.2,855.8,3.001,0,MODERATE
11.89,52.52,-0.317,4,0.673,2.581,3,3,10.78,7.87,93.04,1.1,84.18,15.04,0.336,4.39,0.256,139.0,209.4,2.288,0,LOW
14.75,199.09,0.326,3,0.374,1.902,0,1,8.17,62.25,234.29,9.09,100.0,42.17,0.554,-3.67,0.072,397.1,1751.1,1.583,0,MODERATE
29.2,233.54,-0.243,2,1.315,3.723,0,0,12.11,23.56,126.47,3.57,97.28,24.97,0.545,-1.64,0.148,591.7,695.7,1.066,0,MODERATE
24.48,140.47,-0.329,4,2.191,1.849,2,2,10.09,78.58,246.75,8.44,100.0,53.84,0.762,-6.52,0.088,332.8,780.9,0.306,1,CRITICAL
31.05,179.48,0.186,4,3.597,1.221,0,2,9.34,9.95,95.26,1.6,82.3,14.11,0.48,0.05,0.267,36.3,399.2,0.816,1,CRITICAL
39.06,315.24,0.426,5,0.05,0.133,2,0,5.4,71.2,187.17,6.38,100.0,33.69,0.711,0.11,0.096,121.5,148.4,0.321,1,CRITICAL
31.64,39.08,0.171,3,4.345,4.079,0,2,7.68,80.13,187.58,7.68,100.0,33.76,0.787,-4.95,0.14,263.7,231.7,0.743,0,HIGH
55.25,285.02,0.007,1,4.365,3.48,3,2,6.8,126.49,320.03,22.72,100.0,57.6,0.98,-8.33,0.201,1202.6,433.0,0.546,1,CRITICAL
39.01,61.47,0.109,5,2.058,2.624,2,3,7.56,75.52,221.47,13.77,100.0,39.86,0.723,-3.66,0.359,145.5,973.8,0.241,1,CRITICAL
20.7,13.21,0.048,4,1.472,3.505,2,2,7.82,48.1,113.93,5.64,85.54,17.54,0.573,2.58,0.115,100.9,583.6,1.218,0,MODERATE
16.14,66.81,-0.394,5,6.465,3.422,0,0,5.52,99.66,309.02,10.55,100.0,67.58,0.787,-4.79,0.18,92.1,200.9,0.358,1,CRITICAL
21.06,275.42,-0.435,1,5.373,3.921,0,1,7.16,21.75,96.63,1.9,78.8,16.32,0.37,4.7,0.073,538.7,134.2,2.039,0,LOW
32.23,145.85,-0.028,2,14.318,1.683,2,0,7.29,73.55,175.06,10.2,100.0,31.51,0.695,-4.07,0.124,52.4,451.9,0.74,1,CRITICAL
17.17,314.11,0.028,1,1.628,2.375,1,0,5.28,83.8,224.48,12.68,100.0,40.41,0.659,-7.44,0.053,289.7,37.9,1.182,1,HIGH
32.7,188.89,0.004,4,8.307,0.504,1,2,9.26,32.4,97.48,6.67,82.86,14.54,0.433,-3.12,0.082,528.1,211.2,0.758,1,CRITICAL
30.75,8.01,0.237,5,0.32,4.058,2,3,7.99,292.94,764.76,23.54,100.0,95.0,0.98,-11.74,0.234,537.5,129.8,0.209,1,CRITICAL
12.44,258.02,-0.075,3,1.855,4.139,1,3,9.29,28.61,75.86,3.91,76.0,10.38,0.328,-3.57,0.366,39.1,918.9,3.837,0,LOW
38.63,39.68,0.197,2,2.192,3.335,2,0,8.57,5.74,76.16,0.8,74.8,10.25,0.469,-0.36,0.101,441.3,480.6,1.175,1,HIGH
27.06,284.18,-0.051,1,2.035,1.962,3,0,3.73,23.51,59.65,4.8,60.8,6.53,0.425,-2.83,0.158,705.4,58.0,1.983,0,LOW
53.85,60.52,0.638,3,3.434,2.136,1,2,5.67,6.81,36.59,0.73,56.91,3.75,0.537,1.42,0.101,427.4,322.1,1.002,0,HIGH
21.93,124.36,0.028,3,0.653,1.885,3,0,11.14,26.94,105.05,2.4,88.66,16.76,0.369,-3.08,0.08,338.7,700.7,1.858,0,LOW
18.6,274.06,0.819,4,7.047,1.303,3,0,9.23,8.89,73.47,1.19,75.12,9.94,0.415,-5.11,0.274,203.7,52.3,1.574,1,HIGH
11.46,343.52,0.123,2,2.809,2.264,0,2,3.93,37.63,109.03,6.24,76.97,15.11,0.326,-1.58,0.128,408.7,381.9,3.916,0,LOW
11.35,133.72,-0.075,3,8.21,0.319,0,2,8.53,97.82,252.9,19.58,100.0,45.52,0.589,-3.53,0.132,240.4,638.3,1.923,0,MODERATE
36.24,298.58,-0.315,1,0.05,4.167,2,3,5.67,4.54,47.46,0.53,60.39,5.7,0.384,-1.35,0.254,146.6,105.5,1.494,1,HIGH
51.03,68.69,-0.505,4,3.48,1.839,2,1,2.89,53.82,215.39,6.2,100.0,45.23,0.803,-5.46,0.066,190.6,1188.1,0.203,1,CRITICAL
20.89,290.58,-0.347,3,1.861,3.902,1,2,11.15,2.91,82.61,0.37,81.5,12.47,0.287,-0.59,0.194,297.5,361.7,2.144,0,LOW
20.13,236.7,-0.308,5,2.462,3.07,1,2,7.67,140.36,350.01,13.55,100.0,79.84,0.925,-0.54,0.157,229.3,449.8,0.284,1,CRITICAL
23.05,69.39,0.138,4,4.766,1.289,1,0,7.98,165.31,408.49,35.84,100.0,73.53,0.98,-7.79,0.088,309.6,196.0,0.276,1,CRITICAL
40.02,108.9,-0.184,3,0.902,1.01,2,2,4.74,44.07,133.89,6.86,86.37,26.1,0.696,-6.86,0.271,1120.3,669.3,0.697,1,CRITICAL
12.51,47.44,0.065,2,0.803,4.182,0,0,4.96,95.31,195.41,11.26,100.0,35.17,0.687,-6.97,0.084,84.7,410.8,2.18,0,MODERATE
25.27,137.87,0.449,5,4.249,3.266,2,2,4.0,58.42,158.63,7.63,92.96,26.54,0.602,-2.44,0.053,1529.0,1123.5,0.811,1,CRITICAL
36.67,73.31,-0.031,1,2.579,1.124,3,2,10.62,27.07,125.57,5.45,94.29,21.31,0.537,-5.76,0.074,15.6,298.4,0.865,1,HIGH
29.01,231.84,0.728,2,0.931,0.377,2,1,3.88,18.28,57.82,3.19,60.49,6.3,0.386,-0.75,0.087,262.1,420.5,1.8,1,HIGH
3.0,358.02,-0.412,5,2.316,2.957,0,2,11.06,92.38,210.02,14.55,100.0,48.89,0.608,-2.16,0.187,761.0,385.2,4.817,0,MODERATE
31.73,4.32,-0.053,4,2.154,1.342,0,0,5.33,36.54,104.33,6.63,77.98,14.64,0.589,-1.01,0.174,30.3,388.1,0.795,1,CRITICAL
29.16,194.73,-0.189,3,4.115,1.007,2,2,4.8,164.37,304.37,30.54,100.0,74.51,0.98,1.99,0.095,1295.4,563.8,0.491,0,HIGH
44.06,206.52,0.328,2,0.05,3.113,3,2,7.38,241.6,669.43,25.9,100.0,95.0,0.98,-10.7,0.147,702.1,49.9,0.46,1,CRITICAL
48.93,329.12,-0.784,4,3.093,2.885,3,2,5.99,15.35,101.11,1.57,78.14,16.06,0.569,-5.78,0.071,539.0,416.1,0.41,1,CRITICAL
42.91,182.16,-0.505,2,3.257,2.074,2,3,7.71,53.52,151.63,11.53,97.41,33.01,0.805,0.93,0.377,209.6,243.9,0.472,1,CRITICAL
23.12,195.73,-0.038,2,4.79,3.965,0,0,5.57,50.04,119.82,5.3,83.37,17.98,0.541,-0.87,0.055,67.3,269.4,1.746,0,LOW
7.6,169.8,0.543,2,7.701,2.887,2,1,6.81,131.67,276.49,19.1,100.0,49.77,0.795,-0.96,0.091,26.2,256.2,2.295,0,MODERATE
61.7,96.81,0.079,2,2.031,3.763,3,3,5.83,76.33,206.17,16.61,100.0,37.11,0.941,-7.83,0.333,18.7,52.8,0.551,1,CRITICAL
20.05,20.17,-0.473,5,1.468,0.881,3,2,9.39,60.77,210.52,8.41,100.0,45.19,0.524,-5.81,0.107,248.3,6.6,0.682,1,CRITICAL
22.71,147.12,-0.419,4,0.378,1.316,2,3,8.63,73.87,172.89,11.23,100.0,39.98,0.626,-0.23,0.334,339.2,50.9,0.625,1,CRITICAL
50.69,18.93,0.586,4,1.438,0.529,2,1,8.04,32.07,103.45,6.15,82.59,15.38,0.762,-2.26,0.065,69.8,257.3,0.386,0,HIGH
14.14,198.18,-0.217,5,0.248,1.349,2,2,9.82,209.7,593.43,26.77,100.0,95.0,0.98,-2.11,0.073,188.1,213.4,0.387,1,CRITICAL
9.45,110.63,-0.33,2,5.683,4.084,3,3,8.08,3.86,20.94,0.54,56.24,2.58,0.271,-2.32,0.241,210.6,68.7,5.985,0,LOW
17.24,192.1,0.517,1,5.758,4.048,2,2,7.89,1.92,77.74,0.24,74.09,10.37,0.237,-1.77,0.207,635.6,578.8,2.85,0,LOW
14.61,48.35,0.354,3,1.89,3.218,1,3,7.24,34.91,100.92,4.2,80.32,14.59,0.444,3.83,0.452,37.7,564.4,3.026,0,LOW
8.86,335.75,0.446,3,1.052,2.236,2,0,5.92,10.91,49.62,1.59,61.54,5.5,0.172,-4.02,0.055,447.5,1090.3,5.951,0,LOW
21.15,322.03,-0.333,3,0.44,3.301,3,1,5.93,51.16,124.72,9.43,85.58,25.35,0.524,-0.37,0.276,412.9,848.5,1.662,0,LOW
23.21,68.4,-0.534,1,6.669,2.369,2,0,7.82,0.59,59.18,0.12,68.02,7.32,0.208,-5.13,0.146,320.0,792.0,2.246,0,LOW
8.52,123.64,0.047,3,7.349,0.114,2,0,9.74,40.01,123.81,5.83,92.15,20.54,0.369,-4.17,0.103,79.8,728.6,4.642,0,LOW
18.53,220.86,0.117,2,1.084,2.156,2,1,8.75,22.71,74.3,2.84,74.54,9.97,0.401,0.19,0.072,14.8,960.7,2.61,0,LOW
14.06,34.45,0.128,2,3.403,2.556,2,3,8.74,14.7,72.42,3.05,73.91,9.63,0.334,-5.03,0.227,427.4,325.0,3.492,0,LOW
6.05,127.64,0.517,2,1.048,1.19,0,2,5.07,38.23,99.91,4.86,76.09,13.68,0.339,0.23,0.137,229.9,36.6,7.655,0,LOW
23.63,90.4,-0.607,2,0.893,0.934,2,3,8.65,125.31,251.33,23.62,100.0,60.28,0.898,-4.26,0.244,276.8,376.3,0.626,1,CRITICAL
24.93,329.59,0.301,3,0.075,1.223,1,3,6.62,69.25,190.81,12.8,100.0,34.35,0.65,-5.02,0.203,535.5,843.3,1.036,1,HIGH
14.06,306.9,-0.384,2,3.013,2.657,3,0,7.89,11.33,56.04,0.99,67.13,8.13,0.24,-1.69,0.321,39.7,44.9,3.63,0,LOW
38.45,208.74,0.3,5,0.569,0.699,3,0,8.71,44.91,132.25,4.71,93.01,22.14,0.603,-3.56,0.138,64.7,772.5,0.496,1,CRITICAL
22.43,187.32,-0.166,5,0.05,3.053,1,0,4.96,174.42,456.46,27.94,100.0,95.0,0.98,-6.47,0.174,153.0,66.6,0.26,1,CRITICAL
14.46,335.06,-0.285,3,0.388,1.833,3,2,7.85,37.6,136.26,7.57,92.73,27.25,0.415,-3.19,0.132,122.3,11.8,2.372,0,LOW
8.15,335.67,-0.213,5,1.318,1.549,1,0,8.02,41.33,98.56,6.74,80.97,19.32,0.444,-5.51,0.15,838.4,545.1,3.191,0,LOW
25.66,348.96,-0.506,5,3.871,3.41,2,2,9.7,184.36,438.77,33.92,100.0,95.0,0.98,-9.29,0.053,107.2,466.1,0.235,1,CRITICAL
29.13,45.14,0.014,3,0.792,2.175,0,0,6.36,9.49,87.13,1.73,74.34,11.66,0.365,-6.71,0.089,643.0,947.1,1.545,0,LOW
16.68,57.8,-0.27,3,7.65,1.651,0,0,7.37,86.33,168.66,12.88,100.0,40.72,0.624,-1.67,0.269,212.6,489.1,1.431,0,MODERATE
24.05,243.63,0.275,5,1.191,3.7,3,1,7.87,23.11,87.99,3.66,77.33,12.25,0.371,-0.58,0.302,28.3,137.6,1.142,0,MODERATE
48.92,194.92,0.224,4,1.408,1.61,3,2,6.36,130.59,352.99,11.75,100.0,63.54,0.98,-5.8,0.252,312.9,1144.3,0.201,1,CRITICAL
35.32,6.65,0.591,2,0.861,3.622,2,3,6.32,3.63,49.29,0.76,62.15,5.51,0.437,-1.6,0.735,385.3,1048.7,1.48,0,LOW
4.71,22.31,0.128,4,1.025,2.167,1,3,6.24,302.0,828.73,52.67,100.0,95.0,0.98,-3.78,0.206,49.9,1286.5,1.213,0,MODERATE
14.36,319.71,0.182,2,0.27,0.953,2,3,7.22,95.14,245.03,9.67,100.0,44.11,0.578,-4.67,0.205,152.3,603.6,1.412,0,MODERATE
20.57,312.79,0.49,2,1.222,2.613,3,0,11.34,21.75,49.98,2.48,71.41,6.43,0.41,-2.3,0.266,44.9,916.7,2.495,0,LOW
23.14,128.62,-0.22,2,6.872,1.27,1,2,7.3,92.99,317.03,7.5,100.0,68.22,0.784,1.79,0.052,54.6,124.1,0.636,1,CRITICAL
24.33,320.78,-0.521,2,4.081,0.703,1,1,8.57,166.63,361.47,19.49,100.0,85.06,0.98,-3.56,0.223,325.7,396.1,0.613,1,CRITICAL
28.14,213.72,0.07,1,7.286,0.455,2,0,7.57,7.79,72.41,0.97,71.8,9.36,0.379,0.91,0.217,191.4,140.2,1.751,0,LOW
20.96,290.13,-0.498,5,0.388,1.091,3,2,6.82,159.15,450.7,27.95,100.0,95.0,0.98,-2.61,0.112,9.1,178.5,0.275,1,CRITICAL
22.4,153.88,0.859,2,2.128,3.12,0,1,7.45,29.03,87.93,4.26,76.54,12.12,0.419,-0.52,0.22,763.8,790.7,2.054,0,LOW
36.29,40.82,0.509,1,0.911,3.536,3,1,9.19,0.42,34.1,0.08,62.46,3.83,0.41,-3.02,0.143,328.5,557.8,1.536,0,LOW
25.94,156.14,0.757,1,4.471,3.633,2,0,7.38,7.75,35.16,0.71,59.54,3.77,0.381,-3.79,0.065,15.2,1173.1,2.175,0,LOW
10.75,164.63,0.022,3,12.301,1.208,1,3,7.15,140.47,237.34,25.14,100.0,42.72,0.908,-2.32,0.349,356.7,686.2,2.211,0,MODERATE
23.55,198.34,0.193,5,5.913,2.81,2,2,6.98,263.58,547.12,53.37,100.0,95.0,0.98,-5.16,0.091,509.0,154.4,0.25,1,CRITICAL
20.6,38.01,-0.161,1,0.126,1.044,2,0,5.31,146.73,394.87,20.39,100.0,88.68,0.98,-3.55,0.07,145.7,963.1,0.776,1,CRITICAL
6.02,356.9,0.309,1,1.333,2.653,0,3,9.79,37.87,85.66,4.56,80.03,12.34,0.447,-1.23,0.502,393.2,35.7,7.882,0,LOW
24.22,87.89,-0.425,3,0.101,3.738,2,3,6.52,211.56,436.61,30.12,100.0,95.0,0.98,-7.36,0.292,95.9,38.3,0.559,1,CRITICAL
11.67,71.48,-0.89,3,0.143,0.268,2,2,10.73,33.95,140.24,6.47,99.2,29.11,0.294,-4.82,0.066,36.2,143.6,2.807,0,LOW
36.57,189.65,-0.277,2,0.29,4.139,0,2,8.04,7.85,34.25,1.64,60.43,4.67,0.396,-3.19,0.214,987.5,735.7,1.457,0,LOW
27.93,193.39,-0.509,2,1.132,3.491,2,1,10.59,27.1,104.77,2.42,87.59,19.77,0.433,-2.37,0.189,5.0,1180.6,1.335,0,MODERATE
10.37,158.34,0.517,3,1.269,3.223,0,1,7.06,419.32,1025.6,64.57,100.0,95.0,0.98,-11.07,0.059,207.6,466.8,1.18,1,CRITICAL
35.7,277.88,0.635,2,1.791,2.935,1,1,5.89,63.92,223.68,10.84,100.0,40.26,0.71,1.44,0.061,28.9,1185.6,0.485,1,CRITICAL
44.43,186.0,-0.491,5,1.817,3.258,1,3,9.8,27.01,82.97,2.23,79.18,15.07,0.573,1.95,0.22,254.1,412.6,0.495,1,CRITICAL
19.2,219.49,0.452,1,5.165,4.178,2,2,6.27,63.61,142.75,6.7,91.96,23.63,0.556,-0.34,0.234,5.0,1211.2,1.83,0,MODERATE
20.54,260.55,0.333,2,0.534,3.258,0,0,10.33,36.44,93.79,3.23,83.6,14.11,0.44,1.12,0.153,18.1,248.6,2.133,0,LOW
33.88,9.01,-0.549,4,0.601,1.542,1,2,8.77,3.3,58.91,0.4,69.64,7.78,0.351,-4.5,0.235,342.2,1612.9,0.85,0,HIGH
42.71,205.43,-0.137,4,3.448,2.617,1,2,10.72,14.6,50.98,1.59,70.61,8.23,0.557,0.3,0.199,464.4,106.4,0.636,1,CRITICAL
7.24,318.31,-0.203,1,2.968,1.481,2,2,5.35,1.26,54.37,0.19,62.03,6.22,0.173,-1.31,0.111,442.6,118.7,7.55,0,LOW
11.16,6.26,0.262,5,0.585,4.077,2,0,9.6,19.12,76.36,3.28,76.72,10.54,0.258,-2.73,0.054,53.5,126.3,2.627,0,LOW
17.43,145.87,-0.43,4,6.693,3.791,0,2,5.87,87.45,235.75,17.31,100.0,52.93,0.699,-3.66,0.152,5.0,82.8,0.566,1,CRITICAL
18.55,333.44,-0.035,2,1.397,2.427,3,1,2.5,13.96,101.78,1.71,72.07,13.2,0.336,-2.15,0.127,387.3,318.9,2.492,0,LOW
33.37,127.14,-0.24,3,1.6,3.303,2,0,9.47,48.81,188.71,4.25,100.0,39.82,0.563,-3.12,0.071,56.7,352.3,0.53,1,CRITICAL
42.82,165.14,0.166,2,1.909,3.83,2,2,7.49,78.61,179.56,6.33,100.0,32.32,0.827,-4.31,0.257,107.5,678.6,0.461,1,CRITICAL
44.49,353.35,-0.076,2,1.364,1.099,2,1,9.62,51.71,168.28,10.25,100.0,30.29,0.706,-5.59,0.143,89.9,163.8,0.46,1,CRITICAL
7.11,71.76,-0.187,2,2.853,2.476,0,2,7.7,1.01,52.68,0.2,65.72,6.35,0.133,-5.15,0.18,751.2,1089.3,7.42,0,LOW
13.57,23.49,-0.075,3,1.722,2.075,3,0,7.55,29.35,136.5,2.76,92.26,22.67,0.287,-0.78,0.17,586.9,805.9,2.769,0,LOW
10.07,309.39,0.713,4,1.051,3.264,0,3,10.79,37.88,121.79,3.08,93.4,20.48,0.339,-8.98,0.211,169.2,623.4,2.449,0,LOW
15.58,312.65,-0.146,3,8.219,1.654,2,2,7.76,27.28,92.17,5.24,78.46,16.29,0.424,3.12,0.076,439.9,1794.4,2.772,0,LOW
13.53,169.95,-0.364,2,1.29,3.007,2,0,6.45,51.37,140.6,8.72,91.61,29.35,0.433,-3.78,0.165,382.9,12.0,2.394,0,LOW
27.88,185.11,0.204,3,4.196,1.752,3,2,7.31,46.79,93.12,7.39,77.95,13.07,0.602,-6.64,0.12,177.9,1998.0,1.567,0,LOW
29.69,300.89,-0.05,4,1.493,0.555,1,0,7.85,13.49,50.91,2.09,65.42,5.99,0.403,-0.16,0.061,28.3,120.2,1.026,1,HIGH
22.25,265.88,-0.495,4,2.0,0.539,2,2,2.5,90.62,156.91,17.07,89.71,36.21,0.739,-3.35,0.094,416.1,19.1,0.743,1,CRITICAL
21.08,95.45,0.781,2,0.942,0.588,2,0,8.58,11.42,99.64,1.38,82.33,14.77,0.265,-3.8,0.072,317.1,268.0,2.057,0,LOW
17.87,6.08,-0.123,3,4.885,0.233,0,1,10.49,39.93,141.72,5.37,99.23,30.1,0.501,-3.43,0.16,47.6,521.7,1.733,0,LOW
19.1,172.69,-0.132,3,4.677,2.285,0,3,7.39,91.77,293.09,8.34,100.0,63.77,0.815,-3.26,0.212,186.5,157.3,0.676,1,CRITICAL
48.64,309.21,0.056,4,0.079,2.855,1,0,6.57,77.67,271.53,12.37,100.0,48.88,0.843,-0.04,0.126,443.8,267.2,0.2,1,CRITICAL
32.03,322.5,0.606,2,0.217,0.62,0,2,8.35,36.79,171.26,7.89,100.0,30.83,0.605,-8.55,0.052,409.5,121.6,0.766,1,CRITICAL
18.26,344.24,-0.588,2,8.946,2.609,0,0,11.34,101.11,311.93,12.11,100.0,68.28,0.688,-2.43,0.144,993.5,0.6,0.773,1,CRITICAL
20.86,316.64,0.097,3,7.688,2.551,2,2,8.53,81.31,173.28,17.08,100.0,31.19,0.671,1.29,0.057,174.2,1010.1,1.409,0,MODERATE
28.22,208.82,0.731,5,2.469,0.703,2,0,7.97,31.55,140.27,5.74,94.24,23.79,0.425,-3.87,0.061,490.1,202.4,0.743,1,CRITICAL
10.37,160.06,0.045,3,2.38,1.757,3,1,6.64,146.82,297.78,16.55,100.0,53.6,0.936,-2.27,0.102,5.0,71.3,1.605,0,MODERATE
24.0,278.95,-0.432,5,5.858,3.196,1,1,5.15,9.95,61.2,1.72,63.85,8.23,0.332,0.28,0.051,288.1,219.0,1.243,0,MODERATE
31.1,266.34,-0.216,1,0.522,0.169,1,0,7.55,28.85,119.01,3.79,86.68,22.03,0.491,2.93,0.356,91.5,6.3,1.101,1,HIGH
29.01,193.73,0.072,3,3.712,0.702,3,3,7.59,77.79,131.44,7.55,90.73,21.47,0.787,-2.17,0.225,47.6,37.7,1.219,0,MODERATE
13.73,31.44,0.466,3,2.262,4.183,3,3,3.25,134.12,347.78,12.47,100.0,62.6,0.943,-2.12,0.2,375.3,366.8,0.907,1,HIGH
15.3,333.39,-0.119,4,4.76,3.108,2,3,5.9,25.32,122.02,2.09,84.67,21.63,0.34,0.96,0.36,129.9,114.9,1.58,0,LOW
5.52,164.02,0.289,4,0.107,2.003,1,0,10.05,53.55,118.01,10.26,90.85,19.3,0.467,-0.73,0.056,266.5,479.2,4.618,0,LOW
32.85,130.8,-0.502,4,3.144,2.682,3,0,6.93,0.77,38.96,0.16,59.95,4.3,0.424,-3.45,0.216,497.0,270.9,0.953,1,HIGH
59.34,226.64,-0.505,4,2.848,3.57,0,2,2.5,30.12,80.35,4.44,65.21,13.05,0.781,-3.62,0.178,216.0,33.4,0.345,1,CRITICAL
12.57,242.58,-0.169,4,6.433,3.553,0,3,11.02,26.12,95.15,3.99,85.29,17.74,0.339,-1.05,0.21,162.2,339.2,2.068,0,LOW
38.9,75.85,0.503,5,3.954,1.431,2,2,5.54,120.13,325.04,21.24,100.0,58.51,0.98,-1.43,0.06,271.6,451.6,0.188,1,CRITICAL
56.6,301.3,0.024,3,7.426,2.114,2,1,6.47,5.0,69.46,0.89,68.87,8.61,0.564,-0.45,0.159,1551.0,367.0,0.8,0,HIGH
16.86,104.38,0.101,4,7.64,2.716,1,2,9.84,4.17,81.03,0.52,78.64,11.47,0.372,-3.87,0.173,38.0,132.5,1.696,0,LOW
20.87,67.21,0.097,5,1.836,0.395,2,0,5.87,38.0,172.61,3.89,100.0,31.07,0.477,-2.57,0.088,88.6,12.7,0.918,0,HIGH
25.48,146.3,0.388,3,0.517,3.978,2,3,3.17,34.01,147.63,4.77,87.94,23.37,0.47,-5.35,0.367,762.1,244.2,1.383,0,LOW
28.52,263.0,-0.214,4,3.483,1.874,3,3,7.98,11.45,98.82,2.03,80.98,15.78,0.411,0.04,0.218,1473.7,484.7,0.879,1,HIGH
26.23,347.56,0.241,3,7.243,1.621,1,3,9.25,19.87,77.9,3.83,76.58,10.74,0.423,3.35,0.275,228.5,32.6,1.749,0,LOW
17.64,291.34,-0.291,2,0.273,3.819,0,0,6.47,237.72,621.63,21.98,100.0,95.0,0.98,-4.64,0.093,5.0,1120.6,0.796,0,HIGH
30.85,338.53,0.694,3,2.857,0.585,2,1,7.23,46.79,166.59,7.6,100.0,29.99,0.58,-7.02,0.082,496.5,188.6,0.871,1,HIGH
17.87,50.62,-0.28,2,0.428,0.261,3,2,4.9,5.98,42.88,0.52,57.55,5.16,0.311,-1.06,0.112,278.9,191.0,3.034,0,LOW
27.2,25.62,-0.309,3,0.096,2.909,1,0,5.31,3.32,70.36,0.65,67.07,8.89,0.328,-1.3,0.079,208.7,182.4,1.776,0,LOW
21.8,200.77,0.192,5,3.984,1.679,1,1,6.79,2.78,31.69,0.48,57.37,3.27,0.204,-2.58,0.07,942.8,1035.2,1.485,0,LOW
6.6,104.51,0.028,1,4.008,3.234,1,2,8.93,32.02,79.73,5.69,76.58,10.99,0.313,-6.95,0.112,40.0,1305.4,7.41,0,LOW
41.89,298.1,0.114,1,3.213,0.381,0,1,7.72,130.46,348.78,24.35,100.0,62.78,0.98,-2.61,0.11,118.3,996.9,0.514,1,CRITICAL
15.54,241.92,0.08,4,6.862,1.673,3,1,9.74,116.3,293.81,17.37,100.0,52.88,0.813,-1.16,0.183,275.6,699.2,0.661,1,CRITICAL
44.07,349.46,-0.382,2,0.295,1.065,0,0,11.14,29.81,84.45,3.63,82.07,16.05,0.544,-4.01,0.134,5.0,135.7,0.835,1,CRITICAL
38.1,91.73,0.565,3,0.389,3.132,2,3,9.45,96.79,339.3,18.39,100.0,61.07,0.968,-5.37,0.233,561.3,607.3,0.431,1,CRITICAL
25.07,174.88,0.313,3,6.997,1.031,1,2,4.0,90.7,161.47,17.13,93.87,27.28,0.695,-3.81,0.143,402.1,155.2,1.266,0,MODERATE
29.31,180.45,0.476,1,2.449,1.978,1,2,6.88,42.88,130.31,4.24,89.08,20.89,0.51,2.3,0.06,75.0,212.7,1.211,0,MODERATE
31.21,86.1,-0.185,1,1.116,3.457,3,0,9.43,33.68,94.99,6.95,82.37,18.13,0.462,-2.58,0.066,103.1,69.8,1.24,0,MODERATE
19.8,212.43,0.146,5,4.69,3.853,2,2,7.24,12.94,104.29,1.44,81.4,15.28,0.271,-3.37,0.121,102.1,337.4,1.341,0,MODERATE
20.34,159.58,0.069,2,7.868,3.063,2,0,3.94,21.24,71.65,2.61,65.02,8.38,0.371,-2.62,0.115,552.8,739.4,2.491,0,LOW
30.41,160.82,0.395,3,4.095,1.86,2,2,6.29,26.88,113.44,2.96,82.61,16.87,0.508,-0.29,0.11,108.4,510.4,1.303,0,MODERATE
21.93,130.59,0.406,5,5.495,2.445,1,2,2.5,108.88,343.1,23.43,100.0,61.76,0.791,-8.44,0.13,91.7,214.0,0.296,1,CRITICAL
17.67,6.09,0.068,4,1.162,2.928,2,3,6.89,52.33,153.6,6.38,96.55,26.7,0.531,-2.83,0.213,376.8,498.3,1.195,0,MODERATE
13.87,187.95,-0.531,1,1.193,3.687,1,0,5.99,14.58,39.33,3.15,58.37,5.88,0.322,-2.36,0.179,242.0,452.0,3.982,0,LOW
27.63,120.69,0.623,3,6.986,3.743,3,0,6.71,6.55,70.38,1.11,69.59,8.82,0.337,-1.6,0.217,124.7,350.1,1.737,0,LOW
15.24,0.48,0.195,4,3.34,3.917,2,3,10.1,44.62,112.33,4.67,89.12,18.02,0.369,-3.83,0.259,240.3,140.3,1.67,0,LOW
34.74,110.86,-0.213,4,0.934,3.424,1,3,4.57,71.34,224.85,11.24,100.0,49.03,0.81,-5.95,0.292,705.3,13.1,0.212,1,CRITICAL
36.29,100.31,0.142,4,2.599,0.702,3,1,5.92,111.06,319.72,22.6,100.0,57.55,0.912,-1.09,0.187,167.7,17.5,0.208,1,CRITICAL
29.19,141.64,-0.529,3,4.053,3.165,2,0,4.99,103.75,184.17,16.46,100.0,45.6,0.742,-7.87,0.134,5.0,1363.9,0.529,1,CRITICAL
32.48,47.47,0.369,2,0.863,3.44,2,1,9.86,112.98,374.16,11.14,100.0,67.35,0.905,0.45,0.096,370.6,909.8,0.508,1,CRITICAL
29.24,182.77,-0.515,3,3.724,3.699,0,1,9.99,38.61,165.45,4.64,100.0,34.41,0.556,-1.1,0.142,1776.9,121.8,0.824,0,HIGH
33.71,249.28,-0.077,4,0.151,3.892,3,2,8.29,130.48,341.23,14.54,100.0,61.42,0.98,-2.11,0.264,15.1,97.3,0.215,1,CRITICAL
32.95,226.87,0.086,4,1.267,2.188,3,2,8.18,38.23,112.34,3.73,85.67,17.32,0.498,-1.81,0.077,264.6,162.5,0.703,1,CRITICAL
26.84,289.35,0.364,1,3.923,2.786,2,0,4.86,11.96,78.7,1.51,68.93,9.76,0.282,1.51,0.179,142.3,382.2,1.843,0,LOW
38.35,162.72,0.037,1,0.566,0.139,1,2,7.94,32.92,60.74,5.68,68.72,7.51,0.587,-0.52,0.526,232.8,7.8,1.32,0,MODERATE
20.2,186.87,0.222,5,0.879,2.448,1,0,5.03,27.01,142.57,3.61,89.68,23.02,0.422,1.52,0.165,103.0,1002.2,1.139,1,HIGH
14.12,291.74,-0.01,2,7.395,2.04,1,0,7.59,32.36,109.49,4.6,83.7,16.5,0.431,0.27,0.08,391.8,670.4,3.03,0,LOW
13.69,153.97,-0.011,2,3.926,4.045,2,1,6.74,69.86,157.09,8.72,97.41,27.54,0.609,0.2,0.06,27.4,338.2,2.41,0,MODERATE
18.55,252.58,0.03,4,2.418,3.797,0,0,6.19,69.54,212.54,15.24,100.0,38.26,0.603,-4.38,0.113,26.4,903.2,0.856,1,HIGH
5.96,156.46,-0.066,3,0.829,3.37,3,2,7.56,16.56,62.66,2.68,68.66,7.74,0.185,-2.48,0.06,217.6,357.8,8.49,0,LOW
24.93,150.39,-0.59,2,1.462,0.334,0,1,8.99,24.68,138.54,4.86,95.51,26.78,0.399,-1.65,0.1,108.4,41.8,1.254,0,MODERATE
31.43,273.67,-0.269,3,2.989,1.748,2,2,11.41,58.81,191.26,8.34,100.0,41.48,0.633,-2.37,0.083,718.3,367.5,0.555,1,CRITICAL
36.02,62.94,0.086,3,0.591,2.954,1,2,8.71,5.71,66.57,0.59,71.98,8.63,0.371,0.12,0.102,59.8,294.8,1.297,0,MODERATE
7.57,121.89,-0.087,3,2.301,0.222,1,3,12.51,75.85,160.18,15.06,100.0,28.83,0.594,-4.59,0.23,418.7,533.3,4.404,0,MODERATE
13.96,80.7,-0.055,5,1.841,1.067,2,3,7.94,12.81,86.38,2.39,76.94,11.96,0.327,-1.47,0.349,1028.7,191.2,2.049,0,LOW
34.19,129.28,-0.113,2,2.267,3.739,2,2,11.42,123.62,312.0,15.6,100.0,71.0,0.922,-2.1,0.096,110.8,201.0,0.495,1,CRITICAL
19.84,82.93,-0.302,4,0.39,0.632,2,1,8.46,33.38,145.02,5.5,96.63,29.23,0.41,-6.66,0.059,698.7,1281.4,0.992,1,HIGH
31.06,208.59,-0.173,1,0.394,0.311,1,0,8.03,16.22,56.44,1.51,67.51,8.8,0.533,1.12,0.133,106.7,1131.4,1.615,0,LOW
10.04,287.34,-0.107,3,11.646,2.48,1,2,7.13,71.64,142.95,5.99,93.58,32.68,0.597,2.48,0.171,226.2,1038.7,3.112,0,MODERATE
43.8,283.18,0.002,4,13.583,3.981,3,1,8.16,52.49,121.21,10.19,88.47,19.3,0.722,-4.54,0.094,5.0,241.2,0.431,1,CRITICAL
9.53,131.22,0.138,2,1.944,3.522,2,0,8.45,12.26,90.9,2.6,79.3,12.97,0.292,2.25,0.124,85.9,623.0,4.855,0,LOW
3.0,355.95,-0.063,3,5.446,4.097,2,0,4.38,114.1,362.67,14.62,100.0,65.28,0.777,-2.92,0.097,15.1,1263.5,4.0,0,MODERATE
24.54,213.79,-0.36,2,3.733,3.189,1,1,9.04,39.25,146.14,6.42,98.04,30.5,0.497,-4.2,0.068,8.5,1533.4,1.143,0,MODERATE
24.88,143.78,-0.489,1,0.435,1.893,2,2,4.24,10.74,55.27,1.94,60.31,7.29,0.285,0.65,0.123,1522.2,125.1,2.137,0,LOW
16.59,300.79,0.909,3,1.232,3.981,1,2,9.04,103.38,185.32,19.07,100.0,33.36,0.793,1.58,0.147,405.4,108.7,1.744,0,MODERATE
28.65,262.75,-0.395,4,1.317,1.849,1,2,8.82,9.31,59.12,1.37,69.79,8.54,0.421,-2.39,0.073,114.8,310.1,1.016,1,HIGH
29.08,269.74,-0.182,1,3.17,1.535,1,1,10.63,223.81,401.51,37.12,100.0,95.0,0.98,-8.34,0.149,320.0,916.7,0.602,1,CRITICAL
27.42,70.61,0.181,5,3.036,1.938,0,1,5.6,37.9,149.04,6.52,92.78,24.89,0.522,-7.54,0.207,209.6,338.2,0.756,1,CRITICAL
16.41,168.6,0.126,2,8.997,3.437,1,1,5.33,84.68,189.18,8.0,100.0,34.05,0.615,-3.26,0.249,699.9,706.3,1.663,0,MODERATE
14.59,310.26,0.182,1,5.463,3.863,0,3,9.94,39.09,108.44,6.66,87.59,17.1,0.33,-1.57,0.215,80.2,289.5,2.874,0,LOW
17.45,181.45,-0.155,2,6.803,1.566,2,0,5.14,13.5,97.53,2.05,75.45,14.87,0.318,3.07,0.065,201.1,626.0,2.559,0,LOW
13.42,246.04,0.083,2,7.765,1.995,2,1,4.92,92.25,266.59,12.27,100.0,47.99,0.741,1.61,0.213,5.0,139.2,1.314,0,MODERATE
39.27,211.66,0.021,1,5.655,3.783,3,1,7.96,22.2,93.97,2.59,79.4,13.43,0.541,-3.3,0.142,364.0,782.3,1.071,1,HIGH
18.33,303.25,-0.109,4,1.417,0.293,0,0,7.4,74.56,168.72,12.62,100.0,39.32,0.628,-0.67,0.061,241.6,717.8,0.844,1,CRITICAL
24.16,102.44,0.086,3,0.847,3.314,1,1,7.84,19.34,70.9,2.0,71.8,9.16,0.323,-4.46,0.105,273.3,114.6,1.983,0,LOW
34.11,207.17,0.369,3,2.968,1.962,2,2,8.68,17.93,66.94,3.47,72.05,8.68,0.494,-1.38,0.164,362.3,927.0,1.375,0,LOW
13.02,44.36,-0.008,5,4.094,1.644,0,1,8.7,39.75,123.5,4.14,90.17,20.05,0.375,-2.32,0.068,134.5,56.5,1.918,0,LOW
9.27,248.48,-0.005,3,1.71,1.932,0,0,7.33,110.12,230.44,20.71,100.0,41.48,0.686,-5.59,0.243,47.6,658.7,2.678,0,MODERATE
13.45,263.51,0.374,2,6.601,1.817,2,2,7.61,61.81,144.72,12.02,95.0,24.75,0.561,-2.74,0.211,57.0,854.1,2.632,0,MODERATE
25.6,15.42,0.336,2,11.316,3.202,2,0,7.35,4.35,20.99,0.92,54.95,2.08,0.266,0.82,0.122,368.6,794.3,2.214,0,LOW
24.67,243.28,0.554,2,2.949,3.905,3,1,7.58,86.04,244.39,12.46,100.0,43.99,0.717,-0.18,0.17,1440.0,126.0,0.682,1,CRITICAL
27.39,149.29,-0.615,3,2.135,2.115,3,1,4.45,56.35,110.34,5.01,78.31,22.32,0.544,-2.69,0.063,167.0,38.1,1.341,0,MODERATE
20.91,44.67,0.317,2,6.478,3.514,2,3,9.16,63.51,197.24,11.11,100.0,35.5,0.57,-2.69,0.223,52.8,13.3,1.195,1,HIGH
3.55,151.17,0.211,3,0.086,3.101,1,0,9.81,28.36,117.35,3.39,90.21,19.05,0.161,-6.37,0.169,20.2,10.9,11.536,0,LOW
20.54,69.92,-0.31,4,0.483,1.456,2,1,8.9,52.8,140.65,4.91,96.03,30.65,0.555,-1.57,0.097,183.8,321.9,0.924,1,HIGH
36.5,149.6,0.088,4,6.54,2.508,2,1,8.73,30.23,96.42,6.04,81.57,14.16,0.563,-2.47,0.066,352.7,100.5,0.665,1,CRITICAL
41.41,138.36,0.368,4,4.609,2.834,2,2,5.32,5.53,38.02,0.55,56.74,3.88,0.568,-1.54,0.077,258.1,921.7,0.746,1,CRITICAL
23.29,265.82,-0.29,2,1.883,0.196,3,2,4.39,120.94,295.84,18.25,100.0,67.76,0.903,-4.82,0.128,96.5,80.6,0.633,1,CRITICAL
24.72,278.72,0.155,1,7.689,1.723,2,2,9.33,73.66,184.75,14.02,100.0,33.25,0.621,-5.05,0.053,252.7,500.1,0.97,1,HIGH
30.76,218.53,0.305,3,1.516,4.17,2,2,7.56,72.15,197.54,7.78,100.0,35.56,0.756,-4.83,0.063,219.5,1125.5,0.732,1,CRITICAL
40.8,8.17,-0.375,2,3.516,2.713,0,0,7.87,13.99,71.12,2.88,71.93,10.89,0.545,-3.17,0.068,68.4,1506.2,1.1,1,HIGH
22.17,335.17,-0.05,1,3.521,1.47,3,3,7.97,70.81,250.07,8.95,100.0,45.01,0.697,-5.93,0.375,147.4,881.2,0.731,0,HIGH
30.53,247.04,0.105,3,0.713,1.125,2,1,8.07,17.16,57.81,2.33,68.02,7.08,0.332,-0.81,0.225,583.4,102.9,1.612,1,HIGH
15.99,12.31,-0.279,2,1.173,0.959,1,0,8.92,75.61,253.33,7.44,100.0,54.67,0.571,-1.31,0.069,391.0,339.2,0.868,1,HIGH
10.17,294.78,-0.308,4,8.67,1.747,1,2,7.29,26.37,114.3,4.49,84.7,20.59,0.268,-2.07,0.123,742.9,91.8,2.462,0,LOW
16.99,72.1,-0.047,2,0.709,0.892,0,2,3.31,11.14,41.33,1.66,54.18,4.03,0.368,-0.98,0.086,623.2,410.2,3.27,0,LOW
45.63,208.52,0.281,5,0.667,0.654,0,0,9.01,153.87,314.87,33.3,100.0,56.68,0.98,-4.85,0.054,79.6,123.0,0.183,1,CRITICAL
30.86,167.99,0.225,4,2.286,1.593,2,3,8.77,7.19,92.55,1.28,80.4,13.39,0.439,1.51,0.213,554.8,180.3,0.837,0,HIGH
10.79,151.14,-0.301,1,0.339,2.589,0,2,4.65,93.25,277.15,17.37,100.0,61.08,0.598,-2.93,0.05,267.3,361.6,1.389,0,MODERATE
31.61,320.3,0.228,3,7.876,0.7,3,1,4.93,6.98,31.01,0.75,53.81,3.0,0.394,-0.65,0.382,916.5,58.6,1.715,0,LOW
11.32,157.45,-0.293,3,0.369,0.282,3,1,9.44,75.03,236.88,13.49,100.0,51.64,0.484,-0.69,0.134,61.0,196.9,1.57,0,MODERATE
27.19,27.12,-0.564,4,3.355,0.242,1,0,9.96,7.6,68.99,1.2,75.01,10.23,0.3,-1.41,0.061,118.0,187.0,1.037,0,HIGH
12.72,340.79,-0.129,3,1.453,1.196,1,3,2.5,46.21,167.72,6.31,93.17,33.67,0.439,1.36,0.306,143.3,396.2,2.376,0,LOW
10.41,331.39,0.393,3,5.709,0.88,1,2,8.47,13.54,83.03,2.57,76.81,11.48,0.262,-3.13,0.126,6.7,382.3,4.52,0,LOW
49.57,246.4,0.23,3,3.119,2.311,0,2,7.01,130.93,375.08,28.41,100.0,67.51,0.98,0.5,0.069,182.9,222.4,0.424,1,CRITICAL
18.32,168.44,-0.001,2,1.72,1.968,0,2,7.66,33.36,132.95,3.11,91.34,21.86,0.381,-2.36,0.104,806.1,903.0,2.031,0,LOW
30.56,33.43,-0.146,5,14.445,1.432,2,2,7.79,1.01,58.23,0.19,67.65,7.21,0.371,-2.85,0.125,472.9,463.4,0.959,1,HIGH
22.68,284.67,-0.136,2,0.24,3.518,3,2,5.82,64.3,237.57,13.42,100.0,50.48,0.603,-6.41,0.086,62.2,734.6,0.646,1,CRITICAL
11.88,27.17,0.038,1,3.018,2.17,3,0,8.94,38.29,116.31,4.75,88.3,18.49,0.465,0.21,0.305,92.9,380.5,3.451,0,LOW
19.44,24.7,-0.374,2,15.97,0.475,3,2,5.99,127.68,291.15,16.7,100.0,67.73,0.873,-4.67,0.058,1046.5,216.0,0.733,1,CRITICAL
11.94,193.46,-0.122,5,4.11,1.313,2,2,9.14,36.9,139.52,7.06,96.1,28.56,0.288,-1.58,0.061,17.3,215.1,1.806,0,LOW
67.85,57.65,-0.075,3,4.712,4.091,3,3,9.63,34.42,143.87,7.35,98.38,25.48,0.846,-1.24,0.355,169.5,104.5,0.607,1,CRITICAL
33.45,2.78,-0.473,4,0.114,4.106,2,2,5.58,39.34,91.22,8.32,74.24,16.91,0.581,-3.21,0.073,610.5,806.5,0.717,1,CRITICAL
22.45,152.32,-0.293,4,0.076,1.144,0,1,5.64,127.73,401.36,11.21,100.0,87.57,0.874,-1.07,0.061,334.7,832.7,0.282,1,CRITICAL
29.7,49.4,0.144,4,0.129,0.786,2,0,7.75,57.45,119.12,11.61,87.07,18.67,0.609,-1.21,0.089,1130.2,52.0,0.778,1,CRITICAL
32.33,57.79,0.003,3,16.78,2.132,3,1,10.81,71.94,156.61,11.66,100.0,28.19,0.728,-4.77,0.065,1034.4,800.9,0.856,0,HIGH
32.37,27.69,-0.108,2,13.609,2.074,0,2,6.2,82.84,224.15,11.51,100.0,50.29,0.754,-6.22,0.106,390.7,773.6,0.509,1,CRITICAL
31.65,73.83,-0.319,1,1.425,1.782,1,0,6.61,180.23,481.95,35.75,100.0,95.0,0.98,-2.85,0.156,186.6,415.4,0.572,0,HIGH
30.39,257.57,0.552,3,1.204,2.27,1,2,8.21,118.12,346.99,22.69,100.0,62.46,0.924,-4.17,0.163,273.9,617.3,0.479,1,CRITICAL
23.46,291.21,-0.293,3,0.552,1.052,0,2,8.94,170.38,333.78,25.78,100.0,80.53,0.98,-2.86,0.079,442.2,1142.9,0.572,1,CRITICAL
47.6,162.91,0.088,3,1.397,0.571,1,0,8.66,27.33,96.81,3.76,81.56,14.21,0.599,-2.37,0.144,97.0,299.2,0.785,1,CRITICAL
24.28,182.36,-0.171,3,1.618,2.439,1,2,7.57,15.72,43.57,2.3,62.57,6.79,0.383,-0.98,0.319,171.7,675.1,2.089,0,LOW
22.81,11.76,0.013,4,4.828,3.924,3,0,6.83,14.78,50.43,1.84,63.43,5.76,0.347,0.52,0.051,308.1,1436.7,1.375,0,LOW
24.4,24.95,0.16,1,7.042,0.665,3,0,8.23,126.78,301.48,22.22,100.0,54.27,0.867,-7.49,0.133,88.6,216.4,0.679,1,CRITICAL
25.35,92.72,-0.48,1,4.807,2.99,3,0,2.5,115.4,311.82,23.64,100.0,69.98,0.874,0.71,0.105,299.7,266.5,0.66,1,CRITICAL
7.61,195.8,-0.002,4,3.639,1.895,0,2,11.61,68.31,136.34,7.86,99.53,24.43,0.48,-1.63,0.09,44.2,478.2,3.013,0,MODERATE
13.37,266.24,0.417,2,5.082,1.305,0,3,7.09,4.23,61.28,0.83,67.37,7.43,0.266,-6.39,0.219,152.3,310.6,3.857,0,LOW
20.91,217.8,0.617,4,4.695,3.598,0,2,7.9,24.88,79.14,3.25,74.55,10.62,0.453,1.67,0.061,30.1,135.8,1.377,0,LOW
7.35,141.17,-0.046,3,2.26,1.972,3,0,12.12,86.13,228.64,8.48,100.0,41.16,0.634,-0.45,0.253,519.5,422.3,3.439,0,MODERATE
22.43,42.6,0.015,5,1.432,2.492,0,0,5.87,18.58,115.78,1.59,82.61,17.22,0.336,-2.05,0.052,100.9,642.1,1.131,0,MODERATE
25.17,281.08,0.774,4,1.163,1.917,2,2,12.63,63.59,193.99,9.35,100.0,34.92,0.561,1.02,0.101,729.9,2.6,0.63,1,CRITICAL
9.88,130.96,0.397,3,3.981,0.433,1,0,9.13,50.86,200.8,8.12,100.0,36.14,0.358,-3.81,0.068,434.3,100.8,2.86,0,LOW
15.34,264.98,-0.216,4,11.206,2.539,0,2,8.48,19.81,69.64,1.6,72.55,11.47,0.33,-1.92,0.063,106.1,2298.3,1.892,0,LOW
42.27,184.67,-0.217,1,3.045,1.817,0,0,8.92,177.01,359.44,30.33,100.0,85.94,0.98,1.12,0.085,259.0,881.9,0.513,1,CRITICAL
29.86,265.92,0.335,3,8.527,0.456,2,0,5.65,19.29,86.78,2.94,72.94,11.39,0.38,-0.28,0.08,162.7,2412.5,1.516,0,LOW
28.97,326.62,-0.354,4,0.05,2.543,0,1,3.87,146.37,266.32,32.15,100.0,65.5,0.98,-1.42,0.1,459.2,459.5,0.234,1,CRITICAL
39.62,331.57,0.381,4,5.538,0.14,1,2,4.9,50.61,170.46,4.79,98.37,30.18,0.694,-0.17,0.104,324.6,317.4,0.339,1,CRITICAL
13.52,192.64,0.117,3,6.725,0.955,1,0,9.89,6.26,75.33,1.12,76.91,10.43,0.256,-4.79,0.106,297.0,14.7,3.513,0,LOW
9.9,184.14,0.181,2,3.489,3.302,2,0,5.44,116.58,296.34,12.87,100.0,53.34,0.776,-2.78,0.061,362.8,190.1,1.462,0,MODERATE
36.88,95.64,-0.09,4,9.517,0.256,2,1,3.86,101.89,257.29,11.09,100.0,46.31,0.98,-2.72,0.065,153.1,240.7,0.207,1,CRITICAL
21.23,336.89,-0.22,2,3.12,2.751,3,1,7.33,115.55,333.44,9.55,100.0,73.89,0.839,-0.55,0.081,149.6,63.8,0.681,0,HIGH
13.31,164.85,0.512,4,0.963,3.994,1,3,8.76,66.07,164.39,5.35,100.0,29.59,0.568,1.23,0.207,121.2,226.1,1.526,1,HIGH
59.71,45.93,-0.086,4,0.85,0.802,0,0,7.59,80.82,238.23,8.58,100.0,42.88,0.98,0.41,0.193,48.9,115.0,0.228,1,CRITICAL
7.57,155.77,-0.144,3,2.84,1.81,2,0,8.83,154.43,424.87,16.15,100.0,95.0,0.98,-5.47,0.058,126.0,262.7,1.602,0,MODERATE
24.55,45.74,-0.028,1,8.294,2.46,2,1,10.04,8.88,56.37,0.71,71.11,7.22,0.341,-4.97,0.071,279.7,403.2,2.105,0,LOW
19.88,180.91,0.068,2,0.263,1.947,2,0,8.76,5.63,85.37,1.02,78.08,12.0,0.349,-0.06,0.131,105.6,494.4,2.325,0,LOW
18.01,202.06,-0.361,5,3.246,2.644,3,1,7.16,8.69,83.09,1.31,74.48,12.18,0.196,-1.6,0.263,60.3,349.7,1.572,0,LOW
4.45,121.59,-0.198,4,5.141,1.757,3,0,6.3,132.65,384.46,17.97,100.0,85.12,0.905,-6.48,0.062,883.3,16.6,1.284,0,MODERATE
47.28,25.79,-0.216,3,0.429,0.709,1,3,9.2,53.8,163.49,5.09,100.0,35.88,0.768,-4.02,0.246,244.2,1122.6,0.419,1,CRITICAL
8.74,339.66,0.296,3,0.435,0.465,1,1,8.11,12.59,80.11,1.6,75.22,10.85,0.271,-1.6,0.078,9.2,786.9,5.46,0,LOW
19.01,278.41,-0.31,4,1.596,3.152,3,2,5.61,9.93,92.64,1.45,74.74,13.65,0.238,-0.75,0.102,425.9,415.2,1.455,0,LOW
17.24,302.0,-0.615,3,1.12,1.078,1,3,10.36,38.32,165.53,8.42,100.0,34.39,0.362,-3.36,0.246,314.4,865.3,1.628,0,LOW
30.34,132.07,-0.688,4,0.774,3.575,2,3,8.08,109.94,260.71,16.65,100.0,60.12,0.86,-3.44,0.269,137.9,916.3,0.228,1,CRITICAL
7.62,273.9,-0.515,2,0.775,3.146,3,1,8.94,106.32,324.61,8.8,100.0,71.19,0.694,-3.51,0.053,334.6,116.3,1.749,0,MODERATE
28.44,174.73,0.477,4,0.49,0.303,2,3,6.64,123.86,302.32,13.51,100.0,54.42,0.934,-2.99,0.341,688.3,139.3,0.237,1,CRITICAL
24.61,72.39,0.006,4,3.303,0.925,2,2,9.99,95.23,167.49,12.35,100.0,30.15,0.753,-5.54,0.053,68.0,33.0,0.737,1,CRITICAL
14.9,44.79,0.175,2,4.078,1.297,2,0,4.01,4.13,64.85,0.59,62.97,7.35,0.23,-3.03,0.118,210.4,362.2,3.494,0,LOW
27.91,124.22,0.188,4,4.248,2.537,0,3,11.19,82.78,274.88,14.44,100.0,49.48,0.62,0.52,0.335,413.4,566.9,0.296,1,CRITICAL
22.41,49.52,0.02,3,2.66,3.42,2,1,3.23,47.57,141.77,7.74,86.19,21.99,0.538,-2.8,0.06,24.3,53.2,1.66,0,LOW
53.1,359.38,-0.026,2,10.695,0.347,1,0,4.47,84.25,181.85,12.75,100.0,32.73,0.938,-1.69,0.142,390.2,285.1,0.479,0,HIGH
19.87,17.71,0.366,1,7.436,1.123,0,2,8.05,43.04,144.59,8.49,95.76,24.92,0.522,-5.11,0.069,404.1,759.2,1.677,0,LOW
12.26,158.81,0.051,4,11.065,1.642,2,2,6.33,42.95,147.18,4.62,93.49,24.77,0.389,0.91,0.068,225.3,491.5,1.854,0,LOW
28.59,162.75,0.49,5,1.723,0.852,2,3,6.78,8.76,77.61,0.8,72.04,10.06,0.354,1.5,0.204,430.1,372.6,0.982,1,HIGH
18.49,108.23,0.217,4,7.357,2.336,2,2,6.33,153.16,312.37,30.23,100.0,56.23,0.98,-3.52,0.087,310.8,338.2,0.444,1,CRITICAL
22.16,205.69,-0.216,4,5.037,2.06,3,1,5.78,30.51,118.29,4.42,83.25,21.39,0.464,-3.35,0.229,109.8,208.2,1.058,1,HIGH
9.95,53.99,-0.174,1,1.454,1.398,1,0,8.2,56.76,140.05,8.94,94.57,30.65,0.521,-5.93,0.147,44.3,258.2,3.067,0,LOW
30.58,282.21,-0.255,1,0.394,2.219,2,2,7.39,15.09,93.21,2.98,78.13,14.92,0.418,4.18,0.117,917.4,154.8,1.394,0,LOW
16.81,119.68,0.426,2,4.017,1.559,1,2,9.45,29.92,111.52,6.35,87.69,17.6,0.406,-2.81,0.187,240.0,504.4,2.447,0,LOW
25.65,212.88,-0.142,5,0.513,1.507,2,0,7.68,132.9,386.17,20.9,100.0,85.46,0.971,-7.44,0.194,348.9,464.2,0.235,1,CRITICAL
59.96,257.63,-0.279,5,1.217,1.188,3,0,6.58,15.29,50.36,2.96,62.96,7.54,0.641,-3.0,0.122,217.9,101.4,0.42,1,CRITICAL
19.23,320.06,0.112,2,2.429,2.316,1,0,9.2,15.0,47.82,2.34,66.87,5.76,0.233,-0.5,0.08,380.6,140.4,2.731,0,LOW
32.79,300.88,-0.034,4,3.987,1.921,2,2,3.47,19.62,106.27,1.66,75.25,14.39,0.471,-4.71,0.22,46.4,1932.2,0.772,1,CRITICAL
19.98,218.99,0.103,3,9.124,0.905,2,0,2.5,55.57,123.12,11.88,78.9,17.49,0.492,-3.79,0.084,70.1,49.7,2.086,0,LOW
15.02,139.82,0.661,1,3.148,0.153,2,0,4.01,47.8,80.52,9.3,67.98,9.85,0.503,-5.76,0.065,538.3,532.1,3.366,0,LOW
43.04,181.15,0.32,3,3.895,0.719,2,1,6.74,12.53,59.16,2.32,66.07,7.04,0.464,2.16,0.116,15.7,326.9,1.12,0,MODERATE
6.1,276.74,0.009,4,1.299,0.276,2,0,8.36,76.54,234.41,10.86,100.0,42.19,0.503,-2.94,0.057,170.6,36.6,2.599,0,MODERATE
37.23,315.92,-0.493,2,4.069,1.87,1,0,2.5,154.76,306.2,32.8,100.0,73.69,0.98,-7.93,0.069,59.3,27.6,0.477,0,HIGH
5.57,37.36,-0.175,5,2.016,1.023,2,3,7.47,14.41,83.85,2.14,75.29,13.09,0.243,-3.74,0.35,235.8,728.0,5.152,0,LOW
35.25,138.55,0.249,2,6.806,1.824,2,2,6.72,72.65,205.05,13.14,100.0,36.91,0.73,-4.27,0.093,175.5,432.4,0.491,1,CRITICAL
22.34,279.4,-0.41,1,1.744,1.451,2,1,7.8,57.38,206.95,5.4,100.0,44.14,0.594,-2.29,0.104,375.5,20.6,0.727,1,CRITICAL
12.28,155.39,0.749,2,2.211,2.306,1,3,3.3,25.93,109.85,2.87,76.1,15.05,0.194,-4.0,0.262,103.3,152.9,3.661,0,LOW
17.47,119.6,0.005,4,1.983,3.068,1,0,13.25,62.52,168.66,8.71,100.0,30.36,0.652,-3.36,0.104,153.2,134.7,1.111,0,MODERATE
31.86,148.08,0.017,3,5.833,2.065,0,2,7.57,15.31,35.97,2.47,60.14,3.89,0.381,-3.1,0.07,74.8,370.7,1.653,0,LOW
57.03,217.02,-0.233,4,10.754,0.354,0,1,4.82,116.71,263.87,22.5,100.0,61.5,0.98,-7.13,0.248,30.4,124.3,0.218,1,CRITICAL
7.83,359.93,0.174,3,1.387,0.172,0,2,7.78,1.46,40.6,0.17,62.01,4.53,0.195,-3.52,0.141,72.0,712.5,6.808,0,LOW
12.75,177.48,-0.405,3,2.255,0.974,3,1,10.79,54.42,136.51,10.25,98.1,30.63,0.51,-4.22,0.134,640.4,122.4,2.487,0,LOW
9.38,75.06,0.758,4,4.284,1.842,3,0,4.67,24.95,135.01,5.11,86.61,21.05,0.259,-4.75,0.195,185.0,269.8,2.645,0,LOW
19.89,58.62,0.461,3,7.901,0.284,3,2,4.21,138.56,406.01,26.96,100.0,73.08,0.935,-7.58,0.14,215.9,246.7,0.653,1,CRITICAL
35.74,15.25,0.345,4,2.382,1.444,3,2,7.24,44.97,146.07,7.52,94.77,24.92,0.631,-3.59,0.06,378.1,33.4,0.502,1,CRITICAL
8.56,201.17,-0.487,1,0.404,3.737,1,1,7.43,105.43,238.13,20.39,100.0,55.51,0.696,-1.15,0.083,559.1,222.1,1.736,0,MODERATE
22.02,196.05,0.072,4,1.61,0.469,2,2,9.06,167.35,392.89,33.95,100.0,70.72,0.98,-4.92,0.087,6.6,236.0,0.286,1,CRITICAL
35.15,73.88,0.423,4,2.798,3.989,3,1,10.75,26.45,69.78,4.17,76.67,9.63,0.542,-9.69,0.139,37.2,70.8,0.774,0,HIGH
17.33,250.32,0.208,5,1.892,3.612,2,2,9.22,138.0,435.18,26.69,100.0,78.33,0.98,-1.43,0.148,156.1,973.3,0.323,1,CRITICAL
24.74,266.8,-0.351,2,0.723,3.51,0,2,4.45,84.22,252.64,11.7,100.0,55.58,0.698,-4.62,0.115,62.3,210.4,0.605,1,CRITICAL
41.4,93.28,-0.228,4,0.132,3.641,2,0,5.14,7.44,59.08,1.14,63.17,7.61,0.493,2.25,0.091,180.1,848.2,0.682,1,CRITICAL
11.32,123.88,-0.158,3,4.07,0.428,0,3,5.74,7.13,91.84,0.62,74.73,13.21,0.238,0.67,0.367,267.1,392.8,4.067,0,LOW
6.57,356.57,-0.211,3,17.237,0.72,1,2,9.21,110.51,211.7,22.51,100.0,51.37,0.687,-4.18,0.115,188.6,4.4,2.845,0,MODERATE
26.39,134.74,0.535,1,8.806,0.651,1,3,8.83,41.06,142.68,4.09,96.56,24.8,0.557,-2.51,0.339,318.5,516.3,1.197,0,MODERATE
26.79,273.89,-0.672,1,4.024,0.556,3,2,10.28,44.43,116.16,5.27,90.67,24.29,0.576,-4.94,0.259,5.4,233.1,1.225,1,HIGH
16.63,162.98,0.23,4,6.448,1.444,2,2,8.73,144.21,364.7,17.95,100.0,65.65,0.927,-2.46,0.094,218.5,592.4,0.362,1,CRITICAL
14.77,285.6,-0.452,4,1.034,3.504,1,3,6.12,152.19,314.39,14.64,100.0,74.85,0.98,-0.2,0.227,356.4,526.2,0.403,1,CRITICAL
22.59,276.85,-0.336,3,3.409,1.133,2,0,7.07,7.77,33.24,1.62,58.36,4.42,0.32,-3.17,0.087,1595.3,604.3,2.35,0,LOW
11.19,240.39,-0.703,4,0.219,1.101,3,3,4.28,30.41,140.19,6.56,87.57,25.75,0.395,-3.32,0.207,31.1,529.7,2.03,0,LOW
11.21,307.72,-0.192,1,4.299,2.871,1,0,8.88,146.64,289.9,29.49,100.0,69.78,0.94,0.8,0.085,5.0,9.3,1.34,1,HIGH
31.75,338.12,0.529,4,12.258,0.497,2,0,6.12,111.41,210.35,14.32,100.0,37.86,0.913,-3.21,0.106,96.2,1509.0,0.391,1,CRITICAL
10.72,208.79,0.093,5,6.901,1.577,1,0,10.19,82.98,183.25,7.28,100.0,32.99,0.6,-6.67,0.068,111.6,280.3,1.851,0,MODERATE
6.87,85.49,-0.419,4,2.676,1.311,2,2,8.82,6.99,78.78,0.74,76.09,11.63,0.224,-4.75,0.066,462.3,998.4,4.26,0,LOW
14.75,143.51,0.356,3,5.441,3.574,0,0,11.76,63.1,229.43,11.87,100.0,41.3,0.479,1.8,0.081,81.1,81.1,1.623,0,MODERATE
16.87,272.99,0.431,4,10.082,2.209,3,0,8.42,56.67,165.78,6.8,100.0,29.84,0.537,-1.15,0.058,79.2,198.8,1.17,1,HIGH
28.43,234.32,0.036,3,0.852,2.751,0,2,8.38,11.89,58.05,2.44,68.66,7.17,0.452,-4.06,0.104,572.2,1640.3,1.733,0,LOW
15.53,64.01,0.712,4,5.517,0.629,1,1,7.1,96.63,265.3,19.03,100.0,47.75,0.733,-2.29,0.131,157.0,936.1,0.801,1,CRITICAL
45.02,18.45,0.288,3,1.101,3.909,1,2,6.65,24.31,58.85,2.75,65.81,6.97,0.494,-3.77,0.121,300.4,718.7,1.069,1,HIGH
23.25,245.87,0.239,4,7.333,1.422,2,0,6.93,63.0,216.66,11.16,100.0,39.0,0.532,-7.26,0.076,65.3,154.3,0.624,1,CRITICAL
13.55,90.39,-0.281,1,0.362,2.998,2,0,9.7,29.2,119.24,4.14,90.61,22.95,0.355,-2.65,0.208,258.1,549.7,2.72,0,LOW
27.8,179.88,0.22,3,0.687,4.014,0,0,4.53,5.73,24.6,0.63,51.03,2.26,0.312,-1.34,0.059,629.8,124.2,1.99,0,LOW
44.61,268.83,0.076,3,4.463,2.185,0,1,7.64,48.36,111.82,7.86,84.53,17.01,0.743,-6.09,0.05,368.0,500.7,0.783,1,CRITICAL
31.3,202.56,0.182,4,0.672,2.181,2,1,3.83,23.8,95.68,4.69,72.52,12.49,0.446,-4.82,0.062,42.1,1537.1,0.852,1,HIGH
8.22,29.99,-0.24,4,0.602,0.581,2,1,8.32,4.81,74.88,1.01,73.94,10.54,0.217,-3.8,0.153,39.5,193.8,3.62,0,LOW
17.72,66.81,0.045,5,2.838,1.7,3,1,6.49,14.38,103.38,1.27,79.77,14.84,0.411,-2.0,0.174,30.1,301.6,1.525,0,LOW
25.43,78.96,-0.286,4,6.306,3.595,2,2,8.61,62.7,162.85,8.69,100.0,36.84,0.618,-2.13,0.166,703.8,229.6,0.586,1,CRITICAL
30.62,92.83,-0.751,2,1.094,0.654,2,0,5.87,6.95,79.65,1.14,71.05,11.02,0.329,-4.95,0.081,263.5,47.3,1.519,0,LOW
19.96,203.55,0.349,4,6.439,3.862,1,1,6.93,5.95,28.45,0.76,56.59,2.9,0.309,-2.77,0.216,5.0,1357.2,1.662,0,LOW
18.41,181.43,-0.526,1,5.775,2.836,2,0,8.89,187.38,503.79,23.32,100.0,95.0,0.98,-6.12,0.226,510.7,220.2,0.853,0,HIGH
52.89,73.14,0.038,4,3.029,1.826,3,0,7.78,7.39,21.85,1.39,55.99,2.2,0.573,-5.69,0.187,110.7,1456.4,0.593,0,HIGH
31.54,24.32,0.117,5,3.64,2.341,0,0,10.89,30.66,73.21,5.81,78.04,10.28,0.574,-1.25,0.157,315.8,573.1,0.863,0,HIGH
27.84,61.72,0.114,1,0.144,0.717,1,1,6.44,9.31,28.89,1.69,55.84,2.9,0.31,0.11,0.197,534.7,112.5,2.074,0,LOW
15.91,354.38,-0.099,4,1.601,0.992,2,1,6.25,182.08,385.26,37.47,100.0,69.35,0.98,-4.06,0.136,392.6,420.8,0.377,1,CRITICAL
11.09,168.68,0.095,4,1.07,1.274,2,3,10.22,42.65,167.81,6.37,100.0,30.21,0.372,-5.36,0.466,482.7,42.9,1.829,0,LOW
28.1,312.24,0.165,3,0.569,1.678,2,3,6.69,7.66,42.6,1.46,60.68,4.65,0.432,0.14,0.28,456.7,98.0,1.859,0,LOW
33.35,305.55,0.257,2,1.728,3.854,1,2,6.59,95.2,194.72,7.77,100.0,35.05,0.737,-3.36,0.064,45.2,50.6,0.603,1,CRITICAL
22.1,184.15,0.607,3,1.534,1.607,0,0,8.34,98.65,282.87,21.53,100.0,50.92,0.882,-0.72,0.066,137.3,30.2,0.675,1,CRITICAL
31.58,254.41,0.082,5,4.568,2.248,0,2,7.14,150.45,434.74,31.4,100.0,78.25,0.98,-3.01,0.095,688.0,433.8,0.206,1,CRITICAL
32.01,69.39,0.022,2,3.19,0.764,3,2,6.81,79.5,198.11,15.72,100.0,35.66,0.693,-2.01,0.152,27.6,141.3,0.633,1,CRITICAL
34.52,247.82,-0.317,3,8.55,3.117,3,2,5.98,3.66,36.24,0.59,57.35,4.18,0.44,-1.98,0.062,1049.6,636.8,1.525,0,LOW
8.13,98.06,0.153,1,0.55,2.397,1,0,10.5,51.95,169.78,8.11,100.0,30.56,0.45,0.15,0.067,71.9,184.1,3.704,0,LOW
18.01,299.54,0.234,2,0.216,1.904,0,2,7.17,31.5,110.09,3.18,83.13,16.47,0.424,-4.69,0.056,269.4,920.0,2.354,0,LOW
29.01,30.14,-0.067,4,2.677,3.983,0,3,6.26,89.74,196.12,7.86,100.0,35.3,0.827,-6.15,0.215,110.9,262.2,0.503,1,CRITICAL
22.79,278.33,0.191,2,0.05,3.752,1,2,6.85,58.1,170.55,6.73,100.0,30.7,0.575,4.49,0.07,1136.7,194.8,1.236,1,HIGH
32.06,35.98,-0.102,5,5.424,2.804,1,2,8.28,83.96,198.9,8.49,100.0,45.88,0.762,-7.74,0.115,208.2,18.7,0.3,1,CRITICAL
27.83,317.23,0.235,3,2.468,3.879,1,2,10.71,12.93,80.3,2.05,79.98,11.56,0.329,-4.44,0.089,45.4,589.8,1.602,0,LOW
4.71,109.51,0.319,3,2.343,2.416,2,1,7.13,37.35,143.83,4.73,93.86,24.3,0.319,0.06,0.058,525.2,1685.8,7.888,0,LOW
38.83,235.58,0.315,1,1.576,3.49,2,2,5.6,36.78,122.81,4.94,84.38,18.65,0.569,-6.0,0.064,143.8,135.8,0.915,1,HIGH
16.72,175.5,0.041,5,1.645,1.779,0,2,11.72,257.53,548.03,21.55,100.0,95.0,0.98,-4.51,0.109,534.9,478.2,0.333,1,CRITICAL
13.06,131.87,-0.364,2,1.974,0.456,2,3,7.8,1.25,46.33,0.2,63.86,5.48,0.216,1.84,0.211,164.1,505.2,4.091,0,LOW
38.16,232.36,-0.214,3,0.057,4.176,2,3,7.27,110.05,325.03,18.91,100.0,71.71,0.98,-0.04,0.304,756.9,261.4,0.43,1,CRITICAL
30.77,341.11,0.208,3,0.305,0.779,0,1,7.66,6.64,42.21,0.84,62.29,4.73,0.342,-1.17,0.058,16.0,189.1,1.683,0,LOW
40.95,14.86,0.857,3,2.462,1.131,2,0,4.76,5.45,38.65,0.54,55.94,3.89,0.448,-4.24,0.067,1147.6,24.1,1.291,1,HIGH
25.58,330.79,-0.119,4,0.569,0.769,0,0,7.4,25.85,70.28,4.62,70.81,12.06,0.412,-4.0,0.217,174.6,1343.7,1.087,0,MODERATE
17.88,219.27,0.16,4,5.28,1.484,0,3,9.17,78.42,262.89,7.69,100.0,47.32,0.565,0.39,0.261,129.0,321.0,0.679,1,CRITICAL
24.0,290.63,-0.195,2,1.123,1.286,0,1,10.18,73.75,209.34,14.33,100.0,46.53,0.806,-7.34,0.412,11.9,164.4,0.629,1,CRITICAL
11.66,138.19,-0.341,3,0.361,2.565,3,1,6.71,64.26,198.81,10.05,100.0,43.5,0.468,-0.43,0.063,72.4,960.0,1.982,1,HIGH
9.23,169.86,-0.237,4,0.939,4.185,2,1,7.91,96.83,177.15,10.97,100.0,43.51,0.676,-7.16,0.056,104.9,66.8,1.633,0,MODERATE
15.22,312.79,-0.729,3,1.546,0.315,1,0,10.22,17.19,51.34,3.54,69.83,8.52,0.393,-1.78,0.056,364.7,542.2,3.25,0,LOW
47.29,149.35,0.474,2,0.126,3.292,3,2,7.58,65.31,180.58,6.52,100.0,32.5,0.743,-4.06,0.269,334.7,56.1,0.461,1,CRITICAL
16.14,192.48,-0.781,2,0.535,0.625,1,2,9.08,66.05,217.07,10.84,100.0,47.0,0.603,-3.63,0.132,606.8,589.4,1.093,1,HIGH
6.98,7.27,-0.092,2,1.37,0.181,3,0,8.43,69.05,206.22,11.49,100.0,37.12,0.424,0.77,0.083,786.4,415.3,3.816,0,MODERATE
20.28,57.1,-0.412,1,1.301,2.718,2,2,6.04,58.66,187.99,5.0,100.0,40.88,0.515,-3.72,0.089,363.3,380.0,0.932,1,HIGH
16.01,231.01,-0.31,3,5.64,3.681,2,2,5.48,16.28,80.96,2.69,70.78,12.27,0.338,1.08,0.146,328.3,372.4,2.918,0,LOW
39.2,258.11,0.482,3,6.486,0.823,2,1,9.83,159.7,258.69,28.3,100.0,46.56,0.98,-6.19,0.127,643.3,258.8,0.427,1,CRITICAL
45.55,209.74,0.07,1,0.752,1.501,2,1,2.5,242.44,406.96,50.29,100.0,73.25,0.98,-5.39,0.085,39.3,1017.5,0.511,1,CRITICAL
17.4,51.59,-0.338,4,0.463,0.792,3,3,6.03,75.96,132.11,13.62,88.13,30.07,0.625,-3.04,0.294,22.6,16.9,1.159,0,MODERATE
25.57,160.35,-0.206,5,3.519,3.817,3,1,4.43,38.16,135.03,5.64,86.19,25.53,0.521,-5.4,0.084,344.4,943.0,0.829,1,CRITICAL
26.73,127.83,-0.268,5,5.715,1.208,0,1,9.83,50.08,131.01,9.99,94.63,28.32,0.53,-5.58,0.098,103.8,249.3,0.723,1,CRITICAL
21.57,178.44,-0.015,4,11.608,1.923,1,2,10.5,7.46,82.61,0.97,80.34,11.95,0.258,-2.01,0.202,154.6,179.5,1.29,1,HIGH
19.42,313.32,0.061,2,0.05,3.768,0,3,5.91,29.35,94.76,5.86,75.96,12.96,0.344,-2.77,0.21,262.1,407.8,2.359,0,LOW
12.53,279.31,0.663,1,1.869,2.367,1,1,13.58,242.8,698.68,48.11,100.0,95.0,0.98,-4.36,0.095,843.1,109.8,1.206,0,MODERATE
6.21,30.24,-0.671,4,4.635,3.925,1,2,10.53,51.57,193.88,8.48,100.0,41.09,0.373,-6.87,0.058,578.8,265.4,2.624,0,LOW
12.49,320.51,-0.012,1,6.172,3.898,0,1,7.93,53.46,204.66,6.86,100.0,36.84,0.525,-4.34,0.053,370.8,443.9,1.952,0,LOW
21.14,169.84,-0.11,2,0.225,1.993,1,0,10.8,200.11,510.26,32.57,100.0,95.0,0.98,-4.13,0.321,157.7,210.6,0.684,1,CRITICAL
8.57,267.79,0.331,3,3.995,2.488,2,0,6.09,141.35,423.07,29.24,100.0,76.15,0.811,-4.65,0.116,440.6,172.3,1.419,0,MODERATE
24.85,50.41,0.124,2,1.193,1.044,3,0,6.89,54.66,161.46,9.24,99.07,28.79,0.552,-5.93,0.352,55.5,400.9,1.174,0,MODERATE
23.04,241.46,0.207,4,0.271,4.161,0,0,8.52,20.37,89.04,4.02,78.83,12.63,0.385,-0.71,0.207,461.5,441.9,1.191,0,MODERATE
16.03,85.08,0.121,4,2.351,1.241,0,2,5.98,8.08,86.44,1.04,73.42,11.42,0.415,0.76,0.388,180.6,168.9,1.806,0,LOW
18.95,157.82,-0.326,4,0.603,3.312,0,0,4.67,129.52,402.58,15.66,100.0,88.01,0.9,-6.28,0.268,84.9,470.6,0.323,1,CRITICAL
9.6,6.07,0.424,4,4.675,1.383,3,3,5.44,164.25,465.39,19.02,100.0,83.77,0.98,-2.07,0.369,174.4,834.1,0.604,1,CRITICAL
34.19,54.58,0.279,2,4.732,1.383,2,3,7.07,44.32,100.42,6.59,79.85,14.43,0.545,-3.58,0.303,435.2,54.1,1.214,1,HIGH
33.89,33.15,0.32,4,6.46,0.526,3,1,8.53,6.46,78.69,0.91,75.54,10.7,0.439,-2.22,0.156,299.9,1258.1,0.795,1,CRITICAL
10.72,86.31,0.442,3,1.659,2.396,3,1,6.76,60.58,169.39,12.09,100.0,30.49,0.558,-3.74,0.279,41.2,31.4,2.975,0,MODERATE
10.92,36.01,0.146,4,0.05,1.104,3,1,3.89,29.77,127.61,2.85,82.84,19.03,0.329,0.74,0.352,329.3,334.4,2.356,0,LOW
12.59,249.09,0.518,1,1.053,0.708,0,2,8.53,11.17,89.86,1.76,79.12,12.8,0.287,-1.83,0.281,501.3,1048.6,3.718,0,LOW
29.77,10.45,0.132,4,2.208,1.029,2,2,10.3,163.48,399.48,22.31,100.0,71.91,0.98,-2.54,0.103,45.7,132.9,0.231,1,CRITICAL
26.69,222.39,-0.077,5,4.145,1.129,3,1,6.05,17.79,55.34,3.76,63.59,6.33,0.406,-2.77,0.218,17.8,536.9,1.137,1,HIGH
37.94,50.65,-0.002,1,1.685,2.167,0,1,11.16,80.72,207.0,15.37,100.0,37.26,0.872,-1.92,0.107,16.3,19.3,0.527,1,CRITICAL
40.16,340.26,-0.008,1,2.688,1.682,2,2,9.41,36.47,173.32,5.13,100.0,31.2,0.564,-4.65,0.116,6.3,294.7,0.518,1,CRITICAL
8.04,335.91,-0.182,1,2.6,0.41,1,2,5.18,114.39,380.54,19.41,100.0,82.22,0.693,-0.98,0.189,5.1,442.6,1.845,0,MODERATE
29.21,81.18,0.571,3,0.631,2.298,1,2,6.07,78.44,198.41,14.46,100.0,35.71,0.726,-3.54,0.192,457.6,348.9,0.791,0,HIGH
39.33,221.19,0.104,2,3.415,3.33,3,3,6.81,8.54,94.19,0.77,77.4,13.12,0.439,1.75,0.339,375.9,88.1,1.067,1,HIGH
18.26,10.08,0.033,4,2.025,2.454,2,2,7.09,38.81,123.03,6.77,87.14,19.3,0.295,-2.11,0.191,795.2,9.8,1.352,0,LOW
21.87,335.44,0.136,3,5.774,4.096,2,1,2.5,19.55,52.23,1.95,56.21,5.28,0.336,-1.35,0.095,123.1,267.6,2.413,0,LOW
20.06,188.28,1.0,3,4.106,0.507,2,2,5.84,81.27,244.67,8.65,100.0,44.04,0.56,2.89,0.11,345.5,89.6,1.025,1,HIGH
20.57,15.56,-0.396,4,0.414,3.467,2,1,6.28,51.14,167.19,7.39,99.81,36.17,0.504,-0.36,0.073,148.2,204.7,0.796,0,HIGH
34.13,123.3,-0.296,3,2.348,2.173,2,2,11.66,27.03,57.08,5.87,74.25,10.87,0.544,-1.25,0.1,230.1,826.4,1.312,1,HIGH
51.88,27.67,-0.483,3,4.243,2.239,3,3,8.0,25.98,81.09,5.54,75.35,14.11,0.648,-4.77,0.459,161.8,358.2,0.721,1,CRITICAL
44.21,141.46,-0.081,4,0.319,2.228,3,0,5.74,7.9,81.21,1.63,71.33,10.43,0.5,-3.25,0.186,150.2,38.4,0.576,1,CRITICAL
16.47,241.17,0.086,4,5.504,1.434,2,0,6.54,15.64,105.58,1.33,80.55,15.31,0.302,0.45,0.086,78.8,568.6,1.634,0,LOW
25.61,169.16,-0.163,1,0.879,1.431,2,1,8.44,81.24,200.33,16.2,100.0,45.81,0.722,-3.66,0.13,243.6,269.0,0.655,0,HIGH
13.77,138.14,-0.189,1,2.448,2.691,0,0,6.67,61.19,144.89,11.54,93.37,31.69,0.657,-2.94,0.073,84.8,18.6,2.125,0,MODERATE
14.63,42.9,0.05,2,9.88,0.284,0,2,6.21,28.56,123.57,4.28,85.72,19.07,0.342,-4.48,0.069,42.3,575.5,2.774,0,LOW
21.34,88.18,-0.176,3,2.965,2.514,1,2,6.28,117.56,322.91,14.76,100.0,72.23,0.858,-2.54,0.093,387.8,976.3,0.617,0,HIGH
14.39,36.05,0.109,2,1.931,3.071,1,1,8.56,43.06,123.04,8.0,89.77,19.88,0.387,-1.8,0.065,290.6,617.7,2.745,0,LOW
15.7,290.7,0.39,4,0.05,1.561,0,1,4.46,102.83,246.03,9.77,100.0,44.29,0.645,-1.47,0.115,97.1,1720.0,0.882,1,HIGH
25.28,48.69,0.237,4,0.501,0.991,1,2,5.11,98.77,242.67,16.9,100.0,43.68,0.809,-0.08,0.094,278.7,77.1,0.468,1,CRITICAL
28.99,214.33,0.308,2,3.025,0.975,0,0,5.46,122.45,264.06,21.31,100.0,47.53,0.98,-2.53,0.062,7.5,374.1,0.542,1,CRITICAL
28.58,123.39,0.38,3,2.383,0.436,2,2,5.07,123.21,250.47,19.41,100.0,45.08,0.98,-6.6,0.146,1246.9,43.6,0.566,1,CRITICAL
28.73,81.35,0.099,3,1.583,0.468,0,1,5.69,73.87,166.46,14.99,98.51,29.52,0.69,-6.46,0.152,53.4,1672.5,0.984,0,HIGH
10.05,230.21,-0.056,3,8.984,0.783,2,2,9.47,89.96,248.63,11.35,100.0,44.75,0.617,-1.17,0.227,795.3,109.0,2.245,0,MODERATE
13.95,164.52,-0.27,4,1.415,0.179,1,2,9.78,97.51,244.75,14.33,100.0,55.76,0.746,-2.85,0.15,19.8,1281.3,0.673,1,CRITICAL
22.64,144.05,-0.137,5,2.696,1.192,2,2,8.1,12.05,61.36,2.24,69.21,9.09,0.427,2.94,0.07,344.9,275.6,1.296,0,MODERATE
38.4,213.43,-0.183,2,2.943,1.356,3,0,7.97,23.21,113.62,4.18,85.71,20.31,0.461,-1.6,0.137,70.3,709.9,0.88,0,HIGH
66.58,176.86,0.256,1,2.624,4.18,0,2,6.03,7.16,22.22,1.14,52.96,2.12,0.702,-5.66,0.349,940.8,1391.6,1.153,1,HIGH
26.17,109.25,0.121,4,2.273,4.166,3,2,2.92,13.65,52.41,1.61,57.03,5.38,0.469,-4.64,0.203,106.0,119.3,1.207,1,HIGH
32.42,201.26,0.244,3,1.439,0.867,2,2,7.82,97.91,196.63,11.87,100.0,35.39,0.837,-5.03,0.096,11.3,761.2,0.673,0,HIGH
9.32,241.02,-0.406,2,8.38,0.973,0,0,8.16,191.07,363.05,35.11,100.0,88.28,0.98,-0.67,0.145,9.5,990.9,1.438,0,MODERATE
31.97,9.61,0.501,1,2.098,2.117,1,0,6.02,72.78,179.07,5.88,100.0,32.23,0.759,0.27,0.051,541.8,360.9,0.681,1,CRITICAL
57.4,167.71,-0.149,3,2.631,0.71,3,2,5.13,141.18,371.89,24.2,100.0,83.88,0.98,-5.36,0.07,20.2,504.8,0.461,1,CRITICAL
13.92,20.77,-0.385,2,3.74,2.167,2,1,4.7,24.87,113.73,2.85,79.85,19.33,0.395,-2.18,0.091,492.8,263.6,2.958,0,LOW
16.0,67.11,-0.154,5,0.245,1.737,1,2,7.87,121.52,273.87,21.17,100.0,63.88,0.935,-7.04,0.092,45.5,249.3,0.452,1,CRITICAL
34.69,201.78,0.869,3,5.32,1.431,3,2,7.68,26.89,99.98,2.85,80.82,14.54,0.487,-5.23,0.219,90.5,78.1,1.174,0,MODERATE
22.48,311.83,-0.136,2,2.515,3.473,2,2,10.13,145.98,247.48,19.37,100.0,62.06,0.98,-1.32,0.411,1113.2,525.5,0.651,1,CRITICAL
5.82,317.81,-0.114,4,3.747,3.495,2,0,5.73,103.98,257.83,19.29,100.0,58.89,0.698,-0.93,0.099,361.4,82.2,1.576,0,MODERATE
16.57,25.18,-0.067,2,5.175,4.15,3,1,6.87,267.17,508.97,49.62,100.0,91.61,0.98,-7.23,0.09,44.2,90.4,0.841,1,CRITICAL
45.45,150.88,-0.052,3,7.253,1.015,2,0,7.54,114.14,218.8,12.48,100.0,39.38,0.98,1.12,0.061,88.3,314.4,0.418,1,CRITICAL
18.87,209.88,-0.274,3,1.743,3.742,1,1,6.29,33.01,127.73,4.38,87.2,24.01,0.447,-0.77,0.071,180.8,275.7,1.927,0,LOW
18.86,52.95,0.05,3,5.839,2.305,2,3,9.35,7.58,86.4,1.14,79.47,12.36,0.301,-0.82,0.212,605.7,471.7,2.405,0,LOW
33.54,275.56,0.376,4,1.048,2.525,3,1,10.22,134.79,335.79,21.87,100.0,60.44,0.98,-3.35,0.084,347.6,332.3,0.216,1,CRITICAL
26.68,267.92,0.11,2,3.779,3.775,0,2,5.07,55.04,118.29,10.12,81.97,17.45,0.571,-4.96,0.16,332.5,170.4,1.509,1,HIGH
18.29,325.2,-0.389,5,0.379,3.965,0,0,6.49,126.94,330.53,10.58,100.0,74.73,0.91,-1.38,0.052,125.0,26.8,0.308,1,CRITICAL
15.38,3.05,-0.121,4,0.071,3.08,0,3,10.41,31.82,114.36,3.06,90.34,22.42,0.326,0.54,0.364,297.4,399.9,1.53,0,LOW
68.0,78.01,-0.193,2,0.352,1.526,0,1,8.21,1.91,72.61,0.19,73.01,9.77,0.593,-0.64,0.153,53.1,302.0,0.821,1,CRITICAL
41.57,297.79,0.019,2,1.347,2.108,0,1,7.76,3.5,31.03,0.37,58.9,3.29,0.386,-4.07,0.087,235.8,38.0,1.32,0,MODERATE
28.73,241.41,0.466,2,0.111,2.622,3,2,8.25,72.16,246.27,6.08,100.0,44.33,0.652,0.08,0.11,230.0,540.4,0.546,0,HIGH
29.71,321.98,-0.052,2,3.485,3.497,3,1,8.94,7.9,47.09,1.65,66.17,5.61,0.391,-5.86,0.059,326.0,132.4,1.749,0,LOW
20.64,20.58,-0.031,3,1.332,2.798,0,1,8.36,88.94,276.42,9.13,100.0,49.76,0.684,-4.91,0.171,77.8,15.7,0.791,0,HIGH
26.51,214.91,0.622,1,4.666,1.598,2,0,7.97,35.34,85.04,3.19,76.56,11.72,0.553,-0.46,0.172,34.8,5.0,1.756,0,LOW
19.43,204.86,0.307,5,0.165,1.813,2,0,7.52,53.82,160.95,7.86,100.0,28.97,0.452,-3.3,0.088,957.7,349.1,1.042,0,HIGH
13.16,12.84,0.201,1,0.855,0.307,1,2,10.47,105.01,352.34,22.24,100.0,63.42,0.756,-5.77,0.074,46.6,1186.3,1.152,1,HIGH
27.07,184.87,0.685,2,1.835,3.889,1,3,6.91,18.97,94.29,4.08,77.62,13.17,0.393,1.88,0.27,115.1,847.0,1.638,1,HIGH
18.49,219.43,0.171,1,1.688,0.461,1,0,7.5,34.62,146.66,6.05,95.44,25.19,0.416,0.94,0.081,573.7,48.2,1.81,0,LOW
27.82,68.87,-0.695,2,0.491,2.478,2,2,10.91,85.0,237.55,8.92,100.0,52.96,0.782,-0.23,0.147,252.6,172.4,0.557,1,CRITICAL
30.62,98.4,0.291,4,17.987,3.674,1,0,8.22,162.91,424.52,13.12,100.0,76.41,0.98,-3.63,0.15,67.9,169.0,0.227,0,HIGH
28.61,230.53,-0.557,4,1.171,1.826,1,0,7.35,22.29,108.28,2.83,82.89,18.83,0.333,-1.56,0.357,183.0,861.6,0.821,1,CRITICAL
12.51,168.59,0.158,2,4.468,3.381,0,1,8.89,63.36,200.66,6.18,100.0,36.12,0.514,1.88,0.085,514.6,724.6,2.123,0,MODERATE
17.36,308.88,-0.6,5,0.87,3.396,3,2,8.0,196.32,459.21,36.46,100.0,95.0,0.98,-1.54,0.055,1268.9,1516.6,0.322,1,CRITICAL
18.69,123.26,-0.163,4,7.359,0.345,2,0,5.87,68.03,123.97,14.67,85.24,27.19,0.518,-2.77,0.223,288.5,330.9,1.143,0,MODERATE
36.68,96.0,-0.127,4,1.717,1.79,2,2,8.04,145.14,318.88,13.31,100.0,74.82,0.98,2.68,0.051,81.9,6.3,0.207,1,CRITICAL
35.69,354.55,-0.27,4,8.091,2.933,3,0,5.72,182.58,380.06,24.75,100.0,90.32,0.98,-5.16,0.097,468.7,1046.0,0.21,1,CRITICAL
14.45,328.01,-0.122,4,1.464,1.832,1,2,11.52,172.24,384.88,35.54,100.0,89.95,0.98,-3.68,0.074,463.1,16.4,0.411,1,CRITICAL
9.9,10.44,0.361,3,0.05,2.335,2,2,8.03,92.35,196.05,16.8,100.0,35.29,0.698,0.43,0.092,616.0,801.8,2.913,0,MODERATE
68.0,277.46,-0.25,3,2.547,2.537,1,1,5.44,52.21,196.99,10.53,100.0,41.72,0.871,-1.32,0.065,41.0,329.1,0.602,1,CRITICAL
28.01,39.72,0.191,2,2.604,0.72,1,2,6.64,6.61,73.4,1.38,70.43,9.31,0.314,-1.99,0.14,127.2,1517.9,1.728,0,LOW
9.05,9.89,-0.338,3,0.447,1.789,3,0,9.17,16.38,112.94,2.26,87.65,19.78,0.274,-0.57,0.116,74.5,125.1,4.47,0,LOW
15.85,98.53,-0.066,5,0.937,0.217,2,0,5.1,19.2,45.12,3.4,58.62,4.76,0.286,-1.6,0.091,68.2,323.5,2.026,1,HIGH
37.48,96.96,0.113,3,5.356,0.713,1,0,13.49,2.2,16.66,0.39,64.6,1.94,0.431,-6.57,0.137,127.3,6.1,1.425,0,LOW
59.69,294.95,-0.349,5,0.131,2.2,0,1,4.3,6.99,62.13,1.18,62.62,7.84,0.638,1.17,0.057,13.6,413.3,0.418,0,HIGH
54.59,255.84,-0.459,3,2.353,2.452,1,0,9.54,22.7,120.21,2.85,90.63,22.34,0.669,-3.21,0.206,527.5,31.5,0.48,1,CRITICAL
27.38,353.38,0.172,4,2.646,0.7,2,1,6.43,6.18,89.91,1.22,75.35,12.19,0.409,-4.2,0.098,534.6,30.4,0.995,0,HIGH
22.21,256.14,0.393,4,4.085,3.198,0,0,5.72,12.08,61.3,2.27,64.91,7.16,0.319,1.57,0.127,803.8,587.0,1.382,1,HIGH
11.78,150.57,-0.028,4,0.134,1.629,2,0,8.68,3.64,20.97,0.52,57.34,2.16,0.187,-0.33,0.076,20.4,92.2,2.873,0,LOW
23.25,251.61,-0.16,4,3.084,3.875,3,3,6.5,35.02,118.41,4.87,84.59,22.23,0.457,-0.2,0.486,237.2,1714.5,0.981,1,HIGH
12.78,359.81,0.054,2,0.05,1.689,0,2,11.0,111.94,327.5,9.12,100.0,58.95,0.62,-3.75,0.098,5.0,227.1,1.066,0,MODERATE
17.46,255.65,0.019,1,1.078,0.714,3,0,4.42,108.72,304.5,21.54,100.0,54.81,0.794,-2.81,0.066,249.5,297.2,0.893,0,HIGH
34.67,274.21,0.085,5,2.424,3.208,0,2,8.74,152.93,457.47,18.31,100.0,82.34,0.98,-5.01,0.064,28.7,170.0,0.196,1,CRITICAL
19.37,337.81,-0.885,1,8.478,2.428,2,2,6.89,88.97,178.84,12.98,100.0,42.87,0.719,-5.13,0.076,136.7,146.9,0.904,1,HIGH
18.64,40.91,-0.374,3,0.474,1.685,2,0,8.15,18.22,57.01,2.51,67.92,9.16,0.295,0.15,0.169,109.6,933.0,2.626,0,LOW
21.55,253.72,-0.296,3,0.649,1.559,1,1,8.63,78.78,198.66,13.78,100.0,45.21,0.734,-2.18,0.079,112.5,1006.4,0.892,0,HIGH
68.0,306.29,0.053,3,3.872,0.718,1,3,3.69,91.11,273.05,12.26,100.0,49.15,0.98,1.28,0.207,59.6,105.3,0.602,1,CRITICAL
11.0,343.58,0.065,4,1.644,1.497,3,2,8.01,50.91,149.9,5.35,97.4,26.28,0.484,-7.81,0.097,31.0,18.1,2.003,0,LOW
25.85,75.95,0.223,4,3.418,0.22,0,2,9.9,106.93,313.06,21.56,100.0,56.35,0.816,-0.39,0.069,5.0,146.3,0.253,1,CRITICAL
52.08,181.41,0.09,5,20.0,2.16,2,2,8.53,4.81,50.47,0.51,66.5,6.04,0.564,-2.27,0.253,389.2,783.8,0.517,1,CRITICAL
21.51,245.0,-0.455,3,15.165,3.777,1,2,6.69,58.72,201.44,4.93,100.0,43.3,0.488,-3.58,0.087,694.0,310.1,0.957,1,HIGH
41.17,89.09,0.506,3,1.528,3.361,2,1,4.39,42.49,75.73,4.57,67.14,9.15,0.532,-0.59,0.08,630.5,699.6,1.122,1,HIGH
9.46,216.17,0.445,5,2.454,0.217,2,2,8.62,106.33,303.83,15.28,100.0,54.69,0.697,-5.55,0.098,280.9,805.7,1.25,0,MODERATE
19.73,92.73,-0.44,5,8.227,3.713,2,2,11.63,8.9,65.56,1.24,76.91,10.14,0.301,-2.5,0.052,36.2,770.0,1.461,0,LOW
13.62,120.04,0.116,5,0.338,1.955,1,0,8.96,15.54,44.63,2.98,65.4,5.25,0.282,-0.02,0.111,235.0,393.3,2.33,0,LOW
21.38,158.95,-0.208,4,2.107,0.883,2,2,10.05,53.17,105.66,5.7,86.9,22.91,0.522,-3.6,0.396,28.9,84.1,1.061,0,MODERATE
21.64,190.51,0.049,1,1.659,3.185,0,2,9.55,191.19,413.26,36.06,100.0,74.39,0.98,-6.79,0.084,201.4,449.4,0.745,1,CRITICAL
22.9,161.77,0.369,1,1.223,1.424,0,0,6.64,5.65,33.85,0.53,57.77,3.52,0.345,-3.08,0.269,545.8,162.7,2.489,0,LOW
34.5,177.55,0.746,4,18.027,1.139,2,1,7.7,88.41,171.73,12.94,100.0,30.91,0.907,-2.09,0.06,62.2,650.3,0.433,1,CRITICAL
4.31,107.49,0.263,4,4.629,0.761,2,3,9.41,14.94,56.69,3.01,70.08,7.15,0.339,-4.51,0.271,756.9,103.1,7.298,0,LOW
15.44,57.23,0.103,4,1.723,2.095,1,3,4.02,7.24,89.32,1.0,70.83,11.39,0.314,0.54,0.215,136.7,467.6,1.888,0,LOW
24.9,17.05,-0.119,2,6.182,0.483,2,2,8.93,32.64,124.02,7.01,90.77,24.18,0.348,3.44,0.219,68.9,40.3,1.365,1,HIGH
6.05,70.55,0.064,4,2.354,3.321,2,0,10.27,56.86,201.48,9.57,100.0,36.27,0.485,-2.33,0.153,195.0,728.7,3.016,0,LOW
30.82,209.5,0.476,2,7.218,2.03,1,1,7.39,114.05,230.14,21.2,100.0,41.43,0.969,-2.39,0.216,569.7,170.1,0.523,1,CRITICAL
15.26,283.0,-0.016,3,1.084,1.933,2,0,9.29,65.46,182.7,9.91,100.0,32.89,0.544,-1.85,0.144,88.3,1619.3,1.935,0,MODERATE
19.95,60.93,-0.31,3,0.886,0.108,3,2,6.28,43.98,115.54,6.16,83.28,22.6,0.526,-4.41,0.139,53.0,277.3,1.885,0,LOW
35.32,39.08,-0.567,5,0.994,3.453,2,2,7.58,21.87,104.8,2.01,82.19,18.13,0.51,-0.85,0.11,285.7,133.8,0.639,1,CRITICAL
42.14,269.74,0.18,2,2.706,2.121,2,3,6.9,22.5,104.5,2.18,80.86,15.21,0.549,-1.09,0.263,330.0,60.4,0.914,1,HIGH
31.31,109.86,0.087,3,1.205,1.904,1,3,8.51,95.69,288.26,15.31,100.0,51.89,0.842,1.32,0.322,20.9,1949.1,0.471,1,CRITICAL
10.8,342.54,-0.226,3,0.557,3.222,2,0,7.27,7.87,62.16,1.31,67.98,8.55,0.198,-0.74,0.118,81.6,229.7,4.621,0,LOW
30.49,257.15,0.359,4,18.293,0.358,2,0,3.81,10.29,52.6,2.24,58.7,5.56,0.303,1.7,0.095,35.6,495.0,1.016,1,HIGH
31.58,117.63,-0.148,3,8.074,1.603,2,3,5.92,82.68,225.35,16.54,100.0,50.48,0.672,-1.78,0.298,347.3,174.2,0.469,1,CRITICAL
28.36,104.24,-0.047,5,3.528,2.461,3,2,11.77,210.94,637.63,41.81,100.0,95.0,0.98,-6.69,0.316,210.6,115.2,0.219,1,CRITICAL
45.7,188.53,-0.006,1,7.775,1.988,1,1,8.75,8.33,73.5,1.0,74.27,9.83,0.456,-4.33,0.242,631.5,381.2,1.011,0,HIGH
23.23,28.49,-0.123,2,9.592,0.845,1,1,2.88,61.11,109.12,8.41,75.11,22.09,0.515,-1.65,0.081,316.2,226.7,1.643,0,MODERATE
44.79,42.36,0.083,4,3.946,1.327,0,2,10.16,17.77,112.47,1.68,89.27,18.07,0.47,0.35,0.089,89.3,295.2,0.43,1,CRITICAL
44.65,63.31,0.403,3,2.559,1.331,2,2,4.96,1.7,33.39,0.27,54.62,3.28,0.442,-1.46,0.303,115.6,550.0,1.204,1,HIGH
32.05,278.9,-0.4,2,7.48,4.167,3,0,9.47,116.05,239.52,10.41,100.0,57.04,0.98,-5.1,0.071,152.3,149.4,0.511,1,CRITICAL
26.07,184.99,0.171,3,2.936,1.437,1,1,10.34,46.18,128.35,6.58,94.69,21.88,0.532,1.39,0.061,29.0,75.4,1.357,1,HIGH
28.45,3.8,0.06,4,0.475,0.941,1,2,7.72,1.57,47.77,0.25,64.19,5.52,0.264,-2.33,0.102,711.9,347.0,1.086,1,HIGH
50.8,242.47,0.054,1,1.6,3.473,2,0,5.31,146.78,309.7,16.43,100.0,55.75,0.98,-7.02,0.097,336.1,55.5,0.522,1,CRITICAL
38.37,152.53,0.305,2,2.067,1.827,0,3,5.93,49.87,146.11,9.4,92.42,24.31,0.673,-2.36,0.263,361.7,507.0,0.751,1,CRITICAL
11.63,183.91,0.017,4,9.587,1.92,1,0,8.88,86.83,246.49,15.15,100.0,44.37,0.61,-2.74,0.053,301.8,402.6,1.241,0,MODERATE
27.5,77.08,0.168,3,3.767,2.35,1,2,5.0,35.8,103.38,3.61,77.09,14.34,0.523,-3.75,0.068,163.9,120.2,1.56,1,HIGH
13.2,198.64,0.251,1,7.286,2.542,2,2,6.22,13.29,59.73,2.89,65.31,7.02,0.273,-1.69,0.18,133.6,141.2,4.044,0,LOW
15.0,352.5,-0.177,2,4.96,2.521,2,1,8.63,40.73,134.3,6.35,93.51,27.49,0.388,-6.25,0.086,223.5,92.7,2.22,0,LOW
17.86,26.44,0.105,4,1.298,0.241,1,0,6.07,22.05,77.38,1.85,70.68,9.84,0.326,-0.58,0.249,374.7,1000.1,1.658,0,LOW
8.86,102.21,-0.088,2,4.439,3.457,2,2,10.63,22.88,113.28,2.95,90.38,18.43,0.223,-4.28,0.117,123.2,172.5,4.633,0,LOW
12.67,87.48,-0.046,4,0.76,0.899,3,0,5.22,67.11,201.27,14.57,100.0,36.23,0.513,-3.5,0.052,190.2,1087.1,1.392,0,MODERATE
46.99,89.48,-0.113,4,1.836,1.299,0,1,2.5,6.42,71.9,1.33,62.51,8.86,0.555,-3.02,0.356,295.9,10.2,0.567,1,CRITICAL
14.94,136.33,0.165,3,5.741,0.811,2,0,5.79,32.88,110.35,3.33,80.73,16.04,0.429,1.65,0.081,90.7,224.4,2.889,0,LOW
34.61,294.52,0.029,5,3.313,3.245,2,0,8.18,51.42,139.55,10.27,94.38,23.71,0.625,-2.99,0.087,501.5,1059.0,0.56,1,CRITICAL
24.38,328.63,0.138,3,6.109,2.493,3,3,9.4,80.43,227.13,13.4,100.0,40.88,0.689,-4.92,0.393,67.2,567.3,0.872,1,HIGH
29.8,72.8,-0.006,2,1.029,3.197,2,2,6.6,65.14,185.81,5.41,100.0,33.45,0.612,2.72,0.218,555.7,28.1,0.781,1,CRITICAL
30.47,195.46,-0.561,4,4.849,2.779,2,0,6.89,141.29,312.05,26.29,100.0,73.12,0.98,0.46,0.142,5.0,307.4,0.227,0,HIGH
12.33,229.28,0.011,3,0.791,0.527,2,3,7.43,317.04,527.34,43.69,100.0,94.92,0.98,-5.45,0.201,289.0,61.3,1.002,1,CRITICAL
34.5,187.86,0.022,2,2.758,1.336,1,0,11.33,180.14,363.15,24.4,100.0,65.37,0.98,-3.4,0.05,179.7,68.8,0.493,1,CRITICAL
10.09,156.27,0.085,2,1.989,2.18,2,0,8.33,93.9,206.69,12.54,100.0,37.2,0.671,-5.24,0.066,79.5,264.0,2.595,0,MODERATE
14.57,69.11,-0.208,3,2.846,1.35,2,0,6.42,75.3,212.5,12.31,100.0,47.29,0.58,0.01,0.165,831.5,936.8,1.368,0,MODERATE
30.24,175.76,-0.418,2,0.51,0.95,1,2,12.01,2.34,56.25,0.42,74.63,7.84,0.375,-0.34,0.194,67.1,203.8,1.614,0,LOW
11.83,144.44,0.219,4,1.569,3.666,0,2,7.52,49.56,169.07,8.46,100.0,30.43,0.425,-3.78,0.07,189.4,519.3,1.701,0,LOW
5.61,286.4,-0.096,4,3.848,3.166,1,0,2.93,70.84,228.61,8.06,100.0,41.15,0.508,-2.26,0.057,229.0,116.0,2.908,0,MODERATE
26.81,274.9,0.06,3,2.862,1.515,1,0,4.45,34.62,78.94,6.2,68.27,9.7,0.498,-3.05,0.095,869.6,232.3,1.776,0,LOW
7.83,48.24,-0.099,3,2.787,3.237,2,1,8.73,31.58,84.89,3.13,77.88,11.9,0.379,-5.64,0.261,284.3,55.2,5.975,0,LOW
31.75,31.87,-0.002,3,2.503,2.673,3,2,3.59,50.83,148.37,10.98,88.94,23.75,0.633,1.2,0.109,21.0,65.1,1.038,1,HIGH
18.61,326.94,-0.157,2,10.081,0.116,1,2,8.6,154.13,336.49,22.55,100.0,79.06,0.98,-8.82,0.156,150.8,476.7,0.76,1,CRITICAL
26.61,192.78,-0.339,1,9.544,1.659,0,1,5.78,19.65,84.79,1.82,72.54,13.43,0.431,3.8,0.149,561.7,5.3,1.713,0,LOW
26.34,308.81,0.166,2,1.563,1.291,3,2,10.09,33.1,102.69,5.32,86.03,15.9,0.473,-2.4,0.204,400.7,562.9,1.559,0,LOW
32.99,20.93,-0.211,2,1.518,0.993,2,2,7.87,68.81,140.99,11.06,94.28,32.18,0.734,-1.45,0.382,14.7,898.6,0.719,1,CRITICAL
30.7,189.55,0.057,3,2.833,1.132,3,2,3.9,13.38,92.21,1.14,71.52,11.87,0.43,-0.13,0.364,245.2,131.8,1.464,1,HIGH
11.76,194.19,0.144,4,0.352,3.964,0,1,9.51,117.08,336.76,9.54,100.0,60.62,0.761,-6.02,0.112,34.2,932.0,0.66,1,CRITICAL
19.26,309.85,-0.205,3,1.263,2.094,3,0,10.5,71.29,203.65,15.65,100.0,45.21,0.54,-3.15,0.082,29.0,593.2,1.039,1,HIGH
26.59,35.14,-0.421,5,0.919,3.576,3,2,4.69,28.23,122.64,3.8,82.69,21.64,0.428,-2.02,0.174,916.8,781.0,0.859,1,HIGH
45.2,86.56,0.849,4,0.885,0.978,0,2,5.73,83.25,198.97,9.52,100.0,35.82,0.851,-4.37,0.147,336.7,695.7,0.199,1,CRITICAL
30.85,146.35,-0.185,5,3.561,0.815,0,0,8.61,21.29,115.19,3.34,87.35,20.67,0.481,0.97,0.172,32.3,0.7,0.717,0,HIGH
43.18,311.7,0.218,5,1.698,3.744,1,1,9.0,96.8,253.28,7.86,100.0,45.59,0.926,-6.16,0.079,115.6,510.6,0.184,1,CRITICAL
27.34,338.0,0.679,4,0.657,2.132,1,1,12.68,4.77,78.36,0.39,82.89,11.69,0.302,-0.8,0.12,318.5,268.5,0.989,1,HIGH
38.72,357.38,0.276,3,7.649,3.77,3,0,9.46,36.17,83.76,3.46,78.83,11.89,0.582,-6.2,0.066,660.6,2007.9,1.094,0,MODERATE
25.42,345.31,-0.105,1,7.254,0.358,1,0,12.78,19.72,131.89,3.79,100.0,26.11,0.386,-1.0,0.07,19.4,390.8,1.187,0,MODERATE
37.9,2.14,-0.023,4,6.944,3.857,2,0,7.54,110.28,296.29,12.66,100.0,53.33,0.909,-2.98,0.087,24.3,416.6,0.205,1,CRITICAL
18.07,17.18,-0.291,4,1.734,1.803,3,1,8.34,90.83,273.92,13.67,100.0,60.21,0.772,1.75,0.149,33.2,3495.0,0.366,1,CRITICAL
47.9,53.14,0.309,3,0.205,0.737,1,1,6.25,119.88,326.51,13.34,100.0,58.77,0.98,-5.13,0.079,220.3,140.4,0.42,1,CRITICAL
28.99,125.59,0.198,4,0.395,2.902,2,2,6.35,68.53,215.57,10.71,100.0,38.8,0.635,-2.99,0.082,174.6,663.0,0.446,1,CRITICAL
8.91,298.77,-0.18,3,1.131,3.367,0,0,7.82,103.11,276.03,15.59,100.0,62.06,0.604,-3.86,0.178,50.3,25.7,1.367,0,MODERATE
27.07,321.36,-0.365,3,0.869,0.294,1,2,6.22,37.55,155.0,5.11,95.79,31.23,0.509,2.25,0.246,214.9,304.5,1.031,1,HIGH
30.91,67.26,-0.462,3,7.25,4.148,3,0,2.5,73.67,165.04,10.36,92.31,36.26,0.742,-4.11,0.197,117.4,447.0,0.74,1,CRITICAL
35.12,223.08,0.345,4,15.031,2.958,0,0,6.03,2.05,58.69,0.35,64.64,6.83,0.359,-0.68,0.066,51.4,104.3,0.838,1,CRITICAL
56.51,330.25,0.042,5,5.938,1.418,1,1,9.87,138.21,294.37,27.35,100.0,52.99,0.98,-4.7,0.099,9.4,289.5,0.199,1,CRITICAL
16.44,166.94,0.075,4,4.581,0.72,2,2,7.66,75.04,204.13,9.36,100.0,36.74,0.552,-3.08,0.147,29.3,274.5,1.027,0,HIGH
56.7,37.28,-0.288,4,3.109,1.709,2,2,7.67,130.69,347.23,20.19,100.0,78.18,0.98,-3.79,0.15,137.2,148.6,0.217,1,CRITICAL
22.21,164.81,-0.512,1,5.142,1.004,2,0,5.82,95.77,299.01,19.11,100.0,65.32,0.811,-0.37,0.09,202.1,421.7,0.73,1,CRITICAL
14.14,135.29,0.337,5,10.283,2.126,3,1,8.23,21.93,103.85,2.27,83.05,15.52,0.311,2.0,0.094,71.1,508.6,1.905,0,LOW
16.65,207.96,0.015,2,3.219,3.306,0,1,11.15,20.71,87.66,4.5,83.12,13.11,0.305,-5.08,0.119,424.5,41.3,2.709,0,LOW
29.94,157.92,0.318,5,0.588,2.807,2,2,10.58,104.5,328.76,19.34,100.0,59.18,0.929,-1.34,0.141,236.3,75.8,0.212,1,CRITICAL
12.91,6.24,-0.135,2,0.626,1.887,3,0,8.3,13.27,43.25,1.74,63.79,6.56,0.28,1.67,0.056,410.2,1416.8,4.077,0,LOW
18.25,357.84,-0.083,3,3.069,0.588,0,2,5.62,7.62,55.3,1.01,62.81,6.25,0.259,-0.5,0.133,142.0,18.1,2.826,0,LOW
26.71,195.67,0.25,4,1.42,4.024,2,2,11.39,0.99,31.14,0.11,65.46,3.67,0.275,1.74,0.107,619.7,51.7,1.192,0,MODERATE
47.71,170.51,0.256,4,8.437,1.209,1,2,9.83,23.04,110.05,2.71,87.91,17.42,0.539,-4.78,0.053,451.2,753.5,0.393,0,HIGH
34.6,343.66,0.279,3,3.31,1.239,0,3,4.24,6.8,47.36,1.1,57.79,4.93,0.432,-0.07,0.205,225.6,744.9,1.502,0,LOW
22.71,56.11,-0.103,4,3.95,2.747,1,3,3.64,105.16,284.98,8.47,100.0,63.92,0.846,-0.18,0.218,321.6,1388.0,0.279,1,CRITICAL
29.87,68.13,0.215,3,0.05,3.259,2,2,4.36,43.08,139.01,3.59,87.34,21.85,0.554,-3.64,0.085,44.7,904.6,1.18,1,HIGH
25.31,290.89,0.388,2,2.418,4.135,3,3,6.41,18.92,88.5,4.13,74.87,11.93,0.387,-4.8,0.314,414.3,109.8,1.817,0,LOW
10.7,93.9,-0.037,4,1.975,4.074,2,0,9.48,59.9,195.82,6.77,100.0,35.25,0.514,0.46,0.08,261.6,513.5,1.708,0,LOW
52.01,287.72,-0.18,2,4.283,3.846,3,0,9.43,4.74,61.59,0.93,71.69,8.52,0.469,-2.35,0.165,62.2,99.2,0.892,0,HIGH
48.1,97.75,0.47,4,1.688,1.885,0,1,8.25,84.18,238.75,13.95,100.0,42.98,0.91,-4.33,0.105,89.2,782.7,0.2,1,CRITICAL
21.26,11.95,-0.229,1,13.139,0.783,1,3,7.19,45.24,193.69,6.44,100.0,40.29,0.497,-6.81,0.219,694.6,332.3,0.896,0,HIGH
17.0,186.13,0.22,3,3.882,2.496,3,2,12.72,0.42,46.44,0.08,72.75,6.08,0.259,-2.49,0.17,60.7,280.5,2.979,0,LOW
10.86,70.81,-0.02,3,3.775,0.171,3,1,7.57,24.99,125.0,2.17,88.63,19.94,0.336,-3.45,0.152,160.1,312.6,3.694,0,LOW
30.86,272.82,-0.645,2,8.811,0.905,1,2,7.31,90.16,231.62,16.76,100.0,52.51,0.777,-7.51,0.053,514.2,11.1,0.522,1,CRITICAL
30.97,230.83,0.395,3,18.691,0.11,2,0,6.38,13.55,90.04,2.71,75.3,12.2,0.508,-2.93,0.156,105.7,566.9,1.425,0,LOW
13.58,332.5,-0.965,4,0.771,0.84,1,1,12.37,212.35,337.44,25.32,100.0,86.22,0.98,-2.48,0.138,50.0,82.4,0.435,1,CRITICAL
25.47,281.88,-0.694,5,5.822,2.047,2,0,9.09,147.51,476.55,18.03,100.0,95.0,0.98,-3.29,0.088,190.6,66.3,0.236,1,CRITICAL
34.04,65.08,0.185,4,0.62,1.713,3,0,5.22,97.9,269.41,9.24,100.0,48.49,0.905,-7.25,0.129,59.3,161.2,0.214,1,CRITICAL
16.34,288.06,0.184,4,2.138,1.614,2,0,4.96,5.32,85.54,1.06,71.31,10.98,0.226,-0.33,0.063,1152.6,302.7,1.789,0,LOW
19.81,231.03,-0.223,3,0.369,3.507,1,2,3.8,28.39,95.94,5.48,72.55,15.93,0.406,0.05,0.121,295.4,320.3,2.198,0,LOW
19.7,240.82,0.052,3,3.418,2.867,1,2,7.29,23.02,87.8,3.21,76.21,12.04,0.346,-1.4,0.065,197.3,481.6,2.328,0,LOW
14.11,299.61,-0.886,1,2.212,3.939,1,0,4.2,9.62,52.13,1.28,59.25,6.71,0.241,-1.48,0.06,161.6,30.6,3.856,0,LOW
20.04,206.58,0.247,3,3.468,1.926,2,1,4.93,511.71,1458.08,71.56,100.0,95.0,0.98,-13.42,0.068,268.9,186.0,0.649,1,CRITICAL
7.93,167.76,0.087,4,3.966,1.216,2,2,9.85,10.35,96.62,1.44,83.65,14.55,0.253,-0.36,0.06,123.9,126.2,3.489,0,LOW
19.13,229.19,-0.016,3,3.381,0.603,3,3,9.46,24.62,93.48,3.45,81.94,13.79,0.415,-0.23,0.211,68.5,232.1,2.303,0,LOW
19.29,107.26,0.007,3,1.219,2.855,3,3,10.78,137.89,331.15,13.85,100.0,59.61,0.98,-3.26,0.372,83.8,320.2,0.67,1,CRITICAL
21.41,65.73,0.173,2,6.348,3.551,1,0,4.27,10.14,68.75,0.83,64.68,8.0,0.3,2.96,0.233,32.2,852.0,2.378,0,LOW
28.69,221.97,-0.01,2,2.808,0.853,2,0,5.29,41.21,146.42,7.7,91.39,24.09,0.552,-2.54,0.156,632.8,885.9,1.146,0,MODERATE
10.3,84.19,-0.656,1,2.356,3.703,2,0,6.12,241.6,533.5,30.95,100.0,95.0,0.98,-9.29,0.172,833.0,344.4,1.452,0,MODERATE
11.56,28.77,0.769,4,15.217,2.258,1,1,11.11,18.46,62.09,2.75,74.87,8.37,0.299,2.62,0.086,78.1,693.7,2.634,0,LOW
13.89,0.2,0.42,3,1.167,0.691,1,2,7.64,78.92,191.77,9.71,100.0,34.52,0.548,-7.5,0.113,1069.8,232.8,2.066,0,MODERATE
9.62,218.99,-0.45,4,2.628,2.736,3,0,11.51,5.42,44.88,0.72,70.08,6.31,0.161,-2.31,0.185,224.3,1988.6,3.284,0,LOW
30.44,130.37,-0.121,3,4.014,2.232,2,3,8.88,59.7,186.13,5.4,100.0,40.67,0.597,-4.7,0.254,77.2,60.7,0.612,1,CRITICAL
15.92,270.83,-0.083,4,0.468,0.216,2,2,7.25,26.91,119.06,3.55,86.15,18.46,0.428,-1.99,0.157,197.3,69.5,1.592,0,LOW
21.78,135.06,0.378,4,1.531,1.737,2,1,8.76,78.16,270.77,11.32,100.0,48.74,0.685,-3.1,0.094,22.4,156.2,0.486,1,CRITICAL
13.19,174.96,-0.756,4,5.663,3.318,1,2,3.7,36.87,175.93,7.25,97.95,35.44,0.311,-4.33,0.084,42.4,49.5,1.365,1,HIGH
17.98,146.55,-0.175,3,0.946,2.377,2,1,2.98,23.09,98.99,2.89,72.04,15.61,0.424,1.01,0.2,70.6,2.5,2.451,0,LOW
26.13,234.21,-0.616,3,2.379,1.256,3,2,8.07,51.33,133.34,4.74,92.2,28.29,0.594,-2.56,0.082,683.9,178.1,1.182,1,HIGH
26.82,128.21,-0.1,5,3.486,3.907,0,3,7.53,9.78,55.34,1.82,66.27,6.6,0.372,1.65,0.252,834.1,21.3,1.122,0,MODERATE
11.86,346.96,-0.165,1,3.893,1.075,1,0,11.75,109.48,242.4,14.52,100.0,56.77,0.818,-6.31,0.059,147.4,392.9,1.27,0,MODERATE
21.18,337.01,0.028,2,4.561,1.136,2,2,4.47,90.29,245.51,18.79,100.0,44.19,0.709,-5.71,0.107,77.6,811.8,0.855,0,HIGH
13.32,305.29,-0.212,3,7.034,1.554,1,0,8.32,51.18,148.69,10.97,97.55,32.25,0.531,-4.99,0.124,109.6,90.5,2.296,0,LOW
20.74,331.31,-0.263,4,1.746,3.768,2,1,9.03,29.73,115.82,6.01,88.32,21.98,0.304,-0.5,0.09,113.0,413.4,1.115,0,MODERATE
15.15,161.69,0.217,1,4.292,2.181,0,2,8.25,160.4,272.32,17.92,100.0,49.02,0.98,-0.04,0.133,225.4,124.6,1.013,1,CRITICAL
53.73,193.11,0.159,4,4.611,2.897,2,0,9.92,65.41,179.05,7.56,100.0,32.23,0.896,-3.27,0.097,52.0,339.4,0.208,1,CRITICAL
33.93,267.15,0.193,3,1.25,4.103,2,0,6.11,21.79,94.51,4.17,76.24,12.97,0.564,-7.42,0.094,241.0,344.1,1.262,1,HIGH
27.44,250.61,-0.062,3,12.064,3.312,1,0,9.33,106.83,230.98,15.22,100.0,41.58,0.793,-2.15,0.094,129.5,23.8,0.707,1,CRITICAL
18.87,320.64,-0.2,3,7.014,0.808,1,1,8.74,65.51,152.94,7.97,99.67,35.3,0.558,-0.85,0.207,274.6,1196.0,1.435,0,MODERATE
34.45,257.88,-0.042,3,1.198,3.332,0,2,10.06,8.83,64.05,1.07,73.61,8.49,0.428,-3.96,0.154,233.4,88.0,1.359,0,LOW
21.52,359.24,0.175,2,3.934,3.168,1,3,6.38,7.88,65.9,1.27,67.57,8.02,0.265,0.06,0.249,172.3,386.2,2.347,0,LOW
50.89,125.46,-0.762,1,4.428,1.054,2,0,4.89,180.85,355.18,37.13,100.0,85.63,0.98,-2.79,0.131,35.5,275.7,0.522,1,CRITICAL
36.26,299.88,0.138,2,1.977,1.434,1,0,6.12,22.07,112.62,3.68,82.05,16.63,0.58,-6.76,0.189,47.9,734.0,1.065,1,HIGH
17.91,251.15,0.108,4,6.976,3.012,2,1,5.16,70.79,218.98,11.81,100.0,39.42,0.546,0.17,0.099,119.1,212.8,0.866,1,HIGH
47.89,248.9,0.022,3,4.102,1.077,2,0,6.26,2.41,36.34,0.45,57.89,3.79,0.483,1.7,0.199,377.5,588.5,1.103,0,MODERATE
18.93,117.3,-0.052,3,3.757,0.954,0,0,6.76,52.85,198.54,9.85,100.0,35.74,0.529,-3.03,0.066,114.2,669.9,1.412,0,LOW
55.35,282.82,-0.898,3,0.873,2.984,2,2,5.49,17.08,75.31,3.54,68.99,11.4,0.652,0.07,0.122,91.9,81.2,0.749,0,HIGH
49.22,324.14,-0.154,3,1.834,3.71,2,3,7.52,9.78,72.27,1.0,71.66,10.49,0.499,3.55,0.236,442.2,502.9,0.871,1,HIGH
26.06,78.68,0.626,2,1.992,0.408,1,3,4.91,96.53,190.96,21.03,100.0,34.37,0.782,-4.77,0.208,576.3,258.3,0.924,1,HIGH
8.13,225.18,0.005,1,4.63,1.928,2,0,7.34,107.79,236.4,13.59,100.0,42.55,0.69,-0.45,0.228,360.7,1395.5,2.518,0,MODERATE
24.98,141.17,-0.108,5,3.372,2.589,0,0,6.41,81.64,191.19,9.75,100.0,44.21,0.723,-2.22,0.104,166.3,1990.6,0.512,1,CRITICAL
11.12,356.24,0.006,3,0.314,2.873,0,1,7.23,0.73,77.07,0.11,72.68,10.08,0.134,-4.06,0.112,66.9,542.6,4.351,0,LOW
15.42,172.38,0.124,4,1.287,4.184,1,1,8.37,21.8,113.06,2.55,86.24,17.55,0.396,-6.19,0.108,1475.3,373.3,1.671,0,LOW
16.11,82.2,0.231,3,2.242,2.899,1,2,6.58,29.11,82.77,3.28,73.33,10.93,0.387,0.02,0.113,115.5,171.9,2.94,0,LOW
11.06,137.47,-0.08,4,4.671,2.643,2,1,5.79,76.31,174.23,16.43,100.0,31.36,0.623,-5.99,0.121,158.7,137.1,1.793,0,MODERATE
25.03,235.38,0.149,3,4.763,4.158,2,0,6.06,91.57,210.29,8.66,100.0,37.85,0.73,-0.61,0.214,206.8,293.5,0.928,1,HIGH
14.37,27.39,0.587,1,2.36,0.349,0,0,9.75,64.25,225.19,14.04,100.0,40.53,0.475,-7.95,0.286,232.8,344.9,1.457,0,MODERATE
19.42,217.3,0.352,5,0.435,0.405,2,3,10.31,101.16,201.02,16.91,100.0,36.18,0.713,-2.85,0.277,5.7,354.8,0.895,1,HIGH
16.19,335.24,0.819,2,1.213,2.399,2,1,6.37,36.23,73.61,7.76,70.02,9.28,0.446,-2.73,0.088,637.1,743.9,3.069,0,LOW
28.76,306.13,-0.23,1,1.029,1.571,1,2,7.16,50.74,194.92,10.43,100.0,41.17,0.562,1.98,0.108,594.5,833.6,0.606,1,CRITICAL
27.66,24.36,0.587,1,5.316,0.496,3,1,3.75,4.32,24.9,0.74,49.72,2.23,0.262,-0.72,0.147,37.3,196.4,2.145,0,LOW
18.55,357.62,-0.277,4,0.695,1.356,0,2,7.1,36.22,122.65,5.89,87.03,23.56,0.438,-0.39,0.11,529.4,322.3,1.231,0,MODERATE
29.52,251.54,0.124,4,2.189,2.865,3,0,4.31,36.84,137.49,8.07,86.75,21.47,0.504,-3.01,0.074,47.8,637.3,0.739,1,CRITICAL
41.27,58.42,0.256,4,3.888,3.711,1,2,6.43,61.46,133.72,9.35,89.36,21.51,0.723,-2.88,0.125,77.9,924.6,0.445,1,CRITICAL
5.01,4.47,-0.179,5,11.712,0.487,2,2,9.87,30.85,126.58,3.24,93.27,24.95,0.209,0.81,0.226,205.0,73.1,4.694,0,LOW
15.65,61.66,0.031,2,20.0,2.315,3,0,4.2,17.71,78.93,3.88,67.81,9.63,0.238,-1.51,0.059,1053.8,618.5,3.176,0,LOW
12.43,301.74,0.319,3,10.696,1.314,2,0,5.52,17.63,102.78,2.21,77.82,14.4,0.26,-3.85,0.056,183.9,1132.5,3.608,0,LOW
14.85,7.79,-0.249,4,4.433,2.836,0,1,5.53,9.34,66.76,0.86,66.31,9.09,0.219,1.46,0.345,136.2,130.0,2.046,0,LOW
4.34,83.93,0.584,5,4.803,2.353,2,2,3.83,78.48,235.72,14.16,100.0,42.43,0.499,1.45,0.18,204.6,302.0,3.865,0,MODERATE
4.85,272.63,-0.485,2,4.983,3.9,1,2,9.4,63.33,179.92,9.02,100.0,39.99,0.497,1.29,0.093,74.3,1.3,5.098,0,MODERATE
3.0,211.0,0.679,5,6.947,0.255,2,2,8.11,56.27,182.43,7.56,100.0,32.84,0.352,0.9,0.052,752.2,777.8,6.787,0,LOW
16.51,281.78,0.35,1,10.612,2.027,2,2,11.48,49.22,171.43,8.29,100.0,30.86,0.433,-2.89,0.267,766.3,832.1,1.725,0,LOW
16.24,268.61,-0.031,4,2.065,0.89,2,1,5.31,29.78,116.65,2.6,81.89,17.19,0.352,-4.25,0.176,315.7,1103.1,1.606,1,HIGH
44.35,18.22,-0.141,4,1.886,2.301,0,2,3.6,95.17,229.69,16.92,100.0,52.76,0.882,-6.07,0.125,47.1,589.6,0.199,1,CRITICAL
23.97,321.3,-0.177,4,2.16,3.6,2,0,9.57,165.84,508.19,24.96,100.0,95.0,0.98,-7.78,0.176,186.1,186.3,0.268,1,CRITICAL
4.81,81.73,-0.048,1,3.774,3.836,0,0,6.71,37.69,155.02,5.6,96.68,26.98,0.378,-2.19,0.129,134.8,89.8,6.998,0,LOW
29.12,199.22,-0.017,1,5.228,1.733,1,1,6.47,34.2,136.47,7.04,90.32,22.19,0.49,2.54,0.14,1535.6,185.7,1.172,1,HIGH
68.0,231.94,0.439,1,7.155,3.428,2,2,10.75,11.54,68.83,2.27,76.38,9.46,0.715,-5.57,0.238,15.0,116.2,0.891,0,HIGH
5.02,60.71,0.689,3,2.132,1.25,2,2,7.87,72.2,156.75,11.15,99.33,28.03,0.385,-2.6,0.092,83.7,51.6,6.792,0,MODERATE
51.34,351.44,0.07,4,1.58,0.126,2,2,9.49,53.08,188.39,8.54,100.0,33.91,0.78,-3.06,0.11,189.5,282.3,0.204,1,CRITICAL
21.6,175.74,-0.296,5,14.334,3.606,0,1,6.13,287.47,514.98,55.48,100.0,95.0,0.98,-9.89,0.172,488.2,102.8,0.268,1,CRITICAL
17.29,20.75,-0.191,3,0.923,0.59,3,0,5.9,57.06,120.5,7.85,84.19,25.11,0.529,-2.97,0.075,365.6,30.3,2.096,0,LOW
15.8,337.41,-0.064,1,0.879,0.172,2,1,6.7,22.13,72.51,3.85,70.26,9.17,0.343,1.58,0.124,875.7,365.5,3.213,0,LOW
26.53,211.06,-0.361,2,4.398,1.551,1,0,8.97,53.8,186.63,8.38,100.0,40.05,0.596,-1.71,0.084,66.2,379.2,0.724,1,CRITICAL
17.38,251.71,-0.413,1,0.693,1.655,3,2,7.61,271.67,655.27,40.74,100.0,95.0,0.98,-5.07,0.054,30.4,319.1,0.897,0,HIGH
10.86,189.06,0.734,4,1.784,0.417,3,0,8.53,83.52,231.99,18.2,100.0,41.76,0.672,-0.2,0.063,249.6,87.0,1.436,0,MODERATE
16.14,300.51,0.106,4,1.211,3.438,0,0,2.5,8.95,69.74,0.74,61.82,7.76,0.223,-0.41,0.06,158.7,243.6,1.925,0,LOW
26.94,11.93,-0.292,5,0.647,1.763,2,2,3.36,27.32,88.94,3.77,69.51,14.41,0.512,-2.67,0.114,112.9,546.2,0.986,1,HIGH
31.85,96.62,0.286,3,3.034,2.109,2,0,2.76,23.06,138.21,4.85,84.2,20.95,0.539,-1.41,0.06,418.1,573.3,1.124,1,HIGH
54.09,169.07,-0.412,1,1.637,1.185,0,2,6.67,126.34,349.48,26.52,100.0,78.07,0.98,-6.41,0.113,222.9,413.8,0.538,1,CRITICAL
23.41,27.58,-0.384,2,2.171,2.197,1,2,4.43,61.4,191.93,11.34,100.0,41.92,0.596,-2.28,0.156,108.7,805.3,0.813,0,HIGH
42.54,254.13,-0.281,3,0.763,3.244,2,2,11.22,107.98,204.34,17.59,100.0,49.74,0.98,-3.05,0.13,216.1,432.2,0.42,1,CRITICAL
19.83,141.72,0.579,5,5.112,3.815,1,0,7.45,12.6,32.15,2.23,58.7,3.4,0.182,1.84,0.161,755.1,27.4,1.634,0,LOW
21.38,98.16,-0.089,1,1.323,4.079,3,0,7.98,155.11,359.99,17.9,100.0,64.8,0.98,-5.11,0.104,85.0,661.2,0.753,1,CRITICAL
20.75,1.22,-0.855,1,1.469,1.85,0,2,5.1,3.91,77.61,0.58,69.02,10.11,0.25,-2.09,0.157,168.4,219.0,2.398,0,LOW
24.95,259.14,0.424,4,1.017,4.159,3,0,5.03,30.53,81.61,4.73,70.17,10.31,0.42,-5.6,0.175,95.0,112.3,1.151,0,MODERATE
34.85,300.17,-0.107,4,1.995,1.309,3,3,10.91,0.93,61.21,0.08,74.23,8.29,0.436,0.4,0.223,239.9,16.0,0.807,0,HIGH
16.96,142.21,-0.647,2,2.18,0.129,2,0,11.42,13.24,67.98,2.66,77.31,11.05,0.299,-5.14,0.205,650.2,176.2,2.792,0,LOW
12.83,203.12,-0.111,4,2.64,3.247,1,2,8.41,212.95,433.38,30.65,100.0,95.0,0.98,-6.7,0.27,296.0,425.3,0.459,1,CRITICAL
36.32,81.97,0.182,1,12.0,0.832,2,0,3.03,5.31,74.37,1.09,64.25,8.6,0.422,-3.08,0.155,60.5,863.0,1.388,1,HIGH
34.97,223.99,0.141,5,8.227,0.315,1,1,6.56,10.21,69.7,1.37,69.12,8.67,0.554,0.82,0.334,38.7,168.8,0.799,1,CRITICAL
46.04,4.37,0.629,2,3.29,3.888,2,3,8.19,168.24,462.29,23.09,100.0,83.21,0.98,-3.34,0.205,10.0,318.7,0.46,1,CRITICAL
15.46,175.91,-0.298,1,0.139,3.346,1,2,7.0,80.5,184.65,9.19,100.0,42.9,0.625,-1.04,0.063,514.3,76.7,1.21,0,MODERATE
19.43,231.91,0.016,2,3.316,0.521,3,2,2.84,33.96,104.68,5.78,73.6,13.87,0.412,0.48,0.236,178.6,269.5,2.337,0,LOW
37.04,330.55,-0.245,2,0.329,3.285,0,0,11.57,4.63,76.61,0.73,80.34,11.63,0.385,-2.89,0.053,153.9,150.3,1.173,0,MODERATE
16.85,137.28,-0.54,3,4.337,3.56,2,3,5.66,99.92,219.44,20.77,100.0,51.49,0.686,-5.37,0.271,85.9,71.0,0.976,1,HIGH
31.14,275.47,0.31,4,1.73,3.812,3,2,4.55,44.12,80.31,6.18,68.89,9.96,0.51,-6.29,0.075,157.4,303.1,0.904,0,HIGH
19.88,215.17,0.162,3,6.364,2.329,2,0,7.43,25.36,86.03,4.33,75.91,11.75,0.435,-1.39,0.099,121.7,1359.7,2.318,0,LOW
26.45,333.72,0.099,4,9.998,2.984,0,0,10.11,29.08,64.08,5.21,73.69,8.5,0.412,-3.74,0.089,381.2,424.8,1.103,1,HIGH
10.72,143.42,0.149,3,1.889,3.225,1,0,8.63,45.74,145.2,5.71,97.0,25.35,0.447,-0.99,0.067,343.7,569.5,3.322,0,LOW
23.25,114.87,-0.24,1,2.16,2.923,2,0,4.61,52.08,155.94,10.59,93.19,32.41,0.521,0.66,0.121,165.4,112.2,1.13,0,MODERATE
3.0,319.37,-0.352,5,3.122,2.752,1,3,4.24,110.78,266.13,14.77,100.0,61.2,0.64,-1.09,0.218,297.0,251.3,3.307,0,MODERATE
40.84,17.73,0.013,4,0.768,2.345,0,1,2.68,96.01,253.77,16.25,100.0,45.68,0.89,-2.82,0.092,249.2,929.9,0.201,1,CRITICAL
33.33,49.1,0.406,1,9.177,2.065,0,0,6.86,94.7,287.98,15.74,100.0,51.84,0.93,-2.9,0.168,286.9,253.7,0.557,1,CRITICAL
12.32,29.67,0.563,3,1.986,4.184,2,1,6.46,84.94,277.71,11.81,100.0,49.99,0.775,-2.92,0.139,398.9,165.8,1.513,0,MODERATE
51.83,303.52,0.278,4,0.639,1.484,0,1,8.63,92.17,208.91,9.74,100.0,37.6,0.957,2.27,0.134,27.0,77.5,0.205,1,CRITICAL
39.54,3.82,0.01,2,5.035,0.462,3,0,5.99,73.58,206.6,11.99,100.0,37.19,0.761,-4.13,0.105,499.2,392.4,0.468,1,CRITICAL
11.04,310.2,0.094,3,0.866,3.237,1,0,9.64,131.63,266.83,17.45,100.0,48.03,0.894,-3.63,0.067,93.0,33.1,1.83,0,MODERATE
16.21,162.46,0.004,3,0.542,0.977,2,0,8.94,52.99,128.61,7.05,92.25,21.35,0.502,-2.71,0.097,134.6,93.6,2.35,0,LOW
11.44,1.45,-0.359,2,2.896,2.284,0,2,5.9,47.82,149.74,7.13,93.53,30.95,0.398,-4.11,0.101,90.6,101.7,2.737,0,LOW
26.85,144.59,0.009,1,3.896,0.493,3,1,8.36,78.54,170.94,13.73,100.0,30.77,0.732,-3.72,0.068,491.0,17.5,0.947,1,HIGH
15.79,67.25,-0.467,4,2.95,2.639,0,3,10.42,11.8,53.19,2.15,70.78,8.19,0.324,-1.37,0.274,570.8,44.3,1.929,0,LOW
5.86,224.78,-0.043,2,3.74,3.97,0,1,5.39,97.52,169.41,13.63,98.91,30.16,0.622,-6.11,0.108,42.4,248.1,5.433,0,MODERATE
21.32,244.57,0.573,2,0.43,3.063,0,1,7.03,178.84,494.98,17.31,100.0,89.1,0.98,-0.66,0.082,206.7,3.5,0.679,1,CRITICAL
35.57,175.51,0.288,4,2.262,0.98,0,3,6.99,22.84,66.5,4.36,68.86,8.24,0.584,0.16,0.219,134.7,279.6,0.798,1,CRITICAL
23.51,14.59,-0.323,4,1.546,4.082,2,1,6.71,61.38,204.23,10.66,100.0,44.13,0.554,0.3,0.062,56.3,1564.9,0.517,0,HIGH
29.65,236.21,-0.025,2,12.69,1.359,2,1,9.26,2.16,58.74,0.41,70.47,7.45,0.321,-1.65,0.22,227.7,273.3,1.679,0,LOW
24.75,303.13,-0.292,5,0.178,1.89,1,1,9.44,94.36,220.85,11.72,100.0,51.08,0.747,-3.87,0.274,127.4,749.6,0.404,1,CRITICAL
32.6,259.32,-0.022,4,1.24,2.142,2,2,8.39,53.31,188.76,11.05,100.0,33.98,0.712,-2.8,0.187,352.1,1.2,0.431,1,CRITICAL
25.96,298.78,0.364,2,9.957,4.162,2,1,8.29,72.79,184.7,8.5,100.0,33.25,0.573,-4.4,0.122,506.6,612.0,0.964,1,HIGH
20.67,72.18,0.229,3,14.365,0.382,3,2,6.26,10.03,51.44,1.21,62.73,5.81,0.357,1.85,0.311,5.0,276.9,2.502,0,LOW
23.35,320.0,0.869,4,6.098,2.957,0,1,8.23,107.76,212.29,16.71,100.0,38.21,0.824,0.14,0.1,222.2,155.7,0.635,1,CRITICAL
46.93,115.99,0.417,2,0.277,1.584,0,1,4.67,19.22,98.77,4.22,75.02,13.34,0.662,-0.21,0.054,243.5,1.7,0.861,0,HIGH
30.54,4.83,0.071,3,2.884,0.421,0,2,12.95,75.04,146.4,8.13,100.0,26.35,0.737,1.54,0.087,107.2,398.1,0.977,1,HIGH
12.3,303.62,0.237,4,1.789,3.934,1,1,10.47,58.45,130.95,11.54,95.75,22.57,0.383,3.62,0.066,454.5,674.1,1.912,0,LOW
23.15,339.06,-0.071,3,5.748,2.518,2,0,9.6,68.95,175.12,5.54,100.0,31.52,0.71,2.04,0.144,672.9,83.8,1.231,1,HIGH
26.6,236.0,-0.395,4,0.198,3.189,2,2,8.4,3.35,28.64,0.38,59.28,3.46,0.318,-2.44,0.078,404.6,695.3,1.215,0,MODERATE
20.29,83.32,0.457,3,0.768,1.086,1,3,8.4,88.02,210.06,11.31,100.0,37.81,0.6,-9.01,0.251,209.9,918.9,1.226,1,HIGH
5.88,90.63,0.353,2,2.351,3.222,2,2,3.78,103.09,301.88,17.61,100.0,54.34,0.642,-1.4,0.268,5.0,631.6,2.444,0,MODERATE
13.08,167.97,-0.084,3,0.6,3.497,1,1,4.73,41.86,159.22,4.02,94.47,27.07,0.416,-0.97,0.442,153.4,747.7,2.632,0,LOW
17.4,323.22,0.096,3,4.13,1.866,1,3,5.01,34.17,116.09,3.35,81.16,16.96,0.358,-1.61,0.261,331.4,492.8,2.423,0,LOW
54.98,53.86,0.434,4,6.017,2.445,0,1,7.63,27.26,113.82,2.74,85.15,17.45,0.6,-2.32,0.076,48.6,703.2,0.293,1,CRITICAL
28.79,297.35,0.296,4,4.267,4.085,2,3,6.88,170.91,366.33,29.53,100.0,65.94,0.98,-1.24,0.246,418.7,907.4,0.235,1,CRITICAL
7.94,104.87,-0.512,3,2.031,3.572,2,0,9.28,91.44,265.16,8.78,100.0,58.7,0.559,-6.89,0.217,266.2,335.9,1.728,0,MODERATE
21.02,291.09,0.085,5,7.374,1.924,2,3,5.38,77.96,172.28,10.58,99.81,30.95,0.607,1.07,0.222,112.8,801.8,0.912,0,HIGH
43.12,331.3,-0.059,1,0.518,2.825,3,0,9.76,168.9,467.57,17.22,100.0,84.16,0.98,-0.24,0.055,528.4,702.2,0.512,1,CRITICAL
15.66,153.9,0.39,2,1.055,3.315,2,2,5.7,27.88,125.49,3.72,85.41,19.29,0.348,-1.38,0.186,288.5,97.4,2.574,0,LOW
37.78,131.42,0.361,2,2.354,0.2,1,2,6.58,64.65,189.04,11.63,100.0,34.03,0.665,-1.78,0.11,101.3,152.4,0.488,1,CRITICAL
8.12,288.8,0.462,2,0.222,2.512,1,2,9.47,75.31,230.89,8.95,100.0,41.56,0.497,-5.67,0.232,61.5,944.0,2.869,0,MODERATE
3.0,190.61,-0.391,4,0.352,4.137,3,2,8.61,362.7,1021.36,60.38,100.0,95.0,0.98,-5.94,0.142,47.8,227.1,1.901,0,MODERATE
40.73,246.4,-0.274,1,1.773,3.983,2,1,4.75,36.22,163.62,4.16,95.9,32.59,0.628,1.25,0.053,1209.9,2645.0,0.536,1,CRITICAL
16.88,224.22,0.39,2,10.081,3.513,2,0,9.84,33.22,114.64,6.09,89.4,18.45,0.434,0.05,0.174,569.0,485.4,2.386,0,LOW
6.08,55.04,-0.207,2,8.367,0.535,2,1,7.7,5.74,58.41,1.08,67.54,7.79,0.218,-4.41,0.067,326.3,21.4,8.481,0,LOW
17.67,304.12,-0.533,4,2.196,4.176,1,2,2.79,6.74,51.77,0.83,56.58,6.08,0.292,-5.36,0.061,178.1,220.0,1.809,0,LOW
24.62,70.48,0.186,5,0.537,2.599,3,2,5.65,46.61,144.3,3.88,91.34,23.73,0.56,-2.73,0.116,527.7,706.0,0.889,0,HIGH
28.25,335.62,-0.192,4,0.687,1.014,0,0,6.6,12.2,39.07,1.2,59.38,5.64,0.363,-1.25,0.096,340.1,207.3,1.102,0,MODERATE
3.37,90.21,0.626,2,1.659,2.865,1,0,4.93,4.92,48.81,0.73,59.49,5.23,0.096,1.24,0.079,228.1,212.5,16.128,0,LOW
14.94,264.2,0.104,3,0.825,3.612,1,1,10.45,217.71,663.99,29.06,100.0,95.0,0.98,-6.16,0.121,423.8,189.8,0.839,1,CRITICAL
22.91,102.48,0.056,1,0.303,0.561,2,2,6.68,196.59,363.39,25.24,100.0,65.41,0.98,-2.48,0.159,35.6,179.8,0.713,1,CRITICAL
28.21,114.4,-0.129,2,3.921,3.857,2,3,8.51,25.57,113.49,4.12,86.64,20.77,0.439,1.11,0.254,580.9,97.0,1.293,0,MODERATE
12.21,111.6,0.557,4,3.048,3.873,2,0,7.95,101.4,249.2,10.4,100.0,44.86,0.671,-2.04,0.174,38.3,94.5,1.16,1,HIGH
19.69,269.24,0.125,3,1.205,0.155,2,3,9.05,133.9,408.3,19.27,100.0,73.49,0.98,-1.71,0.243,657.1,711.1,0.659,1,CRITICAL
15.63,200.45,-0.143,1,5.283,3.791,1,3,11.18,40.63,135.03,4.41,98.34,28.78,0.383,-3.05,0.255,69.5,430.2,1.959,0,LOW
25.08,317.86,-0.278,3,5.236,3.982,1,0,8.99,16.46,74.77,3.58,75.1,12.08,0.394,-4.38,0.113,137.6,143.7,1.804,0,LOW
39.97,110.65,-0.026,2,2.364,0.255,2,1,11.33,9.04,37.21,0.78,67.31,4.51,0.431,-2.8,0.08,399.8,686.9,1.306,0,MODERATE
18.24,249.12,-0.342,3,0.355,1.306,2,2,9.04,9.87,53.16,0.81,68.29,7.72,0.275,-3.48,0.086,33.8,407.4,2.738,0,LOW
9.09,271.06,0.36,3,8.774,1.63,2,2,7.79,103.62,246.55,16.47,100.0,44.38,0.653,-0.25,0.107,1029.8,291.7,2.523,0,MODERATE
14.45,54.53,-0.633,2,3.866,1.53,2,2,8.21,31.54,113.59,2.8,86.12,21.39,0.265,0.33,0.222,387.2,433.5,2.686,0,LOW
51.56,144.21,-0.049,5,0.993,3.212,2,1,2.5,76.87,162.4,14.88,91.47,26.74,0.916,-7.81,0.114,84.5,163.2,0.211,1,CRITICAL
13.12,173.81,0.214,3,3.3,1.568,0,0,6.5,50.29,169.65,9.79,100.0,30.54,0.489,-1.76,0.059,612.0,608.2,2.402,0,LOW
10.31,128.05,0.12,4,1.817,4.022,1,0,7.18,32.63,98.57,4.58,79.48,14.1,0.312,-6.32,0.155,11.9,121.3,2.71,0,LOW
17.59,115.96,-0.251,4,3.531,4.179,0,0,8.46,8.59,51.68,1.7,66.77,7.24,0.414,-4.08,0.108,5.0,366.1,1.759,0,LOW
21.02,247.11,0.231,4,2.248,1.399,2,2,7.44,26.37,78.61,4.84,73.55,10.41,0.414,0.35,0.091,109.5,836.4,1.376,1,HIGH
16.21,77.71,-0.31,3,2.326,2.186,2,0,8.23,119.19,264.32,11.79,100.0,61.88,0.834,-7.89,0.144,30.0,332.8,0.78,1,CRITICAL
8.15,255.38,-0.008,1,4.66,2.387,0,2,4.59,108.43,243.27,21.72,100.0,43.79,0.727,-6.78,0.065,480.0,318.6,2.392,0,MODERATE
26.42,336.62,0.228,4,3.329,2.476,2,1,4.02,1.87,26.19,0.38,50.62,2.39,0.291,-3.8,0.173,135.9,469.7,1.261,1,HIGH
25.09,203.47,0.162,3,0.292,1.634,3,1,4.9,9.82,67.86,1.23,65.53,8.0,0.301,-5.36,0.151,270.6,169.5,1.969,0,LOW
31.96,220.12,-0.236,1,0.237,0.781,1,3,10.96,91.66,254.03,17.28,100.0,56.72,0.776,-6.58,0.216,484.7,2033.6,0.569,1,CRITICAL
24.78,24.82,0.419,3,1.273,0.324,3,0,4.71,26.59,97.57,5.47,74.7,13.12,0.404,-1.87,0.2,46.5,543.8,1.798,0,LOW
49.34,311.21,0.03,4,1.969,0.536,3,0,5.77,67.06,213.31,12.37,100.0,38.4,0.858,-6.75,0.067,1018.5,184.2,0.201,1,CRITICAL
33.29,102.76,0.26,5,1.127,3.795,2,3,7.73,53.76,159.04,5.01,99.81,28.57,0.616,-2.9,0.291,295.2,452.8,0.516,1,CRITICAL
29.79,221.42,0.535,3,3.689,1.25,3,1,4.0,68.62,188.75,6.4,100.0,33.97,0.712,-2.55,0.087,18.9,946.8,0.812,1,CRITICAL
40.74,352.48,0.391,3,0.76,0.415,1,0,5.58,3.59,23.2,0.78,52.47,2.19,0.381,0.61,0.163,217.6,831.6,1.35,0,MODERATE
23.96,214.38,0.392,5,4.263,2.656,1,0,8.99,173.9,515.82,27.09,100.0,92.85,0.98,-2.35,0.055,573.1,1303.2,0.247,1,CRITICAL
19.93,260.9,0.067,2,5.192,0.409,3,3,6.54,1.38,49.19,0.23,62.51,5.53,0.231,-4.67,0.223,638.9,75.3,2.669,0,LOW
26.26,160.32,0.278,1,0.465,0.387,1,2,11.2,0.52,73.64,0.11,78.73,10.44,0.122,-4.52,0.101,385.8,172.4,1.806,1,HIGH
5.66,21.73,0.075,2,3.682,2.648,0,0,3.76,16.66,89.88,1.35,70.54,11.41,0.206,-4.98,0.15,1003.4,1304.1,8.588,0,LOW
24.0,287.14,-0.423,5,11.394,2.525,0,3,6.74,327.3,707.88,45.74,100.0,95.0,0.98,-5.77,0.276,193.5,474.4,0.247,1,CRITICAL
21.01,12.6,0.106,2,0.75,0.27,2,1,6.54,4.89,34.49,0.78,57.8,3.59,0.315,-0.43,0.296,144.5,1117.1,2.63,0,LOW
27.82,252.24,0.09,2,8.401,1.988,1,3,7.48,134.9,325.49,10.83,100.0,58.59,0.98,-4.78,0.266,69.9,132.4,0.557,0,HIGH
37.84,8.25,0.204,3,3.26,1.887,0,0,4.8,11.26,66.32,1.89,64.86,7.74,0.389,-4.41,0.079,171.3,609.7,1.275,1,HIGH
30.26,310.43,-0.045,4,3.129,2.341,3,1,6.22,7.51,79.15,1.5,71.53,10.19,0.367,-0.96,0.095,545.3,325.7,0.926,1,HIGH
14.48,56.75,-0.267,5,0.187,3.125,2,0,9.24,98.11,231.17,8.6,100.0,53.38,0.642,0.26,0.056,15.7,473.4,0.801,0,HIGH
34.62,185.14,0.23,3,4.828,1.259,2,1,6.91,121.89,356.79,23.47,100.0,64.22,0.98,-0.38,0.06,71.0,375.9,0.447,1,CRITICAL
49.72,214.97,-0.46,5,2.277,1.874,0,0,5.15,102.12,182.61,22.15,100.0,45.12,0.974,-6.93,0.108,997.2,591.3,0.186,1,CRITICAL
38.36,164.72,0.511,2,4.47,3.35,0,1,12.08,17.93,73.65,3.74,80.3,10.65,0.47,1.12,0.347,437.5,103.6,1.151,1,HIGH
9.65,122.67,-0.081,2,5.798,3.882,0,0,7.61,137.73,312.71,21.37,100.0,56.29,0.855,-7.67,0.072,91.4,1670.6,1.392,0,MODERATE
30.09,168.41,0.086,5,2.597,3.754,2,0,8.85,4.85,67.52,0.97,72.54,8.82,0.379,-2.3,0.17,510.2,321.3,0.943,1,HIGH
10.62,112.11,0.195,3,1.071,2.058,2,3,9.18,27.2,136.71,5.11,95.27,23.44,0.324,-3.04,0.237,43.6,772.0,3.493,0,LOW
18.82,157.72,0.207,2,0.534,2.236,2,0,7.34,40.44,109.63,7.86,83.3,16.44,0.472,-1.34,0.053,307.7,9.2,2.247,0,LOW
27.37,129.21,-0.493,3,0.612,2.269,1,1,5.76,4.56,71.99,0.62,68.41,9.41,0.378,-3.8,0.064,62.2,73.9,1.744,0,LOW
25.45,203.83,0.288,4,7.059,3.662,3,2,7.94,56.36,170.84,8.26,100.0,30.75,0.579,-2.07,0.128,212.0,182.3,0.695,1,CRITICAL
37.96,85.65,0.106,4,0.462,3.544,0,2,5.96,53.27,140.76,6.05,90.77,23.0,0.618,-4.97,0.071,279.9,556.3,0.488,1,CRITICAL
49.84,355.92,-0.222,5,1.7,1.377,0,2,8.32,315.34,778.41,27.5,100.0,95.0,0.98,-7.08,0.203,370.4,166.2,0.186,1,CRITICAL
28.87,180.31,-0.262,3,1.424,0.768,3,2,7.14,63.18,198.52,10.34,100.0,43.32,0.609,-5.76,0.087,664.4,674.5,0.602,0,HIGH
18.0,69.9,-0.117,5,7.021,1.654,1,3,9.76,32.94,106.91,4.06,86.79,20.65,0.42,-2.85,0.22,441.6,63.4,1.354,1,HIGH
5.87,171.74,-0.455,3,2.273,1.282,2,2,4.99,101.5,290.23,15.26,100.0,64.42,0.585,-3.22,0.171,99.1,264.1,2.053,0,MODERATE
42.98,311.91,0.603,4,19.739,3.998,0,2,9.08,26.51,140.73,5.69,96.38,24.41,0.63,-2.36,0.064,518.5,173.0,0.361,1,CRITICAL
21.07,7.85,0.52,4,4.675,1.19,0,1,8.85,49.47,149.81,4.4,98.87,26.66,0.463,-0.08,0.294,18.1,46.6,0.971,1,HIGH
21.7,244.64,0.158,3,6.662,0.843,2,2,6.97,3.71,89.43,0.75,76.17,12.26,0.287,-6.92,0.072,373.4,581.5,2.095,0,LOW
22.69,197.27,-0.078,1,0.364,3.788,0,1,9.11,25.32,129.05,2.33,92.69,21.53,0.482,-1.27,0.185,184.9,946.5,1.591,0,LOW
28.16,61.04,-0.069,3,1.021,0.455,0,0,8.42,48.82,147.04,8.37,97.21,25.73,0.56,-4.25,0.108,162.2,935.4,1.12,0,MODERATE
28.6,294.29,0.265,4,0.509,1.167,2,1,8.97,78.76,234.89,10.09,100.0,42.28,0.668,-1.3,0.157,337.6,139.2,0.399,1,CRITICAL
19.0,132.8,0.615,2,2.18,1.9,1,1,8.83,6.78,50.92,0.64,67.18,6.16,0.16,-1.26,0.062,17.5,1537.0,2.747,0,LOW
20.96,105.77,-0.2,1,4.434,2.54,3,1,7.61,103.71,207.68,19.29,100.0,49.83,0.806,-0.55,0.069,577.7,725.7,0.765,1,CRITICAL
15.47,298.13,-0.391,2,0.648,1.443,3,1,6.19,149.77,253.47,26.63,100.0,63.6,0.98,-4.78,0.068,83.9,122.9,0.894,1,HIGH
14.47,229.87,0.542,1,0.488,2.135,2,0,6.16,21.45,90.57,3.64,75.08,12.24,0.352,1.46,0.062,471.3,942.3,3.294,0,LOW
14.43,323.37,-0.625,4,3.337,0.915,1,1,7.03,94.23,263.75,20.27,100.0,58.78,0.692,-2.69,0.075,109.1,95.5,0.558,1,CRITICAL
20.82,226.76,-0.353,2,0.916,2.455,2,3,9.35,12.93,83.85,1.08,78.67,13.43,0.304,-4.69,0.347,370.8,72.2,2.158,0,LOW
12.77,266.69,-0.086,1,2.284,1.772,2,1,8.89,48.17,103.51,6.79,84.13,15.67,0.404,-4.2,0.16,704.9,954.1,3.428,0,LOW
3.0,301.12,-0.546,4,0.184,3.582,0,0,9.71,103.85,287.52,16.49,100.0,64.22,0.645,-4.74,0.079,329.1,1162.5,2.405,0,MODERATE
17.82,19.71,0.389,4,3.995,1.805,1,1,9.93,31.76,140.61,4.13,97.87,24.77,0.451,-1.55,0.086,74.9,271.1,1.226,1,HIGH
10.05,279.38,0.3,1,2.728,1.92,3,3,7.02,1.73,57.94,0.3,66.18,6.9,0.041,1.01,0.306,337.0,476.6,5.321,0,LOW
23.56,220.93,-0.201,2,3.649,2.528,1,3,11.82,50.47,191.98,10.39,100.0,40.61,0.588,-0.68,0.339,337.1,173.7,0.849,1,CRITICAL
15.44,25.02,0.448,5,1.128,0.605,2,3,7.27,121.06,326.32,21.5,100.0,58.74,0.814,-1.96,0.244,723.0,651.8,0.606,1,CRITICAL
28.34,183.09,0.507,3,1.143,0.743,0,0,6.41,7.45,80.92,1.19,72.44,10.55,0.356,-3.22,0.158,82.9,816.9,1.631,0,LOW
10.67,29.68,-0.04,5,5.657,3.34,2,1,8.23,1.96,63.62,0.36,70.18,8.04,0.23,0.97,0.117,975.9,100.8,2.868,0,LOW
6.72,264.94,-0.158,2,4.437,1.221,0,3,8.56,107.62,324.42,10.26,100.0,71.31,0.683,-3.09,0.588,323.6,531.4,1.978,0,MODERATE
20.98,196.74,0.791,2,3.034,2.907,3,1,5.87,20.2,90.77,3.4,74.61,12.19,0.38,0.38,0.144,107.3,980.3,2.211,0,LOW
17.38,343.29,0.252,2,3.462,0.499,0,0,7.15,29.45,125.03,4.04,87.88,19.78,0.305,-5.48,0.157,199.6,656.7,2.267,0,LOW
9.47,65.93,0.09,1,0.346,3.47,3,0,6.52,5.91,36.87,0.74,58.53,3.88,0.192,-0.19,0.198,401.7,708.8,6.009,0,LOW
33.31,218.17,0.477,5,6.787,4.152,1,3,7.81,6.6,65.17,1.0,69.92,8.2,0.425,-2.86,0.212,13.6,117.7,0.851,1,HIGH
11.88,76.17,0.106,5,5.142,1.632,2,1,9.25,61.97,216.7,11.94,100.0,39.01,0.485,-5.6,0.087,114.7,786.9,1.468,0,MODERATE
14.05,221.06,-0.177,5,3.125,2.173,3,3,6.91,52.23,182.38,7.19,100.0,39.09,0.457,-0.63,0.254,610.4,319.2,1.219,0,MODERATE
36.67,260.15,0.028,5,8.779,1.915,0,0,8.76,22.48,106.67,4.01,84.9,16.3,0.514,-2.72,0.063,31.7,5.4,0.626,1,CRITICAL
29.23,260.03,0.364,4,0.646,3.766,1,2,4.44,39.18,113.75,6.37,79.4,16.26,0.551,-0.66,0.086,210.2,495.9,0.848,0,HIGH
11.07,293.43,-0.697,4,4.062,0.141,3,0,9.46,31.94,93.55,6.65,81.96,17.63,0.424,-4.28,0.143,240.0,673.1,2.379,0,LOW
18.3,307.28,-0.101,4,11.537,2.779,1,0,6.5,77.2,165.67,10.98,99.72,39.0,0.654,2.34,0.073,94.7,685.0,0.854,0,HIGH
10.35,27.82,0.484,2,1.299,2.775,2,2,6.46,128.77,241.89,25.08,100.0,43.54,0.894,-4.07,0.103,145.1,1216.2,2.079,0,MODERATE
35.27,123.58,-0.179,3,0.054,1.668,0,1,8.38,94.16,233.39,18.63,100.0,53.31,0.848,-4.26,0.062,674.9,40.4,0.443,1,CRITICAL
35.25,247.36,0.541,4,4.646,0.999,2,2,8.5,0.29,63.16,0.04,70.5,8.01,0.265,1.27,0.06,17.4,93.6,0.807,1,CRITICAL
53.66,179.49,0.495,5,0.05,1.083,0,3,7.25,6.82,39.77,1.01,60.78,4.35,0.542,-1.55,0.237,49.3,1172.9,0.53,1,CRITICAL
64.47,68.64,-0.023,4,7.21,3.382,2,0,5.54,36.47,140.56,4.62,89.96,22.76,0.758,5.98,0.154,648.1,625.0,0.278,1,CRITICAL
15.33,198.98,-0.199,4,0.203,0.371,1,0,6.44,124.1,334.08,18.54,100.0,75.03,0.84,-0.77,0.11,55.3,242.9,0.39,1,CRITICAL
32.28,146.68,-0.101,3,3.702,2.412,2,2,7.71,17.58,80.82,2.02,74.74,12.98,0.43,-2.74,0.129,53.6,67.0,1.343,0,MODERATE
6.01,140.41,0.933,4,1.657,1.358,0,3,8.58,137.25,349.94,27.47,100.0,62.99,0.848,-3.76,0.241,245.9,817.0,1.25,0,MODERATE
24.55,291.51,0.656,5,0.796,1.188,2,2,5.69,7.58,42.78,0.87,58.93,4.54,0.301,-1.19,0.121,1164.3,167.5,1.285,0,MODERATE
27.9,146.74,0.044,2,7.999,2.174,1,1,6.09,4.9,73.19,0.57,69.39,9.14,0.358,-3.94,0.103,165.9,808.0,1.746,1,HIGH
12.29,9.52,-0.213,5,4.8,3.781,1,2,8.08,159.03,449.92,32.66,100.0,95.0,0.98,-1.17,0.091,206.9,366.6,0.441,1,CRITICAL
14.76,20.9,0.041,3,1.457,2.634,2,0,7.32,11.49,75.28,1.77,72.26,9.79,0.277,-2.5,0.052,490.3,346.4,3.276,0,LOW
35.38,308.25,0.085,4,1.17,3.333,0,0,7.82,40.51,117.49,3.84,86.68,18.33,0.512,-2.63,0.199,333.7,415.3,0.622,1,CRITICAL
28.28,345.82,-0.435,5,4.661,2.563,3,2,2.5,25.64,131.9,3.29,81.71,22.48,0.499,-1.17,0.293,1547.1,244.9,0.785,1,CRITICAL
50.1,247.83,0.028,3,6.34,2.961,2,2,6.85,10.38,57.53,1.86,65.74,6.81,0.584,-3.7,0.11,265.6,52.4,0.96,0,HIGH
47.07,131.17,0.463,3,4.404,1.873,2,1,9.38,65.0,136.01,8.89,95.4,23.36,0.792,-1.97,0.097,152.4,396.6,0.538,1,CRITICAL
7.27,337.9,-0.63,3,3.576,3.897,0,2,6.15,215.49,407.43,30.01,100.0,95.0,0.98,-6.77,0.166,113.6,246.4,1.665,0,MODERATE
16.25,238.61,0.289,1,0.905,2.158,2,1,8.57,69.76,150.21,10.45,98.49,26.63,0.594,-3.79,0.051,1226.1,276.6,1.985,0,MODERATE
11.49,303.96,0.481,3,6.706,2.362,0,1,4.84,28.37,102.12,3.15,76.39,14.04,0.307,-2.17,0.062,462.7,412.7,3.943,0,LOW
33.0,275.71,-0.196,2,4.847,2.252,3,3,4.06,80.87,179.4,11.27,99.72,41.9,0.741,-4.65,0.226,479.7,68.9,0.505,1,CRITICAL
25.89,136.49,0.593,5,2.549,1.396,1,1,8.42,10.05,31.07,1.11,60.1,3.36,0.353,-5.31,0.057,60.5,123.2,1.231,0,MODERATE
12.0,172.33,-0.242,1,2.508,1.048,0,0,7.38,56.39,135.86,7.28,91.76,29.21,0.551,-1.89,0.054,172.7,152.4,2.65,0,LOW
13.2,67.01,0.154,3,2.947,0.403,0,2,6.76,41.2,96.28,6.37,77.98,13.51,0.419,-7.75,0.273,6.4,213.1,3.434,0,LOW
41.66,105.13,-0.107,5,6.167,3.045,3,2,9.36,29.01,79.96,5.14,77.44,14.63,0.573,-7.41,0.066,214.1,46.1,0.554,1,CRITICAL
17.36,280.13,-0.107,5,4.745,1.286,2,2,6.81,87.45,262.19,14.76,100.0,57.69,0.65,-2.84,0.122,21.5,76.5,0.538,0,HIGH
5.3,321.83,-0.216,4,6.789,1.696,1,3,6.11,8.2,60.63,1.32,65.4,8.12,0.185,-1.82,0.262,61.4,132.5,5.899,0,LOW
11.32,260.81,0.245,3,2.477,3.872,3,0,5.87,49.46,152.69,8.08,94.43,25.95,0.438,-1.54,0.077,92.8,534.0,3.129,0,LOW
55.52,167.46,0.297,2,3.43,2.422,0,1,5.4,125.25,222.48,18.98,100.0,40.05,0.98,-2.04,0.133,475.8,499.7,0.493,0,HIGH
37.23,31.14,-0.023,3,6.748,0.498,2,2,8.53,14.64,43.3,2.43,64.2,5.0,0.445,-6.44,0.081,30.3,4.1,1.364,0,LOW
9.92,20.5,-0.476,1,0.925,3.378,2,1,6.81,19.97,55.12,2.65,64.9,8.84,0.239,-3.14,0.099,666.4,33.0,5.25,0,LOW
24.55,134.76,0.141,4,2.055,1.15,3,2,10.01,70.25,126.14,14.47,93.39,21.21,0.625,-3.72,0.088,233.9,311.0,0.919,1,HIGH
36.02,166.98,0.148,2,3.393,2.366,1,2,2.5,96.26,173.03,15.66,94.87,29.55,0.865,-2.34,0.243,32.2,249.1,0.681,1,CRITICAL
7.2,219.28,-0.076,4,8.634,2.191,1,2,9.53,21.65,54.38,4.57,69.56,6.81,0.265,-1.06,0.263,1214.6,156.8,4.376,0,LOW
38.14,2.34,0.654,3,0.056,1.076,2,2,8.29,29.0,129.22,3.96,91.27,21.23,0.55,-2.79,0.087,5.0,312.5,0.849,1,CRITICAL
28.13,356.3,-0.547,3,0.836,0.575,1,0,7.3,87.54,216.84,11.84,100.0,49.54,0.713,-2.84,0.073,49.8,100.4,0.503,1,CRITICAL
14.23,131.02,-0.776,3,0.935,0.966,0,2,4.66,21.84,108.6,4.7,78.14,17.89,0.319,-2.32,0.157,56.9,65.3,2.971,0,LOW
30.56,305.31,-0.256,4,1.384,0.499,2,2,3.85,71.33,196.02,12.99,100.0,43.84,0.735,-4.91,0.08,567.4,32.5,0.325,1,CRITICAL
26.09,192.59,0.249,2,1.158,1.23,2,2,9.15,11.24,49.43,1.72,67.29,5.99,0.429,-1.29,0.102,119.7,33.5,1.985,0,LOW
27.07,46.96,-0.37,3,3.122,4.189,1,1,8.03,34.44,66.6,6.22,70.77,12.62,0.538,-7.25,0.113,504.3,99.1,1.665,0,LOW
24.06,287.12,-0.343,1,7.589,1.749,1,1,7.99,75.85,227.32,10.28,100.0,50.02,0.669,-2.1,0.397,12.1,704.5,0.686,1,CRITICAL
12.9,255.54,0.333,1,3.547,3.642,1,0,7.27,40.04,114.1,7.46,84.61,17.38,0.396,1.53,0.089,891.7,730.1,3.278,0,LOW
14.43,189.88,0.162,4,0.968,2.352,2,3,9.37,1.26,81.74,0.14,78.02,11.48,0.284,-2.09,0.242,538.2,1096.1,1.998,0,LOW
19.33,185.24,0.132,2,6.976,2.833,2,1,6.21,33.9,132.03,7.22,88.43,21.02,0.419,3.28,0.056,180.9,487.1,1.968,0,LOW
22.74,31.49,0.274,1,3.499,0.741,3,2,6.76,22.11,77.82,3.2,72.07,10.09,0.436,-0.13,0.137,46.5,212.1,2.16,0,LOW
31.53,236.11,-0.149,5,0.865,1.227,2,0,7.11,6.94,49.66,0.65,63.69,6.53,0.386,2.31,0.067,70.9,61.9,0.942,1,HIGH
56.21,328.05,-0.133,3,1.571,2.193,2,2,7.03,0.6,21.67,0.12,54.59,2.2,0.433,-0.25,0.126,72.4,111.3,1.019,1,HIGH
25.18,33.57,0.283,1,5.462,3.713,1,0,10.44,3.03,47.33,0.62,68.94,5.87,0.35,0.12,0.072,339.7,260.6,2.111,0,LOW
31.23,94.86,-0.471,1,4.7,0.276,0,3,4.74,193.75,432.08,35.3,100.0,95.0,0.98,-4.72,0.431,131.5,129.0,0.576,1,CRITICAL
35.06,324.83,-0.75,1,3.008,2.178,2,3,3.2,90.06,215.87,15.14,100.0,49.66,0.814,-6.92,0.207,5.0,170.3,0.543,1,CRITICAL
32.42,102.36,-0.152,3,0.547,0.309,0,0,4.3,182.59,538.46,38.34,100.0,95.0,0.98,-9.77,0.262,135.7,1298.0,0.462,1,CRITICAL
12.6,235.42,0.326,4,5.691,1.973,3,2,9.0,7.93,79.46,1.32,76.63,10.96,0.317,-1.96,0.114,237.5,219.5,2.32,0,LOW
43.7,192.53,0.089,4,1.286,2.678,3,2,7.28,54.94,159.02,10.48,98.99,28.33,0.717,-3.81,0.271,15.5,74.8,0.289,1,CRITICAL
40.17,214.68,0.3,1,5.168,3.153,2,2,3.98,5.65,53.01,0.83,59.13,5.64,0.432,-2.74,0.104,224.3,191.1,1.354,0,LOW
23.88,149.68,-0.706,4,3.65,0.668,1,2,7.72,1.77,34.82,0.32,60.04,3.97,0.322,-4.4,0.054,420.0,17.5,1.35,0,LOW
13.07,108.0,0.11,3,1.074,0.783,2,3,6.79,40.81,103.23,8.97,80.25,14.91,0.545,0.76,0.218,232.6,431.5,3.378,0,LOW
22.54,17.47,0.229,3,0.836,2.027,2,1,8.73,67.56,156.25,9.02,100.0,28.12,0.642,-5.13,0.085,112.7,573.8,1.38,0,MODERATE
7.85,267.94,-0.473,4,0.491,4.192,2,0,9.25,4.27,41.23,0.77,64.84,5.32,0.193,-4.03,0.272,125.5,232.5,4.118,0,LOW
46.66,268.59,0.302,2,0.97,1.56,0,2,13.04,29.52,136.49,2.98,100.0,24.57,0.624,-1.69,0.164,157.6,360.6,0.485,1,CRITICAL
15.23,241.46,-0.039,1,0.601,1.853,3,2,4.9,6.14,57.94,1.04,62.36,6.5,0.335,1.39,0.124,526.6,931.7,3.552,0,LOW
18.77,231.71,1.0,5,3.359,1.873,2,0,3.4,29.22,119.05,3.66,79.22,16.97,0.423,0.34,0.096,9.0,103.6,1.391,0,LOW
44.95,87.74,-0.762,2,3.196,0.431,0,0,8.8,41.49,125.11,8.35,90.87,25.44,0.71,-3.65,0.097,122.5,80.9,0.544,1,CRITICAL
42.18,8.04,0.479,2,3.088,3.274,1,2,9.67,26.77,79.92,3.49,77.98,11.22,0.586,-2.27,0.135,897.1,134.7,1.025,1,HIGH
26.65,291.14,-0.138,4,3.594,1.138,2,2,4.69,55.81,151.4,7.94,91.9,31.74,0.619,1.78,0.152,498.1,111.4,0.652,1,CRITICAL
50.29,176.81,-0.566,4,5.902,2.985,0,0,4.7,57.1,208.01,12.4,100.0,44.29,0.774,0.42,0.102,40.6,937.1,0.202,1,CRITICAL
12.35,110.46,-0.184,4,8.569,2.048,0,3,8.26,26.32,97.19,2.9,80.96,17.32,0.339,0.47,0.328,122.7,21.1,2.138,0,LOW
26.66,36.7,0.097,2,0.916,2.608,0,0,11.27,32.09,91.01,5.1,84.41,13.83,0.439,-0.88,0.109,5.1,39.6,1.61,0,LOW
12.42,22.58,0.363,3,3.102,0.321,3,0,5.57,37.81,152.73,7.6,93.9,25.82,0.363,-1.71,0.108,366.2,1270.6,2.854,0,LOW
38.9,125.59,0.603,1,0.286,3.749,0,1,7.69,30.62,149.94,3.8,96.83,26.13,0.589,3.21,0.134,30.6,224.2,0.644,1,CRITICAL
38.19,289.71,0.498,3,0.448,1.1,1,3,3.32,92.94,269.32,7.63,100.0,48.48,0.835,-0.24,0.326,136.5,307.9,0.43,0,HIGH
52.14,330.74,-0.338,2,3.718,2.847,1,2,7.06,9.8,100.09,2.01,79.74,15.54,0.573,-1.09,0.123,653.4,390.5,0.676,1,CRITICAL
22.16,322.83,0.396,4,2.333,3.372,2,1,7.25,126.44,233.3,21.08,100.0,41.99,0.891,-1.92,0.255,41.2,686.3,0.607,1,CRITICAL
59.63,331.2,0.137,1,4.971,2.314,2,0,10.73,26.15,118.88,2.94,92.35,19.76,0.652,-2.35,0.217,110.3,560.2,0.626,1,CRITICAL
11.78,326.78,-0.229,1,1.941,1.483,3,2,5.95,83.67,298.2,9.93,100.0,63.72,0.624,-6.88,0.168,473.3,209.7,1.279,0,MODERATE
21.5,189.8,-0.074,3,0.478,4.109,2,2,9.01,139.9,258.41,26.85,100.0,46.51,0.98,-6.55,0.1,280.1,728.1,0.851,1,HIGH
12.04,78.99,-0.248,5,7.197,1.242,2,3,5.8,141.98,369.51,24.12,100.0,83.55,0.841,-5.19,0.276,398.6,617.7,0.449,1,CRITICAL
24.7,287.3,0.013,5,0.303,3.99,1,2,7.7,39.14,83.91,7.15,75.71,11.43,0.524,-3.3,0.107,894.2,950.1,1.126,1,HIGH
12.7,76.94,-0.255,5,0.733,0.741,2,0,12.07,19.27,73.05,3.1,80.1,12.85,0.242,-3.39,0.05,684.9,130.6,2.22,0,LOW
38.96,96.19,-0.36,3,1.135,1.696,0,2,11.44,60.5,168.83,11.53,100.0,37.65,0.782,-4.1,0.137,94.6,44.9,0.428,1,CRITICAL
28.63,83.97,0.168,1,18.746,0.668,2,0,11.81,13.21,37.79,2.58,68.36,4.65,0.423,1.8,0.248,99.4,50.3,1.892,0,LOW
11.16,185.39,0.22,2,1.888,0.109,0,3,8.37,101.63,327.1,13.63,100.0,58.88,0.632,1.35,0.259,25.3,354.1,1.212,0,MODERATE
34.28,115.86,-0.066,4,2.438,1.167,3,0,7.04,80.76,167.48,16.65,100.0,30.15,0.821,0.47,0.065,131.8,136.7,0.449,1,CRITICAL
48.45,55.5,0.479,1,5.139,0.458,2,0,8.13,103.21,207.93,15.56,100.0,37.43,0.973,-8.66,0.099,417.0,20.6,0.515,1,CRITICAL
30.11,163.14,-0.091,2,3.541,4.144,2,1,8.53,36.91,104.91,3.78,83.92,15.85,0.477,0.76,0.05,83.7,815.7,1.348,0,MODERATE
9.13,314.61,-0.106,1,6.445,3.223,2,0,8.36,52.98,202.8,5.86,100.0,42.86,0.474,-0.42,0.158,492.9,892.6,2.199,0,LOW
20.36,205.4,0.231,3,2.332,0.115,2,1,5.93,7.05,64.88,1.29,66.44,7.76,0.358,-1.43,0.138,238.4,205.7,2.452,0,LOW
32.18,316.2,-0.046,2,12.537,1.017,2,1,5.85,75.64,145.95,10.05,92.23,24.23,0.759,-3.96,0.134,125.0,63.3,0.978,1,HIGH
19.28,70.51,0.03,1,5.578,2.848,1,1,6.19,43.37,146.38,5.06,92.98,24.5,0.452,-2.83,0.096,151.7,128.6,1.775,0,LOW
11.68,60.11,-0.882,3,1.796,1.734,1,1,9.85,46.27,99.42,7.62,84.55,20.68,0.433,0.35,0.09,412.7,509.4,3.422,0,LOW
41.29,207.21,0.006,3,1.68,3.511,0,3,10.09,122.02,325.69,23.13,100.0,58.62,0.98,-2.68,0.225,106.4,523.8,0.422,1,CRITICAL
18.81,166.8,-0.64,3,9.282,2.17,0,1,14.5,96.19,316.13,9.17,100.0,68.45,0.723,-0.07,0.248,353.1,544.5,0.685,1,CRITICAL
48.47,237.66,-0.427,4,4.037,2.78,0,3,8.44,49.8,177.16,7.12,100.0,37.86,0.757,-0.16,0.237,151.1,869.4,0.2,1,CRITICAL
16.31,286.07,-0.467,1,3.4,2.548,3,0,5.77,28.51,62.3,5.36,65.32,10.75,0.302,1.83,0.115,473.7,969.1,3.072,0,LOW
18.19,270.47,-0.365,4,4.963,2.716,2,0,6.45,38.44,113.56,7.94,82.94,21.57,0.46,-0.38,0.099,66.6,2046.6,1.317,0,MODERATE
15.56,339.21,-0.192,1,2.88,1.043,1,2,7.15,28.08,67.48,2.3,69.47,11.81,0.294,-4.6,0.136,103.4,196.1,3.13,0,LOW
20.17,143.37,-0.17,3,0.607,1.63,0,0,10.81,10.69,29.81,1.84,64.0,4.72,0.251,-5.41,0.37,192.7,1097.0,2.597,0,LOW
28.38,74.3,0.232,3,1.346,0.308,2,1,9.11,67.46,205.81,11.04,100.0,37.05,0.697,-0.93,0.119,387.0,462.2,0.791,0,HIGH
12.07,198.33,0.078,5,2.857,2.509,1,3,4.54,76.45,155.6,11.66,92.96,26.04,0.537,-1.23,0.242,48.0,58.7,1.878,0,MODERATE
10.68,39.87,-0.665,3,0.064,1.983,2,1,7.37,230.6,502.1,23.62,100.0,95.0,0.98,-7.35,0.125,654.3,404.7,1.148,0,MODERATE
7.09,103.99,0.029,2,2.013,3.219,1,1,4.26,39.54,132.93,7.27,85.21,20.39,0.34,-1.37,0.053,5.0,214.4,5.695,0,LOW
6.49,74.84,0.111,3,4.934,0.946,3,2,8.8,384.26,1070.45,51.87,100.0,95.0,0.98,-10.02,0.238,7.5,34.5,1.862,0,MODERATE
9.21,142.76,-0.115,3,0.628,1.891,0,0,5.95,13.46,89.04,1.52,74.19,13.51,0.253,-2.7,0.065,166.9,127.7,5.002,0,LOW
16.24,40.04,-0.021,3,0.234,0.841,1,2,6.16,69.48,205.41,13.83,100.0,36.97,0.586,-6.17,0.112,494.0,561.7,1.634,0,MODERATE
24.46,11.46,0.067,2,6.328,2.617,3,0,3.37,341.45,618.73,41.99,100.0,95.0,0.98,-7.92,0.088,39.5,192.5,0.61,1,CRITICAL
27.54,236.45,0.268,3,3.362,3.577,0,0,9.17,66.47,112.05,7.16,87.35,17.62,0.567,-3.82,0.202,186.0,466.6,1.421,1,HIGH
23.84,219.69,-0.551,2,0.68,3.238,1,0,10.16,39.14,100.11,4.84,85.32,20.07,0.476,-1.04,0.313,156.9,1077.5,1.606,0,LOW
45.6,255.01,-0.086,4,5.745,3.971,1,3,5.98,47.07,190.79,4.96,100.0,34.34,0.755,-6.52,0.205,382.4,401.6,0.199,1,CRITICAL
53.16,237.74,0.528,3,3.757,4.084,2,0,7.14,121.4,268.1,22.92,100.0,48.26,0.98,-2.12,0.069,67.3,1377.7,0.436,1,CRITICAL
18.86,41.15,0.496,1,1.423,3.265,1,1,6.45,181.92,522.32,19.19,100.0,94.02,0.98,-6.13,0.201,252.4,189.2,0.835,1,CRITICAL
12.19,104.79,0.298,5,1.652,1.276,3,0,7.02,39.33,105.18,7.09,81.29,15.39,0.481,-4.65,0.098,705.8,940.4,2.233,0,LOW
61.55,46.63,0.188,4,0.593,0.999,3,1,5.7,96.2,190.22,9.88,100.0,34.24,0.98,-4.22,0.13,15.9,1488.8,0.237,1,CRITICAL
40.55,303.47,0.579,2,6.312,1.935,3,1,5.08,176.37,339.24,19.7,100.0,61.06,0.98,-8.72,0.087,604.3,328.5,0.466,0,HIGH
38.99,268.89,0.671,1,2.49,4.175,1,1,10.51,21.54,91.39,2.76,83.16,13.68,0.506,-2.36,0.111,65.6,203.4,1.056,1,HIGH
15.86,72.55,-0.045,4,2.85,1.792,3,2,2.5,44.17,151.77,9.41,88.07,24.06,0.459,-1.78,0.075,24.1,194.5,1.445,1,HIGH
34.73,122.87,-0.339,3,7.524,0.916,2,3,8.61,350.06,689.27,72.79,100.0,95.0,0.98,-8.02,0.271,107.6,248.4,0.447,1,CRITICAL
23.94,347.98,-0.095,5,0.056,3.972,1,1,8.12,28.35,80.8,2.61,75.48,10.98,0.419,-0.62,0.095,199.8,486.5,1.173,1,HIGH
21.26,213.9,1.0,1,0.242,1.682,0,0,11.14,62.84,190.19,7.98,100.0,34.23,0.585,-3.88,0.142,123.7,259.8,1.144,0,MODERATE
21.24,288.42,-0.549,1,0.617,2.933,2,3,6.98,69.56,189.52,8.94,100.0,42.46,0.607,-0.64,0.275,39.8,647.7,0.809,1,CRITICAL
29.08,95.25,-0.165,5,0.107,3.331,2,3,6.68,10.88,81.76,1.19,73.19,12.08,0.327,-0.75,0.211,181.3,527.6,0.93,1,HIGH
46.37,75.62,-0.494,5,3.757,3.557,0,1,5.72,106.8,216.84,15.06,100.0,51.85,0.98,-1.3,0.067,5.0,177.0,0.184,1,CRITICAL
64.21,282.21,0.044,1,3.517,3.467,2,1,8.28,34.62,98.99,6.39,81.58,14.54,0.8,2.26,0.052,5.0,737.5,0.759,1,CRITICAL
17.5,246.91,-0.421,4,0.829,3.529,3,0,5.94,45.1,151.08,4.23,94.04,30.98,0.423,-5.98,0.085,498.3,638.3,1.112,1,HIGH
24.69,245.15,-0.038,2,0.566,2.837,1,1,5.02,66.92,232.5,11.65,100.0,41.85,0.676,-3.5,0.075,235.2,433.1,0.751,1,CRITICAL
20.96,198.95,-0.683,4,0.551,1.756,1,1,5.88,34.35,139.04,4.0,90.07,26.66,0.435,-3.79,0.057,126.5,93.1,1.0,0,HIGH
28.05,202.89,0.216,5,10.72,2.836,3,3,5.42,25.56,100.14,4.34,76.79,13.84,0.502,3.63,0.291,144.4,317.5,0.936,1,HIGH
19.51,264.85,0.428,1,4.139,3.531,0,0,5.29,51.39,107.24,9.02,78.83,15.22,0.508,-0.73,0.151,170.6,271.3,2.261,0,LOW
58.69,97.2,-0.134,2,3.082,1.538,3,1,7.69,27.68,77.39,5.04,73.6,13.58,0.634,-1.04,0.137,75.3,9.1,0.646,1,CRITICAL
14.78,127.0,-0.047,1,1.363,1.316,2,2,7.07,37.01,129.3,7.43,89.1,20.74,0.35,1.05,0.071,363.4,2145.5,2.619,0,LOW
17.52,313.79,-0.057,1,1.986,1.509,1,1,8.71,7.46,52.06,1.54,67.33,6.31,0.334,-1.32,0.129,102.8,554.3,3.052,0,LOW
16.0,111.19,0.063,1,0.328,2.36,0,1,7.82,121.07,285.06,22.55,100.0,51.31,0.885,-2.45,0.088,240.6,207.8,0.965,0,HIGH
20.39,196.67,-0.013,4,20.0,0.315,0,3,4.85,34.48,78.71,5.08,68.93,9.77,0.369,-3.03,0.201,40.5,387.2,1.448,0,LOW
9.65,252.95,0.269,2,4.924,3.294,1,1,2.83,5.62,82.61,0.48,66.53,9.89,0.275,-4.72,0.324,7.8,996.0,5.187,0,LOW
16.18,359.97,0.432,3,3.4,0.669,2,3,5.18,101.45,209.67,21.43,100.0,37.74,0.788,-0.99,0.301,45.3,17.4,1.609,0,MODERATE
27.91,156.7,-0.285,4,3.102,0.645,2,0,9.18,1.29,23.8,0.21,59.14,2.69,0.298,-3.63,0.072,121.8,134.7,1.167,0,MODERATE
27.79,154.11,-0.108,3,2.456,0.91,2,0,9.13,59.45,171.14,9.21,100.0,37.94,0.616,-0.52,0.08,41.9,1329.5,0.792,0,HIGH
25.46,303.33,0.316,3,1.042,2.465,2,3,9.67,78.84,177.05,8.95,100.0,31.87,0.588,-0.07,0.383,301.5,7.1,1.079,0,MODERATE
44.27,289.98,-0.498,1,0.898,1.271,2,0,9.34,13.79,57.8,2.42,70.31,8.97,0.488,-7.09,0.074,49.8,391.6,1.089,1,HIGH
28.5,263.19,-0.69,3,2.791,1.609,3,2,9.89,9.15,40.46,2.01,65.75,5.89,0.363,1.23,0.058,469.4,346.1,1.777,0,LOW
43.52,166.76,0.079,1,0.255,3.92,2,1,8.39,7.86,49.09,0.99,65.82,5.82,0.503,-0.72,0.197,445.0,1760.0,1.217,1,HIGH
64.23,116.62,0.174,4,0.271,3.574,3,1,11.47,325.66,563.84,62.51,100.0,95.0,0.98,-10.14,0.146,93.4,252.9,0.254,1,CRITICAL
35.19,219.14,-0.253,2,2.88,3.594,1,2,8.15,91.45,305.42,11.04,100.0,65.95,0.846,-7.38,0.113,175.6,1674.1,0.488,1,CRITICAL
9.68,315.44,-0.203,4,8.832,2.468,2,2,11.9,24.37,88.08,3.61,84.6,16.34,0.251,-1.86,0.115,321.8,5.3,2.77,0,LOW
26.02,318.16,-0.266,4,8.598,3.653,2,3,6.12,26.57,143.69,2.92,92.0,26.98,0.457,-2.18,0.293,154.6,186.6,0.758,1,CRITICAL
23.97,39.06,-0.303,4,0.05,3.292,3,0,6.07,67.98,246.59,10.32,100.0,52.55,0.716,0.17,0.243,22.8,141.0,0.344,1,CRITICAL
48.43,154.21,0.243,2,0.398,4.008,2,2,7.08,39.77,157.02,5.74,97.98,27.69,0.708,-1.83,0.188,91.0,71.1,0.472,1,CRITICAL
20.81,167.3,-0.413,2,3.062,0.364,1,1,7.42,20.58,94.29,1.76,78.52,15.8,0.371,-4.33,0.071,201.7,2465.4,2.072,0,LOW
13.58,351.94,-0.093,5,6.605,0.218,1,2,6.79,3.82,17.81,0.51,52.93,1.7,0.191,-5.16,0.133,474.5,1611.3,2.481,0,LOW
16.73,244.08,-0.317,1,10.811,0.818,1,0,8.69,99.57,244.22,8.84,100.0,55.91,0.714,-2.83,0.139,20.1,70.0,0.927,1,HIGH
9.92,146.61,-0.509,2,6.896,3.909,1,1,7.27,142.43,376.95,20.38,100.0,84.94,0.826,-4.04,0.188,54.4,333.3,1.355,1,HIGH
3.0,9.38,0.305,4,3.962,2.583,2,0,6.16,14.99,86.39,3.26,73.74,11.47,0.127,1.8,0.244,748.8,45.2,9.847,0,LOW
58.83,203.54,-0.182,4,0.783,1.847,3,1,6.63,4.26,59.41,0.52,65.94,7.56,0.588,-2.51,0.055,107.2,59.5,0.435,1,CRITICAL
22.4,34.59,0.066,3,0.264,2.202,0,2,10.18,8.21,89.99,1.25,82.12,13.3,0.348,-0.32,0.058,132.7,555.7,1.96,0,LOW
10.54,300.4,-0.528,4,0.17,3.501,1,0,8.2,34.77,99.14,3.42,81.48,18.71,0.315,-2.23,0.058,307.0,908.0,2.462,0,LOW
50.71,270.91,-0.26,3,3.314,3.909,3,2,3.81,23.12,126.51,2.35,82.34,21.53,0.681,-8.42,0.144,128.7,417.7,0.546,1,CRITICAL
55.19,165.78,0.265,1,0.129,3.092,1,1,10.82,4.96,53.97,0.64,71.75,6.97,0.538,0.49,0.261,73.5,53.7,0.924,0,HIGH
24.42,154.52,0.906,4,4.705,3.215,3,0,8.45,39.44,117.99,5.86,87.97,18.68,0.488,-3.05,0.12,967.8,786.3,0.984,0,HIGH
9.34,323.04,-0.692,4,4.363,1.414,1,1,8.91,14.82,49.03,2.64,66.72,7.67,0.296,0.15,0.117,206.1,895.2,3.345,0,LOW
16.97,103.85,-0.07,5,0.29,2.015,1,3,9.54,4.5,69.67,0.65,74.47,9.34,0.243,-0.87,0.347,129.8,369.6,1.738,0,LOW
19.55,89.65,0.144,1,8.299,3.729,0,3,9.66,69.73,199.4,5.82,100.0,35.89,0.636,-5.07,0.589,401.4,242.7,1.198,1,HIGH
22.82,338.11,-0.216,4,2.583,3.322,3,1,5.48,55.24,180.71,6.51,100.0,39.16,0.587,-2.74,0.278,30.2,235.8,0.637,1,CRITICAL
11.41,291.33,0.297,3,8.218,2.906,3,0,5.15,113.81,358.08,9.5,100.0,64.45,0.727,-3.55,0.125,650.8,486.7,1.078,1,HIGH
36.71,295.43,-0.303,1,8.116,0.368,3,0,12.77,23.4,102.46,4.88,90.78,19.55,0.478,-1.21,0.529,467.7,1110.0,0.931,1,HIGH
4.92,70.27,0.054,4,0.768,0.262,0,2,5.96,9.49,50.33,0.8,61.84,5.6,0.248,-0.11,0.153,132.3,1072.3,6.589,0,LOW
39.87,51.59,-0.183,1,1.676,0.635,3,2,8.33,29.02,137.02,2.52,93.85,26.63,0.63,-1.7,0.146,57.7,691.8,0.615,0,HIGH
44.31,9.37,0.427,3,0.506,2.484,3,0,11.09,98.04,202.1,11.94,100.0,36.38,0.976,1.2,0.058,549.6,196.6,0.418,1,CRITICAL
17.96,85.33,-0.237,2,5.22,2.299,1,1,6.52,17.99,114.21,3.03,83.29,19.28,0.29,0.54,0.078,875.6,232.1,2.241,0,LOW
21.38,278.71,-0.123,3,2.455,3.965,2,2,6.71,19.13,83.19,2.49,73.69,13.33,0.41,0.91,0.12,13.7,584.2,2.107,0,LOW
47.21,86.41,0.331,3,9.248,2.949,3,1,9.54,10.38,91.99,0.92,81.6,13.51,0.516,0.65,0.146,1225.5,530.9,0.809,1,CRITICAL
31.52,262.48,-0.36,3,0.817,1.305,1,2,7.97,279.9,812.25,55.16,100.0,95.0,0.98,-6.61,0.068,136.7,1126.9,0.469,1,CRITICAL
18.34,90.69,0.024,3,4.081,0.762,0,0,8.59,222.34,632.54,39.58,100.0,95.0,0.98,-3.82,0.182,459.4,707.1,0.7,1,CRITICAL
19.61,142.31,-0.638,2,15.861,3.583,3,2,7.32,69.75,126.72,9.45,88.73,28.61,0.594,0.53,0.217,171.4,1729.7,1.637,0,MODERATE
29.17,353.94,-0.381,4,3.832,1.984,2,1,6.34,15.72,58.64,2.75,65.18,8.77,0.466,-1.2,0.203,206.6,112.7,1.001,1,HIGH
56.07,88.13,0.134,5,0.249,2.779,3,1,6.77,94.56,246.32,11.2,100.0,44.34,0.98,-0.46,0.112,215.0,1151.5,0.198,1,CRITICAL
19.96,135.49,-0.347,2,3.107,2.417,2,2,10.13,57.0,140.07,8.77,98.05,31.56,0.496,-5.6,0.083,925.9,1643.2,1.43,1,HIGH
18.01,108.39,-0.191,3,0.694,0.541,0,1,6.85,90.0,183.47,18.29,100.0,43.82,0.67,-0.25,0.198,278.3,1060.3,1.186,1,HIGH
22.73,39.46,0.173,4,0.108,0.334,2,1,8.44,127.99,364.71,12.17,100.0,65.65,0.916,-5.69,0.158,98.3,68.5,0.279,1,CRITICAL
22.81,176.36,-0.203,3,1.428,1.646,2,0,5.37,24.92,132.28,4.95,86.99,23.7,0.441,-4.96,0.053,275.8,1276.8,1.568,0,LOW
26.44,136.33,0.288,3,1.083,1.582,0,3,11.99,159.24,293.94,30.32,100.0,52.91,0.98,-5.08,0.256,26.5,638.1,0.524,1,CRITICAL
21.42,250.16,0.075,4,5.442,2.863,1,3,8.2,148.74,363.27,31.66,100.0,65.39,0.903,-3.66,0.339,112.7,202.1,0.292,1,CRITICAL
41.12,294.33,0.152,1,1.638,2.692,0,1,8.25,51.49,158.72,7.82,100.0,28.57,0.669,-1.39,0.117,53.4,273.4,0.516,0,HIGH
12.94,195.93,0.434,3,4.621,4.073,2,0,9.54,75.0,147.46,8.89,99.36,26.37,0.585,0.53,0.075,260.8,30.2,2.658,0,MODERATE
28.04,11.59,0.112,3,0.057,3.618,3,0,6.44,34.41,119.33,4.45,84.78,18.21,0.453,-3.28,0.051,212.5,239.3,1.387,0,LOW
28.63,222.81,0.539,1,0.052,2.136,2,3,10.13,69.19,241.65,11.73,100.0,43.5,0.636,1.53,0.221,361.1,127.9,0.608,1,CRITICAL
13.66,19.94,0.319,3,0.104,2.15,2,3,4.16,51.75,130.97,5.16,84.4,19.9,0.499,1.88,0.276,115.7,571.8,2.95,0,LOW
27.88,221.89,-0.183,4,0.867,2.864,1,0,6.15,25.34,95.74,3.27,76.7,16.26,0.484,-1.14,0.073,1184.0,374.5,0.903,1,HIGH
29.04,246.61,0.453,4,1.639,0.568,2,2,5.74,25.34,114.52,4.6,81.97,16.9,0.45,-3.78,0.051,108.0,1223.4,0.84,1,CRITICAL
3.36,71.2,0.092,1,3.276,4.2,2,2,3.36,68.55,240.38,10.99,100.0,43.27,0.49,3.66,0.056,15.0,434.2,6.073,0,MODERATE
12.18,294.96,-0.138,5,14.919,2.227,2,1,6.34,203.97,371.8,18.11,100.0,91.4,0.98,-0.97,0.088,88.3,677.0,0.445,1,CRITICAL
49.28,327.99,0.097,4,1.532,3.831,3,1,7.39,14.63,103.71,2.19,81.48,15.21,0.513,-1.02,0.1,273.8,753.7,0.411,1,CRITICAL
15.68,292.71,0.389,3,0.2,4.066,2,2,5.1,32.4,110.95,4.97,79.69,15.91,0.333,-5.25,0.164,400.0,31.4,2.76,0,LOW
10.52,109.84,0.159,2,0.759,2.485,3,0,4.78,106.5,210.42,18.97,100.0,37.88,0.697,-1.78,0.112,77.5,773.6,2.434,0,MODERATE
6.28,211.19,0.638,3,7.985,0.524,3,0,7.59,8.53,39.26,0.7,61.23,4.33,0.158,-2.85,0.171,424.0,80.5,8.528,0,LOW
11.48,329.33,0.38,5,4.207,2.451,0,0,7.32,334.37,710.13,46.8,100.0,95.0,0.98,-5.7,0.063,114.7,111.9,0.47,1,CRITICAL
20.9,115.44,0.183,3,5.466,2.55,2,3,6.92,73.69,217.68,15.04,100.0,39.18,0.631,-2.1,0.235,50.2,313.5,1.135,0,MODERATE
10.04,295.21,-0.359,4,0.464,3.336,3,2,4.71,157.1,238.19,13.12,100.0,61.73,0.961,-8.33,0.108,42.4,282.3,0.755,1,CRITICAL
31.75,3.41,-0.063,3,0.508,0.298,3,1,6.63,118.33,329.97,20.61,100.0,59.39,0.818,-6.52,0.051,477.4,1383.5,0.467,1,CRITICAL
13.51,1.31,0.025,3,0.417,2.012,1,2,6.03,97.58,305.96,10.86,100.0,55.07,0.701,-5.06,0.309,75.6,266.0,1.108,1,HIGH
26.55,273.5,0.244,2,6.811,3.883,2,3,7.69,2.17,76.32,0.29,73.26,10.06,0.311,2.86,0.405,69.6,245.6,1.792,1,HIGH
45.6,274.12,0.223,4,0.825,4.164,1,0,6.27,33.91,141.4,6.91,91.54,23.3,0.646,-3.5,0.137,600.4,773.1,0.339,1,CRITICAL
44.11,284.03,0.059,3,3.607,0.885,0,0,7.41,14.66,94.33,1.92,78.53,13.33,0.494,-7.18,0.069,127.0,156.5,0.901,1,HIGH
26.3,334.81,0.042,2,2.541,3.669,3,0,4.62,133.28,385.13,20.84,100.0,69.32,0.945,-4.37,0.062,1298.6,722.2,0.579,1,CRITICAL
11.0,42.45,0.252,3,2.751,0.7,3,3,4.43,74.12,205.74,6.86,100.0,37.03,0.539,-3.34,0.375,87.9,126.7,2.5,0,MODERATE
21.72,83.51,-0.301,5,0.761,3.549,2,1,8.73,7.36,87.56,0.92,78.73,13.29,0.364,2.63,0.077,302.3,233.8,1.255,0,MODERATE
26.77,325.34,0.593,4,3.53,1.237,0,2,9.18,28.97,87.09,2.89,79.4,12.45,0.438,2.01,0.088,60.6,1100.1,1.008,1,HIGH
68.0,63.81,-0.717,2,0.154,4.034,3,0,6.64,4.67,80.62,0.74,72.74,11.12,0.723,-4.57,0.09,59.9,288.1,0.823,0,HIGH
6.24,245.6,0.509,5,17.611,2.952,2,1,7.56,87.56,260.42,12.64,100.0,46.87,0.637,-1.97,0.069,463.5,1202.7,2.409,0,MODERATE
21.77,190.97,-0.016,1,0.095,1.736,0,0,6.51,35.22,83.36,4.12,73.4,11.01,0.433,0.07,0.153,728.4,213.7,2.216,0,LOW
31.14,29.95,0.351,1,0.18,1.252,0,1,9.91,17.36,100.56,3.82,85.02,15.39,0.41,-1.85,0.118,629.3,41.2,1.315,0,MODERATE
23.74,102.69,0.127,1,1.374,1.064,0,0,7.05,47.4,187.8,4.81,100.0,33.8,0.503,-1.71,0.226,502.6,647.8,1.005,1,HIGH
25.19,187.33,0.121,1,6.235,2.891,2,1,6.4,2.79,81.17,0.55,72.5,10.59,0.308,1.51,0.07,245.1,128.4,1.919,0,LOW
14.01,306.85,0.194,1,1.041,3.773,1,2,9.63,19.33,69.09,1.64,74.44,9.26,0.281,-0.85,0.083,33.6,621.3,3.586,0,LOW
36.38,254.71,0.283,4,2.235,3.195,0,3,5.8,12.53,83.7,2.49,72.22,10.88,0.49,0.23,0.255,115.3,386.3,0.733,1,CRITICAL
22.82,223.88,-0.115,4,0.063,3.523,3,0,7.84,173.45,452.33,25.46,100.0,95.0,0.98,-1.15,0.101,92.4,1652.9,0.278,1,CRITICAL
25.14,178.57,0.362,4,0.288,3.304,3,2,5.19,30.77,98.0,6.03,75.71,13.35,0.498,-2.93,0.37,80.8,249.7,1.074,0,MODERATE
38.42,107.53,-0.38,4,3.277,4.115,0,3,8.96,57.08,179.46,10.54,100.0,39.15,0.646,-0.35,0.273,1013.9,1013.3,0.232,1,CRITICAL
18.66,42.93,-0.002,4,0.756,3.207,1,0,9.29,45.44,125.87,7.28,92.01,20.84,0.393,-3.22,0.092,45.4,578.9,1.271,0,MODERATE
42.85,147.27,0.293,2,4.148,0.962,2,2,4.66,69.97,184.65,9.24,100.0,33.24,0.703,0.08,0.077,177.4,70.6,0.461,1,CRITICAL
9.81,10.27,0.348,4,5.386,3.346,0,2,4.32,21.27,43.38,3.68,56.66,4.42,0.258,-3.18,0.119,729.7,560.5,3.367,0,LOW
25.94,75.98,0.161,3,6.648,1.42,0,0,8.13,8.37,48.15,1.64,65.05,5.64,0.309,-0.28,0.113,17.5,456.7,1.972,0,LOW
13.48,155.69,-0.138,5,0.503,4.183,1,0,11.77,5.52,53.91,0.83,73.44,7.79,0.193,-1.88,0.107,383.3,1715.1,2.254,0,LOW
11.36,150.7,0.314,2,2.128,1.644,3,0,9.44,13.97,56.98,1.93,70.23,7.2,0.31,-0.01,0.28,263.3,274.9,4.531,0,LOW
55.72,15.95,-0.234,1,10.287,1.3,3,2,7.03,42.86,182.63,4.29,100.0,38.02,0.724,-4.17,0.106,125.1,364.8,0.549,1,CRITICAL
10.16,212.06,0.613,4,5.176,1.081,3,0,5.62,17.5,103.05,3.6,78.09,14.49,0.17,-2.24,0.071,779.4,556.4,2.743,0,LOW
23.07,197.89,-0.03,4,0.435,2.8,2,0,4.82,37.0,141.09,4.34,88.83,22.56,0.498,-2.07,0.064,114.3,421.5,0.974,0,HIGH
9.64,28.12,-0.539,2,2.444,0.548,2,2,9.08,1.93,47.74,0.19,66.62,5.96,0.254,-3.92,0.242,58.5,430.1,5.485,0,LOW
41.47,339.54,-0.418,3,8.946,4.01,2,1,9.53,64.2,207.21,5.73,100.0,45.0,0.775,-4.0,0.541,361.0,270.5,0.421,1,CRITICAL
17.59,35.78,0.015,1,2.03,1.307,2,0,6.11,136.83,445.04,25.33,100.0,80.11,0.891,-8.04,0.122,113.2,663.4,0.887,1,HIGH
38.32,307.74,0.049,5,6.358,1.311,2,1,6.96,3.17,44.41,0.55,61.73,4.93,0.431,-0.32,0.154,94.7,4.3,0.776,1,CRITICAL
30.58,0.11,0.689,1,2.397,0.289,2,3,7.6,15.99,81.49,1.55,74.76,10.97,0.384,0.47,0.244,749.4,77.1,1.536,0,LOW
65.03,317.62,-0.363,1,0.395,1.109,0,0,11.49,24.86,93.09,3.83,85.47,17.3,0.696,-5.18,0.208,103.0,859.3,0.754,1,CRITICAL
8.37,7.1,0.014,1,0.56,1.818,1,0,7.64,22.01,86.38,2.23,76.4,11.88,0.267,-4.57,0.084,239.2,1203.0,5.754,0,LOW
12.12,272.81,-0.371,3,0.167,1.615,3,0,5.34,2.68,59.65,0.36,63.7,7.16,0.207,-3.65,0.052,297.6,603.9,4.228,0,LOW
37.23,130.21,-0.172,1,0.761,1.219,1,0,4.96,7.33,74.53,1.39,67.77,9.97,0.424,-4.53,0.053,186.0,77.0,1.296,0,MODERATE
26.62,265.76,0.589,4,7.842,0.267,1,2,5.5,158.32,287.83,17.72,100.0,51.81,0.98,-3.37,0.19,104.4,390.1,0.288,1,CRITICAL
19.45,144.63,-0.398,5,3.676,1.332,1,3,10.28,80.77,246.25,6.77,100.0,54.02,0.662,-4.54,0.244,218.9,147.7,0.529,1,CRITICAL
58.76,25.53,0.205,2,4.699,3.291,1,2,8.63,206.74,567.56,22.13,100.0,95.0,0.98,-4.71,0.325,142.9,371.3,0.519,1,CRITICAL
22.18,276.3,0.138,4,3.402,1.899,0,1,6.74,37.74,132.66,5.14,89.58,21.39,0.578,-3.82,0.093,10.1,103.2,1.041,1,HIGH
13.8,25.65,-0.008,1,1.71,1.292,1,1,2.5,137.3,256.12,15.63,100.0,46.1,0.873,-4.8,0.283,103.5,66.4,1.195,0,MODERATE
38.56,331.96,0.182,3,0.856,1.35,2,0,5.62,110.22,309.78,19.96,100.0,55.76,0.967,-0.81,0.101,247.2,96.3,0.429,1,CRITICAL
22.59,18.35,-0.406,2,9.095,2.373,1,0,8.26,135.13,374.32,25.74,100.0,83.59,0.98,-6.79,0.152,5.0,1005.3,0.648,1,CRITICAL
23.58,172.56,0.58,2,2.531,1.339,2,2,8.27,2.6,61.68,0.3,69.63,7.73,0.308,-2.66,0.078,293.9,26.9,2.132,0,LOW
31.97,260.29,0.674,4,2.296,2.686,0,1,8.26,68.71,199.19,8.08,100.0,35.85,0.685,-1.53,0.114,8.8,16.0,0.417,1,CRITICAL
32.63,141.57,0.016,1,19.417,4.157,0,0,4.54,54.35,99.38,8.61,74.97,13.41,0.75,-3.08,0.082,231.7,95.2,1.355,1,HIGH
12.01,78.2,0.848,5,1.695,0.269,3,0,7.89,51.22,191.32,9.49,100.0,34.44,0.512,-1.75,0.14,17.6,376.8,1.594,1,HIGH
18.81,273.27,-0.14,4,6.738,0.792,2,1,5.35,45.63,143.72,9.78,90.63,28.92,0.374,-2.11,0.071,527.3,42.0,1.08,0,MODERATE
9.09,282.35,0.14,4,6.94,0.834,2,2,7.5,103.32,293.69,12.61,100.0,52.86,0.757,-7.03,0.085,675.5,329.7,1.242,0,MODERATE
26.84,332.17,0.501,5,0.927,1.933,0,1,5.81,223.85,375.03,46.46,100.0,67.51,0.98,-2.18,0.13,266.8,572.9,0.228,1,CRITICAL
55.21,135.42,-0.161,5,0.349,0.27,1,2,9.85,114.77,338.61,12.1,100.0,74.72,0.98,-3.74,0.079,37.9,349.5,0.196,1,CRITICAL
12.33,182.25,-0.484,3,12.999,2.058,3,2,8.24,132.81,415.0,11.39,100.0,90.64,0.9,0.13,0.076,654.9,655.3,1.002,1,HIGH
7.97,130.73,-0.564,3,1.942,3.909,0,0,7.18,42.99,119.54,8.21,86.19,23.71,0.456,-1.21,0.088,364.8,330.1,4.787,0,LOW
15.18,92.55,0.721,2,0.05,0.147,3,3,10.54,76.25,240.58,11.21,100.0,43.3,0.647,0.57,0.278,591.5,42.9,1.361,1,HIGH
19.36,270.37,-0.185,4,2.419,1.596,2,0,6.68,34.91,95.71,3.17,77.65,17.57,0.458,0.66,0.082,174.5,498.0,1.333,0,MODERATE
32.79,122.27,-0.065,3,3.38,3.22,2,0,4.39,29.04,103.0,2.61,75.86,14.06,0.514,1.29,0.096,153.3,178.5,1.288,1,HIGH
18.21,154.13,-0.389,5,5.238,0.733,2,2,9.82,146.67,332.43,12.01,100.0,77.44,0.925,-4.69,0.052,251.6,330.3,0.309,1,CRITICAL
27.1,145.32,0.332,2,10.023,0.418,1,0,8.05,153.15,420.7,18.82,100.0,75.73,0.98,0.2,0.146,170.2,2366.9,0.567,0,HIGH
16.53,256.56,-0.274,2,8.635,2.686,1,1,6.8,74.52,157.65,13.63,97.69,36.66,0.644,-3.87,0.184,52.4,144.5,1.548,0,MODERATE
19.97,330.41,-0.172,2,9.855,0.141,2,3,6.08,118.25,354.86,20.47,100.0,78.06,0.889,-2.66,0.34,488.5,774.5,0.716,0,HIGH
13.52,240.03,0.105,4,0.114,3.387,3,2,8.62,29.05,134.56,6.39,93.58,22.67,0.351,0.38,0.114,59.2,373.9,1.736,0,LOW
10.98,169.77,-0.372,1,4.354,0.374,0,1,9.29,36.97,112.0,6.03,87.56,22.09,0.33,5.99,0.094,384.2,1112.9,3.484,0,LOW
33.42,280.51,-0.063,3,0.896,2.25,1,2,5.81,111.83,239.54,10.68,100.0,43.12,0.87,-0.7,0.066,620.2,1086.8,0.455,1,CRITICAL
17.22,230.75,0.491,3,0.727,3.135,1,2,8.74,32.99,121.08,7.16,89.49,19.5,0.385,-3.18,0.135,210.9,563.9,2.295,0,LOW
28.18,21.82,0.15,1,5.639,1.092,2,1,8.05,2.65,25.12,0.47,57.53,2.6,0.374,-0.58,0.119,81.7,163.4,2.05,0,LOW
13.39,34.44,0.046,3,1.889,0.525,0,2,5.68,28.33,103.67,3.75,78.39,14.63,0.461,-5.13,0.095,6.1,1358.3,3.325,0,LOW
22.26,13.65,0.075,3,8.694,0.82,3,3,7.51,33.01,113.21,3.78,84.74,17.27,0.442,1.81,0.276,297.6,812.0,1.832,0,LOW
5.01,164.45,-0.136,1,0.152,3.604,2,3,6.3,10.92,83.03,1.21,72.9,12.21,0.209,-9.24,0.447,225.6,1530.3,9.68,0,LOW
17.98,297.31,0.699,3,5.671,2.994,3,1,10.23,27.42,62.49,5.86,73.41,8.26,0.437,-2.18,0.062,329.0,1578.1,2.726,0,LOW
14.28,112.71,-0.284,5,0.515,0.912,3,0,6.07,177.09,455.95,24.57,100.0,95.0,0.98,0.75,0.317,846.5,261.1,0.384,1,CRITICAL
40.59,138.3,0.074,5,0.68,3.036,0,2,10.82,127.12,242.27,18.83,100.0,43.61,0.98,-1.84,0.118,168.1,46.3,0.186,1,CRITICAL
9.9,327.41,0.04,3,2.271,3.005,0,0,7.79,38.38,70.25,7.57,71.5,9.04,0.412,-0.74,0.193,312.7,317.2,4.975,0,LOW
20.44,301.29,0.353,3,1.762,4.191,3,2,3.66,80.44,207.98,17.29,100.0,37.44,0.721,-5.79,0.456,43.0,58.3,1.227,1,HIGH
26.66,239.42,0.386,2,2.331,1.705,2,1,2.72,10.71,78.98,0.86,65.17,9.26,0.37,1.91,0.261,42.1,303.4,1.85,0,LOW
37.62,96.05,-0.011,5,9.848,3.646,0,2,7.04,90.78,257.71,19.85,100.0,46.39,0.831,-5.3,0.091,190.4,358.3,0.19,1,CRITICAL
34.9,42.13,0.102,2,3.749,1.93,3,1,10.43,41.98,122.73,3.8,93.06,20.56,0.599,-4.3,0.099,247.4,387.1,0.965,0,HIGH
21.37,5.78,0.115,3,1.2,3.781,2,3,10.21,83.34,226.75,16.43,100.0,40.82,0.603,0.46,0.274,1168.0,4.1,1.048,0,HIGH
23.09,38.52,-0.795,1,0.664,0.476,1,0,7.87,67.14,141.76,14.3,94.52,32.18,0.635,-4.91,0.131,235.5,873.2,1.14,1,HIGH
40.57,105.33,-0.556,2,1.907,0.819,2,0,5.88,17.22,44.03,2.73,59.67,6.8,0.554,-5.2,0.071,697.9,275.9,1.26,0,MODERATE
21.14,198.64,-0.212,1,2.103,3.585,3,2,6.58,117.0,312.9,18.4,100.0,70.36,0.939,-5.95,0.286,433.7,553.4,0.76,1,CRITICAL
24.47,23.04,-0.197,4,3.218,3.459,0,1,7.96,55.19,144.75,9.58,95.64,31.54,0.618,-1.83,0.191,642.5,52.4,0.727,1,CRITICAL
41.27,49.04,-0.42,3,1.082,1.352,1,1,9.89,99.67,244.57,12.9,100.0,55.98,0.8,-4.45,0.061,545.3,615.0,0.422,1,CRITICAL
68.0,65.19,0.262,3,5.106,2.547,1,3,8.75,6.42,61.11,0.66,70.31,7.73,0.746,3.21,0.58,218.6,262.0,0.761,0,HIGH
25.63,227.51,0.001,2,0.363,1.669,3,2,9.63,62.1,174.14,5.55,100.0,31.34,0.689,-2.36,0.493,5.0,607.5,1.042,1,HIGH
29.5,221.68,-0.075,4,2.877,0.142,2,2,8.92,22.43,77.89,4.56,75.97,10.65,0.402,-4.75,0.085,170.0,1169.4,0.937,0,HIGH
34.35,198.28,-0.44,1,3.419,0.207,1,0,9.57,128.21,242.97,20.08,100.0,59.12,0.98,-8.43,0.201,69.4,590.7,0.548,1,CRITICAL
41.07,90.18,-0.016,2,0.811,0.322,2,2,2.53,194.08,411.74,34.39,100.0,74.11,0.98,-2.83,0.074,350.7,429.4,0.464,1,CRITICAL
38.12,133.6,-0.919,4,6.121,2.536,1,1,5.54,3.73,59.71,0.47,64.07,7.33,0.426,-0.52,0.064,61.7,551.7,0.756,1,CRITICAL
15.78,34.81,-0.057,5,3.345,1.245,2,1,5.07,83.74,294.42,16.16,100.0,53.0,0.616,-1.35,0.204,179.4,606.5,0.729,1,CRITICAL
26.57,81.53,0.022,2,3.632,0.69,3,2,4.86,7.06,83.98,0.91,70.62,10.68,0.31,-2.41,0.116,6.9,313.7,1.785,0,LOW
38.26,323.17,0.085,3,2.41,3.959,2,1,7.51,126.65,282.67,10.66,100.0,50.88,0.98,-3.35,0.055,26.5,813.1,0.43,1,CRITICAL
45.63,352.69,-0.547,3,8.412,0.597,3,3,4.32,8.64,71.68,1.1,65.71,9.51,0.548,1.6,0.343,139.5,363.9,0.997,0,HIGH
20.46,233.16,0.079,5,4.144,2.863,2,2,5.42,14.1,109.09,2.81,79.67,15.64,0.32,-1.47,0.089,366.8,450.7,1.291,0,MODERATE
26.22,330.06,-0.365,1,1.684,3.766,0,2,7.28,18.84,80.85,3.82,73.98,13.03,0.475,-4.45,0.065,313.5,247.8,1.746,0,LOW
27.88,231.39,-0.284,3,0.954,0.772,2,2,3.97,84.59,219.02,17.84,100.0,49.57,0.741,-1.08,0.11,156.2,1375.4,0.506,0,HIGH
22.66,11.95,0.251,2,0.258,0.98,0,1,6.43,22.49,88.36,3.37,74.85,11.9,0.454,-2.52,0.101,59.3,325.7,2.046,0,LOW
25.85,358.83,0.705,1,0.633,2.453,2,0,8.91,58.93,160.01,12.61,100.0,28.8,0.631,0.04,0.18,102.3,107.9,1.067,0,MODERATE
4.8,35.62,0.018,1,17.211,2.185,2,0,4.8,55.15,172.16,8.27,98.74,30.6,0.397,-2.24,0.102,190.7,172.6,6.355,0,LOW
68.0,245.75,-0.286,5,1.828,2.236,3,0,9.25,33.45,104.21,3.4,85.0,19.96,0.836,0.29,0.137,830.9,72.0,0.298,1,CRITICAL
19.98,91.02,0.066,2,8.013,2.374,1,3,5.73,50.4,149.97,7.57,93.3,25.19,0.539,-0.94,0.235,286.3,60.2,1.706,0,LOW
20.87,141.11,0.329,5,0.655,3.995,3,1,8.1,8.18,45.01,1.65,63.98,5.18,0.348,1.88,0.059,38.2,1204.7,1.502,0,LOW
7.38,232.54,0.217,2,1.939,0.321,3,2,5.07,135.78,447.73,25.8,100.0,80.59,0.919,-1.51,0.054,456.7,492.1,1.805,0,MODERATE
6.53,157.14,0.96,5,11.312,3.218,0,2,8.5,15.08,65.25,2.12,71.17,8.36,0.338,-4.76,0.081,357.5,0.3,4.686,0,LOW
28.95,90.2,-0.25,4,0.334,1.053,3,2,6.83,137.94,296.86,15.14,100.0,69.99,0.98,-8.64,0.138,614.2,753.2,0.235,1,CRITICAL
38.34,120.4,0.088,1,3.155,1.632,1,2,8.53,47.54,111.76,7.67,86.11,17.32,0.549,-2.34,0.051,264.5,340.5,0.961,1,HIGH
34.66,122.96,0.542,3,8.804,0.466,0,1,6.3,61.86,209.55,13.01,100.0,37.72,0.73,-0.93,0.073,103.9,52.2,0.539,1,CRITICAL
13.37,345.36,0.52,2,10.463,1.927,3,3,8.72,19.33,97.83,2.03,82.01,14.44,0.291,-3.4,0.213,526.7,271.7,3.336,0,LOW
33.59,287.5,-0.683,3,6.548,3.397,1,3,9.36,16.34,107.38,3.2,86.22,18.63,0.366,-0.41,0.25,241.1,204.9,1.098,0,MODERATE
20.68,165.08,-0.001,3,6.781,0.505,2,2,7.76,43.86,139.36,4.41,93.57,23.47,0.519,-1.07,0.16,339.7,173.8,1.723,0,LOW
17.86,71.94,0.52,3,3.696,1.23,2,3,6.45,20.22,91.7,4.22,75.95,12.54,0.366,-1.79,0.264,177.6,279.9,2.562,0,LOW
9.26,291.97,1.0,4,0.872,1.63,1,0,6.99,35.76,133.74,6.33,90.37,21.76,0.313,-3.5,0.125,457.0,460.5,2.63,0,LOW
14.4,56.59,0.246,4,4.591,0.526,2,0,4.72,37.71,153.95,3.59,92.76,25.7,0.344,-4.5,0.284,275.1,346.3,1.538,0,LOW
29.31,75.77,-0.129,2,13.42,3.225,0,2,7.95,20.54,112.52,2.23,85.31,19.74,0.507,4.59,0.099,619.4,149.0,1.271,0,MODERATE
26.42,131.76,-0.353,5,2.612,3.326,1,2,8.87,22.42,84.81,4.7,78.11,14.61,0.449,-6.95,0.185,120.6,578.6,0.988,0,HIGH
24.33,316.93,0.777,5,1.057,3.527,3,1,10.95,234.56,530.08,35.43,100.0,95.0,0.98,-8.99,0.084,526.1,2019.1,0.244,1,CRITICAL
4.6,47.44,0.255,1,2.982,2.494,3,1,10.38,57.55,133.15,8.26,96.29,23.08,0.458,4.15,0.127,435.1,1521.6,7.997,0,LOW
24.47,44.0,-0.297,1,4.106,2.18,2,0,5.35,115.9,298.02,10.22,100.0,67.55,0.854,-6.1,0.167,129.3,2562.0,0.678,1,CRITICAL
15.64,177.83,-0.071,3,0.817,1.176,0,3,7.97,3.04,39.33,0.28,61.93,4.38,0.268,-2.67,0.34,583.8,300.6,3.396,0,LOW
26.52,99.51,0.109,3,4.445,2.786,1,2,7.21,0.13,65.53,0.02,68.94,8.13,0.329,0.5,0.07,251.6,19.9,1.838,0,LOW
41.72,204.74,0.19,2,3.099,1.923,3,1,10.18,47.59,164.55,8.98,100.0,29.62,0.543,-0.95,0.074,130.2,586.7,0.487,1,CRITICAL
17.04,162.59,-0.315,2,3.317,4.08,0,3,5.94,113.97,276.77,22.95,100.0,63.5,0.812,-2.37,0.238,90.3,490.3,0.821,1,CRITICAL
23.48,156.59,-0.215,4,1.278,4.07,0,0,9.43,61.36,197.12,9.23,100.0,42.84,0.586,1.31,0.073,25.7,1535.1,0.542,1,CRITICAL
58.57,40.31,-0.579,4,0.591,3.811,3,1,5.33,62.69,171.52,7.9,99.48,38.23,0.845,-4.85,0.112,27.2,208.6,0.224,1,CRITICAL
25.8,50.78,0.364,2,3.418,1.576,1,0,7.27,9.76,85.26,1.63,75.36,11.57,0.292,-0.96,0.182,429.4,2311.3,1.789,1,HIGH
21.89,295.59,-0.12,5,3.089,1.609,0,1,5.55,249.78,686.2,41.62,100.0,95.0,0.98,-6.33,0.063,136.3,30.6,0.265,1,CRITICAL
13.5,318.92,0.163,4,1.444,3.596,0,0,3.18,49.04,175.87,4.16,97.0,30.71,0.436,-4.38,0.092,207.4,200.1,1.479,0,LOW
34.08,84.49,0.498,3,1.228,3.089,3,1,5.51,7.04,71.01,1.49,67.64,8.65,0.44,-1.08,0.154,504.2,606.4,1.395,0,LOW
12.1,40.85,0.077,4,1.493,2.988,2,3,6.93,34.76,98.75,5.91,79.08,14.06,0.363,-0.49,0.297,297.8,429.8,2.303,0,LOW
42.69,19.23,-0.04,1,2.356,1.246,0,1,10.64,4.86,34.76,0.39,65.27,4.08,0.47,0.17,0.072,798.7,103.7,1.291,0,MODERATE
31.52,218.99,0.068,3,12.886,3.517,3,1,5.11,35.2,92.47,7.54,73.79,12.28,0.545,0.77,0.136,207.4,198.9,1.402,0,LOW
15.97,257.53,0.022,2,5.047,2.476,3,2,6.17,80.81,273.12,17.24,100.0,49.16,0.609,-2.92,0.322,33.0,79.7,1.006,0,HIGH
13.78,134.21,0.436,1,6.681,1.932,0,2,4.33,25.41,84.22,5.4,69.75,10.57,0.287,-4.23,0.129,119.4,2341.2,3.614,0,LOW
13.99,244.68,0.109,2,2.466,3.648,2,3,10.04,24.41,81.69,4.99,79.22,11.65,0.445,-5.15,0.232,41.5,325.1,3.357,0,LOW
6.61,256.67,-0.191,2,2.614,1.716,1,1,6.49,46.95,170.1,4.97,100.0,36.25,0.384,-3.29,0.108,385.4,908.7,4.123,0,LOW
28.57,336.72,0.367,4,0.8,2.781,2,2,6.76,44.86,136.98,9.73,90.99,22.44,0.542,-5.48,0.083,175.8,225.3,0.746,1,CRITICAL
5.06,23.35,0.431,4,4.468,2.01,1,1,6.73,40.92,155.11,7.64,96.76,27.01,0.416,-3.8,0.111,16.5,125.9,4.375,0,LOW
21.11,69.23,-0.468,1,1.916,2.53,1,0,3.21,47.28,169.2,8.02,94.92,34.58,0.6,-5.1,0.197,5.0,301.2,1.174,1,HIGH
20.35,24.67,0.536,1,4.748,0.266,2,1,4.27,3.19,66.85,0.68,64.09,7.71,0.351,-2.9,0.061,16.0,660.3,2.583,0,LOW
18.34,312.48,0.128,4,1.841,1.991,2,1,5.41,41.79,137.73,5.57,88.81,22.02,0.436,2.42,0.093,312.3,1084.1,1.277,1,HIGH
28.47,285.33,0.099,1,0.402,2.382,1,1,8.86,313.93,471.49,66.05,100.0,84.87,0.98,-7.79,0.13,62.8,96.4,0.61,1,CRITICAL
15.99,206.87,0.352,2,0.665,2.12,0,2,2.5,93.95,304.24,15.48,100.0,54.76,0.727,0.85,0.1,421.0,61.6,0.868,1,HIGH
24.5,30.12,-0.198,3,5.842,3.574,3,1,8.69,22.04,82.02,3.55,76.89,14.0,0.518,-0.6,0.172,201.5,79.1,1.784,0,LOW
42.69,98.39,0.334,4,1.047,1.376,0,3,8.25,73.6,151.93,12.54,98.47,26.93,0.831,-4.23,0.214,243.3,162.7,0.327,1,CRITICAL
30.3,107.18,-0.132,4,1.075,3.725,2,3,3.51,26.02,87.64,4.83,69.36,14.06,0.496,-2.03,0.366,52.0,410.9,0.867,0,HIGH
17.42,201.87,-0.516,4,9.276,1.754,0,1,6.8,13.82,100.28,1.97,79.34,15.98,0.258,-5.6,0.356,588.3,602.1,1.527,0,LOW
22.26,92.9,-0.349,2,3.752,2.948,2,2,10.06,96.54,331.48,20.98,100.0,71.25,0.698,-3.96,0.086,178.5,204.1,0.656,0,HIGH
18.35,26.27,0.198,4,0.425,0.456,0,1,5.14,15.29,98.91,1.41,75.91,13.51,0.391,-4.78,0.06,148.8,1130.9,1.511,0,LOW
20.18,263.07,-0.331,2,0.543,0.921,1,1,6.29,127.16,360.91,26.44,100.0,80.22,0.915,-2.25,0.402,444.2,277.6,0.71,1,CRITICAL
24.91,107.67,0.564,2,1.113,3.221,2,3,13.57,31.12,102.49,5.35,92.23,17.02,0.477,-2.91,0.235,9.3,301.6,1.59,0,LOW
8.98,162.85,0.416,3,3.155,0.151,1,0,8.22,91.91,184.06,19.06,100.0,33.13,0.685,-3.8,0.104,204.4,978.5,3.381,0,MODERATE
7.61,45.96,0.467,4,4.892,4.071,2,1,6.93,19.54,64.61,2.57,68.15,7.93,0.301,-2.64,0.072,356.6,29.0,4.089,0,LOW
12.8,288.92,0.044,1,1.123,0.882,0,0,6.45,68.75,200.91,13.48,100.0,36.16,0.582,-0.33,0.055,444.2,422.2,1.943,0,MODERATE
29.2,203.59,0.09,1,7.158,3.795,1,2,8.32,15.53,63.93,2.58,70.44,8.11,0.443,-3.74,0.061,47.3,369.7,1.731,0,LOW
31.37,324.57,-0.418,4,0.405,2.215,2,0,9.01,1.43,56.09,0.28,69.16,7.15,0.365,-3.62,0.072,138.6,230.6,0.94,1,HIGH
33.88,178.37,0.349,5,0.814,2.415,0,3,2.76,109.54,368.18,13.75,100.0,66.27,0.929,-2.53,0.553,108.3,254.4,0.198,1,CRITICAL
13.12,338.91,0.133,4,12.328,0.445,0,1,2.59,126.04,413.93,26.27,100.0,74.51,0.881,-1.0,0.177,1355.8,525.6,0.45,1,CRITICAL
23.41,321.07,0.199,3,0.507,1.597,1,3,5.3,138.13,317.37,28.92,100.0,57.13,0.931,-3.13,0.244,372.0,378.8,0.573,1,CRITICAL
17.73,207.53,0.591,4,7.666,0.74,0,3,7.16,2.4,54.59,0.35,65.36,6.42,0.201,4.22,0.231,155.2,479.5,1.768,0,LOW
20.66,336.2,-0.212,4,4.26,2.256,0,2,7.67,93.01,251.92,12.65,100.0,56.51,0.734,-5.4,0.062,67.8,261.1,0.363,1,CRITICAL
17.55,116.31,-0.044,3,0.266,2.358,1,2,3.75,117.46,347.67,18.86,100.0,62.58,0.835,-8.97,0.103,53.5,231.8,0.727,1,CRITICAL
25.69,131.63,0.114,2,2.314,3.01,0,0,7.05,24.28,104.3,2.62,81.07,15.22,0.463,-0.47,0.24,1474.7,329.6,1.651,0,LOW
14.82,16.37,-0.327,2,2.561,3.701,3,3,7.34,41.32,118.42,6.18,86.11,23.31,0.414,-2.41,0.6,245.1,249.7,2.519,0,LOW
40.2,212.11,-0.066,3,9.416,2.02,0,2,5.63,34.07,94.47,7.0,75.36,12.81,0.553,-0.7,0.236,360.8,839.6,1.038,1,HIGH
40.39,259.89,0.173,2,1.913,1.057,3,0,6.32,37.7,143.3,4.94,92.24,23.79,0.642,0.19,0.055,47.9,925.8,0.703,1,CRITICAL
28.71,278.47,-0.114,2,2.072,1.468,3,1,5.9,121.9,227.64,22.31,100.0,55.6,0.98,-7.45,0.064,386.7,34.5,0.546,1,CRITICAL
37.74,53.93,0.458,3,0.418,3.573,0,0,8.52,35.17,153.75,5.88,99.54,27.55,0.596,-2.62,0.062,76.6,27.4,0.683,0,HIGH
8.75,159.9,-0.529,2,3.568,0.698,0,2,7.52,23.4,77.41,2.73,73.3,13.02,0.214,-0.2,0.064,401.8,153.4,5.376,0,LOW
41.43,63.67,0.393,4,0.829,2.672,0,0,4.99,9.08,30.75,1.4,53.81,2.98,0.491,-0.74,0.061,687.7,40.5,0.763,1,CRITICAL
27.24,238.37,0.231,1,0.282,0.154,2,2,9.6,73.02,227.72,14.56,100.0,40.99,0.586,-3.1,0.058,137.4,349.3,0.628,1,CRITICAL
15.36,56.86,-0.199,3,20.0,1.107,2,2,4.49,5.72,24.08,0.9,50.79,2.89,0.249,0.53,0.085,654.4,9.7,3.606,0,LOW
14.45,325.5,-0.324,4,1.1,2.525,2,1,3.73,4.1,22.92,0.73,49.05,2.52,0.136,1.21,0.064,174.7,691.5,2.355,0,LOW
48.85,83.03,-0.728,3,0.532,1.971,2,3,6.96,74.38,263.69,14.03,100.0,56.39,0.841,-7.82,0.213,463.3,471.2,0.422,1,CRITICAL
34.17,104.9,-0.278,3,4.208,2.124,0,2,6.95,77.03,156.4,6.7,97.56,36.71,0.784,1.2,0.109,169.6,107.1,0.59,1,CRITICAL
20.35,306.33,0.367,3,6.035,2.808,3,1,7.66,14.43,78.4,1.26,73.88,10.43,0.321,-4.55,0.068,43.5,179.9,2.319,0,LOW
8.68,165.05,-0.02,4,0.232,1.062,1,3,4.9,204.81,445.27,19.68,100.0,80.15,0.98,-3.81,0.2,309.3,164.1,0.666,1,CRITICAL
42.55,8.64,0.407,5,0.39,1.251,3,3,9.46,100.77,198.75,10.36,100.0,35.77,0.955,-4.04,0.295,110.4,1151.4,0.229,1,CRITICAL
11.04,178.05,-0.217,4,0.331,2.906,1,2,11.27,75.38,165.92,14.59,100.0,38.91,0.509,0.43,0.082,22.0,981.4,1.517,0,MODERATE
17.92,30.44,0.247,4,0.168,2.307,1,0,7.45,91.25,263.72,12.86,100.0,47.47,0.745,-1.22,0.157,295.3,373.9,0.674,1,CRITICAL
20.33,354.72,-0.251,1,3.77,0.16,3,1,8.2,34.5,104.48,3.66,83.19,19.78,0.47,-0.42,0.229,242.2,203.7,1.94,0,LOW
14.32,211.72,-0.338,5,3.106,2.848,2,3,2.85,39.53,81.42,6.11,66.18,14.44,0.476,-1.44,0.408,745.0,278.8,1.965,0,LOW
19.82,92.35,-0.037,5,3.805,2.642,2,2,6.54,132.72,369.74,24.8,100.0,66.55,0.958,-5.2,0.066,25.6,377.6,0.288,1,CRITICAL
22.08,202.94,-0.233,3,2.466,0.422,1,1,5.97,1.67,35.58,0.17,57.13,3.86,0.308,-3.71,0.139,157.6,305.3,2.431,0,LOW
19.59,27.67,-0.54,4,5.954,3.165,3,3,5.61,105.41,266.41,13.51,100.0,60.6,0.734,-6.77,0.206,73.8,29.1,0.315,1,CRITICAL
26.39,287.96,-0.064,3,2.769,2.241,3,0,6.05,38.57,136.88,4.14,89.7,22.1,0.545,-3.54,0.1,185.5,279.6,1.354,0,LOW
49.8,333.12,0.037,2,8.786,0.939,1,0,6.27,40.53,130.88,6.91,88.17,20.77,0.694,0.27,0.095,517.9,1137.2,0.556,1,CRITICAL
8.97,314.8,0.444,5,2.327,2.393,1,3,4.3,25.62,99.99,2.54,74.74,13.45,0.34,-4.22,0.218,795.9,236.3,3.172,0,LOW
24.19,123.03,0.328,3,5.473,2.541,2,0,6.43,60.72,209.63,11.5,100.0,37.73,0.709,0.61,0.169,134.0,543.4,0.977,1,HIGH
11.11,117.28,0.427,3,1.831,3.872,3,1,5.21,73.19,261.14,7.98,100.0,47.01,0.615,-5.23,0.246,270.2,2623.0,1.878,0,MODERATE
8.39,12.63,0.252,4,2.0,3.143,2,3,9.23,11.39,68.77,1.0,73.63,9.11,0.238,-1.84,0.224,75.3,361.8,3.617,0,LOW
36.23,234.5,0.116,5,6.616,1.338,3,2,8.23,54.21,201.91,11.25,100.0,36.34,0.665,-1.16,0.073,401.9,297.3,0.342,1,CRITICAL
25.33,192.57,-0.43,4,0.399,0.584,1,2,8.23,40.65,143.82,5.15,95.84,29.69,0.485,0.55,0.067,663.8,141.5,0.727,1,CRITICAL
8.03,165.36,0.052,2,2.913,3.598,3,2,9.65,98.98,316.51,14.89,100.0,56.97,0.543,-4.1,0.143,181.1,117.2,1.662,0,MODERATE
19.81,326.75,0.209,3,4.535,3.569,0,1,5.68,51.23,186.17,4.82,100.0,33.51,0.517,-1.02,0.055,576.1,365.1,1.415,0,LOW
12.82,60.44,0.51,5,4.858,0.819,1,1,8.09,36.49,127.85,5.37,90.48,20.82,0.359,-1.4,0.055,1154.6,507.4,1.925,0,LOW
20.21,3.48,0.24,3,3.133,0.355,2,2,9.85,48.93,165.85,5.44,100.0,29.85,0.522,-2.8,0.065,262.3,251.3,1.509,0,LOW
31.97,26.39,0.434,5,2.08,3.019,2,1,5.53,43.84,183.14,8.67,100.0,32.97,0.549,-4.67,0.113,230.3,0.8,0.487,1,CRITICAL
30.24,80.41,-0.361,4,1.058,3.063,1,2,3.04,177.85,303.26,32.0,100.0,75.93,0.98,-3.66,0.073,134.5,369.6,0.228,1,CRITICAL
17.62,11.98,-0.114,4,8.406,0.826,3,1,5.98,24.3,127.14,4.2,86.45,22.7,0.425,-1.62,0.399,432.3,381.5,1.325,0,MODERATE
37.13,181.02,0.15,2,1.616,2.84,3,0,9.6,2.47,63.86,0.47,72.72,8.36,0.417,-2.05,0.09,472.2,34.2,1.286,1,HIGH
44.45,113.07,0.406,2,5.615,1.244,2,0,5.4,70.51,246.66,8.54,100.0,44.4,0.754,-2.32,0.101,5.0,48.2,0.46,1,CRITICAL
32.25,64.97,-0.051,4,0.113,1.169,0,1,6.48,60.19,213.9,8.64,100.0,38.5,0.617,-0.98,0.055,81.4,163.5,0.37,1,CRITICAL
15.94,270.03,-0.029,3,0.925,1.431,0,3,5.78,156.49,437.01,14.42,100.0,78.66,0.98,-8.53,0.298,9.1,410.1,0.792,1,CRITICAL
20.59,73.6,0.24,4,1.484,2.234,2,1,7.08,8.12,92.93,0.73,77.48,12.96,0.343,-2.73,0.174,419.5,87.5,1.343,0,MODERATE
48.98,247.54,-0.394,4,3.897,3.398,2,0,5.19,48.07,155.45,6.06,94.09,32.1,0.689,-4.6,0.083,54.7,189.9,0.211,1,CRITICAL
18.39,125.74,0.563,2,1.346,2.144,0,0,4.24,10.62,45.79,2.07,57.28,4.72,0.299,-3.66,0.154,32.1,71.7,2.967,0,LOW
30.3,184.26,-0.308,4,0.148,1.322,2,1,6.53,39.54,93.8,6.47,76.77,17.71,0.585,-3.96,0.071,446.5,184.0,0.794,1,CRITICAL
14.2,336.19,-0.672,3,0.669,3.724,2,0,6.91,104.41,320.65,14.56,100.0,70.25,0.822,-0.54,0.178,239.2,586.5,0.879,0,HIGH
37.27,13.45,0.004,2,1.05,0.326,2,0,9.96,126.6,407.79,27.27,100.0,73.4,0.98,-2.9,0.113,46.6,210.5,0.477,1,CRITICAL
13.22,180.1,0.594,3,0.678,3.368,1,2,7.65,116.67,336.01,16.56,100.0,60.48,0.779,-6.28,0.09,521.3,765.4,0.939,0,HIGH
21.1,307.59,0.205,5,0.797,3.316,2,2,4.92,51.53,163.69,7.5,96.24,28.36,0.508,-1.77,0.152,146.3,1180.5,0.966,0,HIGH
29.72,211.67,0.263,3,5.128,1.14,0,3,5.89,65.33,190.78,14.3,100.0,34.34,0.672,-1.44,0.276,130.7,165.2,0.805,1,CRITICAL
54.24,99.67,0.014,2,1.859,0.913,1,2,9.07,52.13,153.52,5.13,100.0,27.63,0.864,-3.14,0.111,295.4,437.3,0.485,1,CRITICAL
25.08,143.17,-0.053,3,1.818,3.686,3,1,6.57,53.55,150.67,6.2,95.04,25.77,0.576,-5.49,0.069,10.5,137.0,1.304,0,MODERATE
19.05,244.9,-0.541,2,11.898,2.391,1,2,5.1,140.67,260.68,20.18,100.0,63.8,0.98,-6.73,0.201,114.6,378.6,0.745,1,CRITICAL
18.23,320.69,-0.791,3,2.072,0.289,3,2,7.68,15.26,101.31,2.44,81.24,16.65,0.251,-5.47,0.095,22.9,57.2,2.318,0,LOW
36.41,14.78,0.069,1,9.192,3.752,0,0,5.76,37.55,110.7,3.78,80.8,16.1,0.659,3.4,0.097,372.4,415.0,1.089,0,MODERATE
28.44,25.75,0.459,4,1.244,1.531,2,1,8.55,61.22,199.31,7.72,100.0,35.88,0.7,-6.75,0.068,89.8,85.3,0.509,1,CRITICAL
31.63,117.02,0.12,2,1.792,1.503,1,0,8.3,94.23,251.66,10.44,100.0,45.3,0.809,-6.22,0.264,507.0,225.1,0.515,1,CRITICAL
47.17,83.8,0.218,3,1.766,2.737,3,0,4.98,93.28,158.99,18.56,94.83,27.14,0.939,-3.12,0.115,151.9,121.6,0.452,1,CRITICAL
22.92,95.38,0.554,1,2.764,2.811,3,0,11.43,8.11,74.67,1.6,79.46,10.68,0.383,-5.93,0.1,606.2,714.3,2.073,1,HIGH
27.36,79.66,0.115,5,3.072,1.549,1,3,7.23,16.31,84.11,1.85,74.93,11.34,0.548,-4.42,0.503,70.0,90.2,1.006,1,HIGH
18.09,70.5,-0.043,3,0.998,0.687,1,2,2.5,157.62,385.8,22.21,100.0,69.44,0.949,-4.07,0.086,296.0,1487.9,0.708,0,HIGH
13.87,47.02,-0.286,4,5.523,2.364,2,1,8.34,28.76,77.2,4.92,74.71,13.83,0.329,-1.27,0.053,811.4,57.0,2.023,0,LOW
15.53,336.22,0.708,4,2.402,2.663,3,0,2.5,0.18,51.56,0.02,56.0,5.2,0.205,-0.18,0.071,140.3,240.4,2.092,0,LOW
3.73,51.91,0.184,4,0.05,3.627,2,0,9.79,14.49,92.8,2.95,82.31,13.75,0.254,0.3,0.16,48.1,657.9,7.552,0,LOW
29.56,73.59,-0.33,4,3.132,2.086,3,1,7.63,226.96,587.68,34.39,100.0,95.0,0.98,-5.84,0.064,225.9,56.0,0.232,1,CRITICAL
27.94,88.66,-0.41,1,5.599,2.747,0,2,7.18,24.1,103.34,2.69,80.99,17.96,0.418,-3.4,0.064,158.4,169.9,1.427,0,LOW
29.22,335.89,0.439,4,1.009,0.323,2,2,7.31,61.83,140.26,8.38,93.05,23.49,0.572,-1.29,0.099,197.5,271.3,0.703,1,CRITICAL
13.31,272.06,-0.363,2,0.135,3.768,2,0,8.6,84.31,194.95,17.39,100.0,45.21,0.679,0.59,0.098,180.9,646.6,1.48,0,MODERATE
15.69,284.29,0.649,4,5.761,1.442,0,1,6.26,67.61,142.24,5.64,91.78,23.5,0.554,-1.01,0.099,86.5,696.7,1.464,0,MODERATE
15.39,37.71,-0.965,5,13.095,2.692,2,3,7.29,30.82,151.92,3.08,96.74,30.15,0.319,-3.98,0.22,202.4,870.6,1.335,0,MODERATE
39.19,301.07,0.498,5,0.279,3.856,3,0,7.57,36.59,163.69,3.91,100.0,29.46,0.562,-0.4,0.065,44.7,164.7,0.373,1,CRITICAL
24.57,146.95,0.17,1,9.734,3.423,3,1,2.5,118.3,240.37,10.46,100.0,43.27,0.867,-2.17,0.167,244.9,6.9,0.676,0,HIGH
22.79,94.62,0.042,3,1.558,2.715,1,0,8.62,70.66,157.64,7.88,100.0,28.38,0.621,-5.71,0.124,160.9,572.0,1.355,0,MODERATE
33.19,207.27,-0.061,3,9.932,2.985,1,0,8.99,1.54,59.44,0.3,70.21,7.51,0.321,-1.81,0.081,1007.3,85.5,1.454,0,LOW
15.42,295.99,0.662,1,3.663,3.876,2,2,8.31,14.79,76.66,2.27,74.49,10.28,0.246,-0.08,0.068,27.9,222.5,3.197,0,LOW
27.0,280.31,0.247,1,7.733,3.43,0,2,8.15,21.92,95.66,3.61,80.29,13.83,0.544,1.26,0.218,390.2,735.3,1.629,0,LOW
57.94,320.4,-0.316,3,5.393,2.6,3,1,10.83,29.57,85.07,3.01,81.71,16.06,0.728,-3.41,0.062,120.3,424.2,0.542,1,CRITICAL
42.44,334.13,-0.602,5,0.099,2.801,0,1,7.22,55.91,222.86,6.65,100.0,46.82,0.699,-5.96,0.12,334.6,930.3,0.184,1,CRITICAL
26.78,85.72,0.062,3,0.237,0.704,2,2,7.29,29.67,84.04,6.19,75.02,11.35,0.482,-0.52,0.125,885.4,476.3,1.7,0,LOW
23.26,152.59,-0.0,4,2.611,2.028,1,0,5.88,113.3,202.46,12.4,100.0,36.44,0.861,-4.09,0.206,638.4,217.0,0.672,1,CRITICAL
29.09,5.27,-0.532,3,0.486,1.334,2,0,3.1,41.74,192.62,8.64,100.0,39.68,0.496,-1.44,0.055,33.7,15.2,0.69,0,HIGH
45.52,316.56,-0.019,4,2.163,1.871,0,3,8.32,45.34,140.41,7.84,94.91,23.99,0.595,-1.63,0.229,585.4,6.7,0.325,1,CRITICAL
43.84,55.65,-0.201,5,10.825,2.815,1,2,6.12,36.24,144.81,5.45,92.35,28.42,0.605,-1.55,0.321,138.8,130.5,0.313,1,CRITICAL
49.53,310.13,0.003,3,1.222,0.712,1,2,3.08,24.16,108.85,2.52,75.37,14.77,0.608,-2.72,0.117,20.5,468.1,0.753,0,HIGH
25.33,118.58,0.254,1,2.349,0.171,2,2,7.15,83.87,242.25,14.62,100.0,43.61,0.717,-0.61,0.093,65.2,563.5,0.661,0,HIGH
5.03,132.53,0.522,3,1.697,1.727,2,0,7.09,16.95,66.28,3.46,68.96,8.23,0.133,-3.66,0.08,8.1,189.8,9.987,0,LOW
55.8,14.09,0.318,5,3.478,1.421,0,3,6.81,76.02,250.74,7.78,100.0,45.13,0.98,-2.06,0.213,42.0,841.2,0.197,1,CRITICAL
13.85,117.68,-0.253,3,0.754,1.824,0,1,7.61,49.04,135.99,3.97,92.22,28.46,0.576,-1.21,0.067,176.4,1291.9,2.429,0,LOW
5.54,319.81,0.129,3,1.054,3.918,2,0,3.88,7.01,33.15,1.29,52.59,3.14,0.202,-1.83,0.171,813.3,159.3,9.98,0,LOW
32.9,9.2,0.022,1,6.851,2.999,3,1,9.5,1.18,34.4,0.19,63.1,3.91,0.37,0.76,0.072,464.5,195.1,1.689,0,LOW
5.11,146.28,-0.466,1,5.837,1.443,1,0,8.27,12.07,103.85,1.82,83.11,16.98,0.173,-2.6,0.07,212.2,233.9,8.485,0,LOW
22.52,11.3,0.139,5,5.449,0.835,1,0,10.05,93.04,195.96,13.38,100.0,35.27,0.774,2.68,0.081,109.5,146.5,0.76,1,CRITICAL
5.05,133.53,0.65,2,5.158,2.636,0,0,6.09,31.56,137.67,4.72,90.02,22.31,0.292,-1.24,0.163,8.1,468.1,7.633,0,LOW
18.41,62.15,0.011,2,2.153,2.796,0,0,8.26,106.22,321.43,14.07,100.0,57.86,0.841,-0.23,0.094,16.5,1078.6,0.767,1,CRITICAL
49.59,90.8,-0.558,3,4.568,2.083,0,0,3.2,45.3,146.96,4.15,87.79,28.66,0.769,0.11,0.052,368.2,251.0,0.47,0,HIGH
26.97,315.94,0.011,5,1.714,0.972,2,0,5.48,2.16,49.93,0.41,60.84,5.47,0.284,2.32,0.108,220.2,89.3,1.143,0,MODERATE
22.39,156.98,-0.425,1,0.372,0.217,3,0,4.29,121.64,355.83,17.7,100.0,78.65,0.853,-3.41,0.076,36.3,97.7,0.725,1,CRITICAL
28.59,98.57,0.302,4,1.749,1.189,0,0,7.88,178.94,389.16,34.98,100.0,70.05,0.98,-1.96,0.099,554.9,575.8,0.236,1,CRITICAL
3.0,212.16,0.184,2,0.605,1.974,2,0,4.88,5.01,31.58,1.09,53.9,3.06,0.184,2.34,0.222,204.2,596.3,18.869,0,LOW
15.21,51.16,-0.06,4,1.735,3.331,2,0,6.35,15.19,47.29,1.58,61.57,5.24,0.242,-0.78,0.068,508.1,290.8,2.117,0,LOW
16.62,93.38,-0.116,5,1.236,3.6,3,1,7.3,81.72,289.23,15.62,100.0,61.87,0.619,-4.58,0.083,422.0,643.5,0.474,1,CRITICAL
31.03,196.65,-0.074,2,3.2,1.793,2,2,6.42,381.51,638.64,82.73,100.0,95.0,0.98,-4.26,0.282,113.5,321.7,0.521,1,CRITICAL
12.02,85.51,0.003,1,1.57,3.364,3,1,4.42,135.85,309.28,24.65,100.0,55.67,0.874,-3.87,0.169,339.7,163.7,1.254,0,MODERATE
24.73,244.49,-0.27,1,4.28,4.173,2,0,10.93,6.77,79.11,0.78,80.0,12.2,0.328,-1.14,0.076,1364.0,67.6,1.854,0,LOW
21.2,176.94,-0.486,4,2.512,3.038,3,3,7.57,60.75,228.55,12.48,100.0,48.43,0.618,-1.74,0.209,386.0,326.7,0.513,1,CRITICAL
15.71,277.92,0.399,1,8.818,3.087,1,1,10.95,71.13,132.83,13.59,97.22,23.25,0.589,-4.58,0.267,85.9,813.5,2.252,0,MODERATE
16.32,341.37,-0.135,2,0.334,3.829,1,2,5.04,64.77,158.77,9.26,94.89,34.89,0.558,-1.65,0.063,250.9,1169.8,1.674,0,MODERATE
21.09,41.69,0.058,2,4.073,1.486,3,2,6.49,54.57,180.47,8.74,100.0,32.49,0.504,-1.42,0.086,158.8,28.2,1.293,0,MODERATE
6.18,120.48,0.1,3,3.906,0.146,2,0,7.5,22.46,91.87,4.07,77.91,12.88,0.27,-1.67,0.082,99.9,1127.7,7.483,0,LOW
33.43,115.04,0.113,1,10.529,4.147,0,2,10.68,71.77,223.57,6.99,100.0,40.24,0.725,-2.8,0.06,93.6,88.2,0.556,1,CRITICAL
13.79,54.43,-0.411,5,1.626,2.111,3,2,10.94,84.73,226.43,17.78,100.0,50.93,0.61,-3.45,0.059,172.8,417.5,0.917,1,HIGH
19.09,291.71,-0.587,5,1.276,3.321,1,1,6.36,55.74,146.32,12.16,93.27,31.25,0.474,-3.27,0.077,104.0,258.4,1.034,0,HIGH
48.64,273.56,-0.206,3,0.662,3.431,1,2,5.71,44.69,134.72,5.64,88.38,26.79,0.776,-0.28,0.087,44.7,543.2,0.465,1,CRITICAL
33.73,174.39,0.138,4,1.079,1.73,2,2,7.3,16.07,101.85,2.89,80.73,14.8,0.539,-0.8,0.328,396.1,339.6,0.728,1,CRITICAL
10.7,193.6,-0.255,4,2.439,2.319,2,1,9.95,51.15,193.13,7.11,100.0,40.9,0.454,0.11,0.111,97.1,222.2,1.493,0,LOW
3.0,21.44,-0.124,4,6.364,2.314,2,0,7.61,8.92,80.71,0.75,74.53,11.9,0.24,-2.68,0.242,130.7,33.2,9.777,0,LOW
29.25,199.98,0.745,3,1.171,1.003,1,1,8.01,4.91,60.57,1.05,68.81,7.5,0.37,1.52,0.061,653.4,12.1,1.673,0,LOW
19.52,284.88,-0.646,3,0.601,0.582,3,0,9.93,97.79,232.83,9.77,100.0,53.64,0.676,-0.93,0.072,303.9,122.0,0.718,1,CRITICAL
24.82,206.58,-0.264,4,1.112,2.329,3,0,9.58,73.31,252.99,6.63,100.0,54.33,0.68,-3.27,0.064,739.8,616.3,0.288,1,CRITICAL
33.14,95.51,0.664,4,0.372,0.593,0,1,9.66,68.06,168.07,13.42,100.0,30.25,0.688,-4.23,0.088,257.5,433.0,0.475,1,CRITICAL
35.93,240.32,-0.016,2,9.146,1.519,1,0,8.87,171.14,504.9,14.5,100.0,90.88,0.98,-3.14,0.25,123.0,243.5,0.484,1,CRITICAL
17.39,130.14,-0.247,2,7.212,0.863,0,3,10.47,31.15,129.57,5.49,95.32,25.97,0.473,-5.79,0.228,70.5,344.9,1.942,0,LOW
20.89,196.15,0.409,2,1.291,2.998,3,2,4.83,33.17,108.0,6.97,78.25,15.21,0.408,-2.9,0.122,488.3,402.1,2.086,0,LOW
27.44,175.52,0.019,3,0.993,3.675,3,1,12.45,34.71,151.68,4.75,100.0,27.3,0.512,-1.21,0.248,166.9,32.9,1.102,1,HIGH
28.41,137.22,-0.122,3,8.253,2.469,2,0,9.83,40.69,141.88,3.64,98.1,29.94,0.574,-2.39,0.106,294.7,175.4,0.99,0,HIGH
24.68,258.8,0.067,3,0.05,1.782,3,0,7.15,46.75,108.56,5.17,82.6,16.14,0.599,-4.81,0.11,379.3,951.6,1.677,1,HIGH
45.82,318.2,-0.23,3,3.212,4.186,2,2,9.94,97.84,234.6,20.82,100.0,53.97,0.98,-2.93,0.114,79.2,594.9,0.418,1,CRITICAL
28.24,1.88,-0.356,4,8.669,0.187,2,1,6.74,15.96,103.57,2.32,80.27,16.88,0.35,-4.02,0.076,1046.3,40.7,0.872,1,HIGH
32.88,336.1,-0.04,1,2.486,1.348,1,0,8.54,37.01,127.89,5.77,91.3,21.02,0.492,-1.29,0.093,75.2,145.4,1.031,1,HIGH
25.83,184.15,-0.354,3,0.05,1.243,1,2,8.8,45.72,107.37,4.66,85.2,21.95,0.574,-3.09,0.2,396.8,101.6,1.415,1,HIGH
11.97,252.26,0.004,3,0.865,1.56,1,1,9.4,12.04,43.35,2.51,65.79,5.13,0.237,-1.79,0.091,46.0,216.4,4.376,0,LOW
15.18,308.02,0.124,3,8.949,1.045,2,1,6.49,78.68,229.71,11.99,100.0,41.35,0.566,-4.83,0.093,1027.3,1816.4,1.568,0,MODERATE
10.41,168.16,0.299,3,0.06,1.183,0,3,9.44,3.76,46.08,0.58,66.74,5.54,0.262,0.66,0.21,81.1,387.2,5.002,0,LOW
38.06,300.59,0.395,4,1.758,1.156,0,0,6.53,57.31,119.46,9.21,84.98,18.27,0.673,-2.71,0.1,202.8,77.4,0.564,1,CRITICAL
8.0,63.94,-0.142,2,5.458,2.174,0,2,9.11,14.68,57.41,2.75,69.77,8.97,0.319,-3.34,0.057,128.9,692.3,6.299,0,LOW
20.41,57.3,0.175,5,6.373,1.703,2,3,7.46,0.55,75.54,0.06,72.6,9.87,0.244,-1.51,0.225,656.0,397.0,1.425,0,LOW
17.94,236.69,0.172,5,2.273,2.721,3,0,3.49,24.67,84.86,5.23,68.43,10.45,0.33,2.64,0.361,206.7,890.7,1.632,0,LOW
17.67,313.25,0.115,4,0.926,2.209,3,3,5.88,36.44,115.06,3.81,82.4,17.07,0.42,-1.09,0.388,312.1,299.8,1.468,1,HIGH
18.57,321.27,-0.168,4,3.204,0.852,2,1,9.37,110.49,278.07,11.89,100.0,63.31,0.839,-0.72,0.128,69.4,995.0,0.329,1,CRITICAL
50.34,231.75,-0.36,4,1.072,3.421,2,3,6.83,34.06,99.92,2.78,79.27,18.35,0.688,-5.91,0.3,816.9,871.4,0.355,1,CRITICAL
5.86,189.18,0.176,3,1.032,2.036,1,1,10.17,160.57,292.1,13.29,100.0,52.58,0.98,-4.9,0.072,122.8,29.5,3.068,0,MODERATE
42.84,119.3,-0.597,5,5.769,0.728,1,3,4.83,120.16,296.93,16.83,100.0,67.87,0.98,-6.1,0.212,29.5,782.9,0.184,1,CRITICAL
19.49,352.8,-0.094,2,0.586,0.784,1,2,9.03,13.92,107.49,1.47,85.65,16.57,0.317,-2.78,0.114,68.9,56.4,2.144,0,LOW
34.69,115.09,-0.894,2,0.05,3.368,0,2,7.4,11.0,66.86,1.21,69.71,9.71,0.508,-3.34,0.233,60.4,52.1,1.363,0,LOW
23.18,267.91,-0.468,2,1.437,2.982,2,2,6.96,18.17,83.82,3.97,74.35,13.4,0.406,1.66,0.193,32.1,78.6,1.95,0,LOW
11.1,191.51,-0.307,4,2.363,2.177,0,1,4.91,28.98,97.86,6.09,75.15,16.71,0.313,0.01,0.121,189.2,1138.2,2.435,0,LOW
44.99,219.06,0.384,2,4.274,1.355,2,0,7.96,56.93,140.59,7.12,94.32,23.87,0.756,-4.23,0.384,104.5,307.5,0.568,1,CRITICAL
41.38,141.65,0.241,5,5.317,1.988,0,0,5.28,8.61,65.75,1.1,65.54,7.76,0.485,-2.53,0.073,191.0,174.4,0.667,1,CRITICAL
11.64,347.34,-0.194,3,3.812,2.71,1,1,6.1,49.36,153.14,5.97,94.98,32.11,0.43,-1.28,0.166,23.1,25.6,2.684,0,LOW
30.44,205.81,0.255,4,3.447,3.705,3,2,7.19,56.51,145.78,11.5,94.59,24.82,0.635,-0.1,0.077,248.9,55.9,0.641,1,CRITICAL
15.6,337.6,0.311,2,3.836,2.379,0,2,6.7,70.29,191.02,6.59,100.0,34.38,0.512,-0.0,0.343,279.7,94.4,1.745,0,MODERATE
8.24,2.73,-0.056,2,1.109,1.235,2,1,9.76,51.92,123.87,8.4,92.21,20.56,0.408,-0.65,0.075,82.3,92.5,4.777,0,LOW
13.81,206.16,-0.485,1,1.686,0.275,0,1,2.5,113.36,233.95,12.03,100.0,55.71,0.799,1.07,0.086,235.7,37.8,1.102,1,HIGH
43.62,258.19,-0.073,2,3.354,0.819,0,2,7.11,66.7,221.81,12.41,100.0,39.93,0.756,-1.47,0.102,101.6,37.8,0.46,1,CRITICAL
35.14,268.23,-0.034,3,0.237,2.766,2,0,6.7,167.98,440.3,28.29,100.0,79.25,0.98,-5.67,0.081,47.7,159.2,0.444,1,CRITICAL
18.7,325.79,-0.431,5,1.225,0.758,2,2,7.48,78.46,247.75,10.54,100.0,54.01,0.64,-4.81,0.076,319.5,356.6,0.56,1,CRITICAL
43.72,1.58,0.128,3,1.826,2.074,0,0,6.3,37.24,116.14,3.49,83.51,17.46,0.612,-4.64,0.101,504.9,384.1,0.8,1,CRITICAL
39.73,0.12,0.098,4,2.668,2.966,3,0,9.75,15.3,95.77,2.87,83.2,14.34,0.428,-4.53,0.186,46.7,153.0,0.587,1,CRITICAL
13.82,170.01,0.156,3,2.333,1.364,2,2,6.93,0.69,58.69,0.06,66.26,7.0,0.149,0.47,0.169,613.1,37.6,3.687,0,LOW
49.29,10.55,0.098,1,4.432,2.843,1,0,7.79,6.16,63.82,0.73,69.45,7.98,0.546,2.65,0.097,255.5,422.1,1.004,1,HIGH
17.84,350.83,0.255,3,2.245,2.482,1,0,9.46,13.67,91.79,1.58,81.41,13.45,0.316,-1.21,0.08,415.4,480.4,2.495,0,LOW
19.28,79.94,-0.063,1,8.207,1.9,2,2,7.61,15.85,101.64,2.55,81.23,14.86,0.349,3.05,0.061,330.8,539.1,2.288,0,LOW
5.97,170.16,0.071,5,1.675,3.779,2,1,4.71,88.07,204.62,13.38,100.0,36.83,0.573,-2.89,0.213,601.8,1182.9,3.14,0,MODERATE
15.43,22.01,-0.139,4,2.608,2.937,0,2,6.56,31.71,101.79,3.78,79.38,18.35,0.306,-0.32,0.224,17.2,16.7,1.672,1,HIGH
20.5,187.94,-0.205,3,0.05,1.578,1,3,7.23,25.5,100.45,3.58,80.15,17.55,0.348,-5.67,0.206,1213.4,106.3,2.02,0,LOW
26.22,136.78,0.468,4,1.301,3.397,1,2,3.88,3.5,48.81,0.49,57.6,5.06,0.311,0.76,0.16,593.8,381.8,1.208,1,HIGH
11.13,16.08,-0.715,1,7.05,3.126,1,2,5.93,50.29,104.24,8.06,79.04,20.87,0.462,-3.8,0.222,12.4,4.5,3.629,0,LOW
14.21,120.64,0.307,4,1.42,3.346,1,1,7.35,61.69,139.5,12.69,92.87,23.32,0.435,-0.36,0.157,81.5,23.4,1.63,0,MODERATE
49.86,140.92,-0.217,4,1.022,2.728,3,2,11.93,136.67,308.43,13.65,100.0,71.92,0.98,-0.73,0.083,214.6,225.3,0.202,1,CRITICAL
38.35,356.37,-0.263,4,2.745,1.655,2,0,8.32,45.43,129.77,7.18,91.49,26.82,0.706,-1.35,0.095,543.2,385.0,0.424,1,CRITICAL
42.08,74.84,0.092,2,0.287,1.529,2,2,7.85,0.5,71.16,0.04,71.9,9.21,0.469,-0.13,0.079,104.8,516.6,1.103,1,HIGH
21.48,196.12,-0.521,2,2.655,2.782,1,0,11.22,4.39,30.07,0.78,64.82,4.03,0.25,-0.99,0.113,14.3,128.6,2.513,0,LOW
26.65,355.43,-0.286,3,1.267,0.637,0,0,8.79,20.55,83.1,3.49,77.42,14.05,0.404,-0.01,0.227,423.8,436.1,1.622,0,LOW
30.8,285.13,-0.297,5,1.691,3.462,0,2,9.1,9.74,49.65,1.73,67.27,7.18,0.374,3.29,0.139,159.4,207.3,0.951,1,HIGH
49.48,357.61,-0.077,5,5.485,1.618,2,2,6.6,95.7,323.69,14.02,100.0,58.26,0.98,-3.09,0.099,400.8,365.4,0.186,1,CRITICAL
8.12,348.59,-0.281,3,3.796,2.685,1,1,4.72,7.42,39.84,0.79,56.24,4.92,0.177,-0.94,0.207,110.3,498.3,6.613,0,LOW
16.35,176.23,0.56,4,2.068,2.146,0,1,8.08,11.39,83.06,1.63,76.11,11.38,0.23,-5.87,0.05,478.2,130.1,1.762,0,LOW
25.34,250.7,0.629,5,3.016,2.229,0,1,11.51,71.43,249.37,5.95,100.0,44.89,0.684,-1.57,0.076,125.4,199.7,0.49,1,CRITICAL
23.26,39.76,-0.708,2,5.096,3.126,3,2,10.83,17.81,97.65,2.38,85.74,17.21,0.466,-3.51,0.096,181.2,362.4,1.747,0,LOW
14.1,158.81,0.191,4,4.793,2.669,2,0,8.95,225.96,601.26,44.61,100.0,95.0,0.98,-6.21,0.122,775.5,118.5,0.42,1,CRITICAL
29.39,291.25,0.301,2,0.717,1.126,0,1,5.99,129.29,280.15,16.47,100.0,50.43,0.98,-2.59,0.484,44.9,1266.3,0.538,1,CRITICAL
16.74,181.92,0.19,2,1.253,0.404,2,0,4.09,88.7,151.37,14.45,90.8,24.74,0.667,-7.01,0.132,244.4,578.8,2.114,0,MODERATE
22.33,252.97,-0.23,2,1.498,3.545,2,1,5.69,27.32,100.88,3.18,77.53,17.36,0.376,-0.58,0.088,470.7,445.5,1.871,0,LOW
28.7,268.47,-0.085,3,0.727,3.728,1,1,7.98,3.8,38.91,0.38,61.81,4.33,0.328,-0.65,0.153,329.1,588.0,1.823,1,HIGH
17.2,91.25,-0.262,4,0.05,0.774,0,0,6.46,26.66,53.69,4.08,63.81,9.37,0.391,0.02,0.382,155.7,120.0,1.757,0,LOW
33.6,315.25,-0.147,3,0.669,1.369,3,1,9.7,30.73,100.03,2.61,84.48,18.9,0.582,-3.41,0.126,454.2,3.0,1.098,0,MODERATE
36.86,165.54,-0.423,1,5.78,1.258,1,3,4.22,8.86,47.06,1.83,57.66,5.95,0.501,1.4,0.235,182.7,469.0,1.474,0,LOW
14.43,75.67,-0.04,2,2.763,3.944,3,2,7.22,8.36,54.22,1.58,65.34,6.38,0.266,-0.6,0.142,289.1,1504.1,3.64,0,LOW
16.67,311.55,-0.526,3,1.463,0.94,0,2,5.81,71.69,211.57,15.75,100.0,46.69,0.601,-4.41,0.1,114.6,483.7,1.187,0,MODERATE
12.18,150.41,-0.07,3,3.281,0.783,2,2,9.68,17.19,88.55,3.77,80.76,12.87,0.286,-4.97,0.111,16.6,86.1,3.74,0,LOW
22.05,270.11,-0.437,3,4.713,0.846,0,3,8.69,73.66,174.53,13.41,100.0,40.26,0.673,-4.03,0.449,64.1,880.2,1.023,1,HIGH
26.21,197.29,0.072,1,1.532,3.092,2,0,5.67,51.66,108.27,9.75,79.85,15.56,0.57,-0.06,0.096,176.4,389.2,1.625,0,LOW
18.16,137.47,-0.238,4,2.196,3.741,3,1,9.38,150.63,443.63,23.19,100.0,95.0,0.98,-3.1,0.08,628.1,432.5,0.335,1,CRITICAL
25.82,291.56,0.102,5,0.232,1.713,1,2,3.93,103.7,346.63,11.47,100.0,62.39,0.782,-8.64,0.131,39.6,324.1,0.234,1,CRITICAL
16.41,210.41,0.379,3,3.182,0.658,0,3,3.57,10.67,90.81,2.06,70.48,11.52,0.24,-2.25,0.267,106.6,596.0,2.878,0,LOW
16.72,140.6,0.556,4,1.542,2.501,1,1,5.55,61.23,163.25,7.21,97.24,28.57,0.505,-2.11,0.091,112.2,1439.6,1.222,0,MODERATE
26.95,39.46,-0.885,5,1.989,0.961,3,0,3.14,68.82,218.4,11.77,100.0,47.57,0.672,2.2,0.079,421.8,211.3,0.399,1,CRITICAL
17.37,322.36,-0.292,4,1.922,0.363,2,3,7.25,128.76,349.55,23.48,100.0,78.37,0.867,-0.56,0.26,219.7,391.3,0.349,1,CRITICAL
21.39,12.77,-0.106,4,3.503,3.734,1,0,7.32,66.58,132.0,10.59,90.42,29.47,0.733,-2.98,0.064,150.6,866.5,0.918,1,HIGH
27.47,310.75,0.161,4,2.974,3.67,3,0,6.61,9.86,32.74,1.7,57.37,3.38,0.388,-0.94,0.075,18.1,950.0,1.179,0,MODERATE
25.61,129.59,-0.578,2,1.919,4.101,2,1,8.69,19.44,72.37,2.35,73.79,11.95,0.481,-5.0,0.202,986.3,779.4,1.799,0,LOW
16.55,230.16,-0.344,3,0.06,2.043,0,1,5.91,65.98,258.34,12.3,100.0,54.42,0.636,-9.09,0.242,460.9,370.3,0.878,0,HIGH
38.84,331.99,0.046,4,3.395,1.305,2,2,4.65,157.93,386.64,33.5,100.0,69.6,0.98,-5.35,0.09,16.2,1238.6,0.203,1,CRITICAL
7.82,54.61,0.03,2,7.409,3.256,2,1,5.75,144.38,325.79,21.33,100.0,58.64,0.882,-1.58,0.194,13.3,83.8,1.705,0,MODERATE
3.0,204.1,0.132,5,5.137,0.84,3,1,4.82,28.93,107.17,2.8,77.96,15.04,0.224,-1.33,0.059,81.5,102.2,9.303,0,LOW
30.07,275.2,0.155,4,13.987,1.097,1,0,6.15,115.44,286.36,19.25,100.0,51.54,0.888,-5.38,0.069,14.6,110.1,0.229,1,CRITICAL
25.34,272.73,0.119,3,0.524,1.148,3,2,8.81,46.54,138.57,5.95,95.2,23.75,0.577,0.15,0.123,378.3,231.7,1.346,0,MODERATE
11.17,189.23,0.068,4,0.881,4.002,3,1,3.64,40.58,117.53,5.63,79.16,16.75,0.406,2.47,0.141,64.3,495.2,2.401,0,LOW
23.57,224.91,0.02,3,2.712,3.092,2,0,6.75,28.09,65.71,2.84,68.18,8.07,0.397,-5.48,0.073,596.7,245.7,2.087,0,LOW
15.24,272.71,0.233,4,0.942,0.648,1,3,9.61,73.7,218.95,12.35,100.0,39.41,0.58,-2.81,0.425,263.9,1346.8,1.047,1,HIGH
28.91,302.77,-0.784,3,0.123,0.481,3,0,9.86,59.49,132.95,11.32,95.29,29.94,0.645,-3.72,0.128,186.1,123.9,0.978,0,HIGH
3.0,274.25,0.541,5,1.801,3.556,2,2,6.0,30.52,72.14,5.72,68.88,8.94,0.278,-1.7,0.254,33.3,757.8,10.188,0,LOW
19.12,127.44,-0.772,3,1.187,3.389,3,3,12.37,93.54,239.71,20.5,100.0,54.37,0.709,-4.21,0.209,39.2,685.5,0.714,1,CRITICAL
16.12,358.82,-0.378,4,1.072,2.851,1,0,5.19,31.0,106.61,3.4,78.45,18.77,0.381,5.16,0.12,36.2,180.9,1.588,0,LOW
33.66,156.42,-0.079,5,10.715,0.904,3,0,7.0,57.07,215.47,11.87,100.0,38.78,0.534,-2.64,0.083,66.6,286.3,0.364,0,HIGH
6.14,8.81,0.235,1,0.953,2.069,3,1,4.93,32.38,100.87,5.91,76.14,13.83,0.312,-1.1,0.211,30.8,645.2,7.619,0,LOW
22.74,130.54,-1.0,4,0.485,2.571,3,0,8.45,8.08,74.2,1.45,73.96,10.85,0.269,-0.94,0.051,108.4,866.5,1.255,1,HIGH
29.87,46.0,-0.01,1,0.469,3.922,1,2,13.66,11.43,48.89,2.01,75.24,6.62,0.414,-4.56,0.167,468.2,516.2,1.712,0,LOW
54.27,43.72,0.277,4,5.745,0.795,1,1,11.56,69.5,261.04,10.8,100.0,46.99,0.888,-2.08,0.064,44.4,1149.3,0.21,1,CRITICAL
16.69,101.35,0.348,3,4.392,2.213,0,3,9.36,108.37,271.67,14.41,100.0,48.9,0.813,-7.05,0.377,99.6,435.5,1.094,0,MODERATE
26.46,19.22,-0.244,5,0.485,0.747,0,3,6.16,41.08,89.67,8.71,74.79,17.0,0.555,2.49,0.25,167.3,234.3,0.954,1,HIGH
6.43,247.86,-0.105,5,0.869,1.92,1,3,7.13,25.6,115.73,2.59,84.87,20.75,0.365,0.55,0.215,266.4,439.0,3.946,0,LOW
22.1,26.64,-0.216,1,4.815,0.921,3,0,9.96,26.66,70.01,2.79,75.32,12.69,0.311,-3.18,0.186,75.9,426.0,2.102,0,LOW
40.33,73.18,-0.137,1,1.124,3.528,2,0,9.15,59.18,172.57,4.87,100.0,38.16,0.712,-2.8,0.106,266.5,361.8,0.518,1,CRITICAL
54.55,33.44,-0.361,4,13.973,1.144,1,0,7.68,40.98,161.54,7.52,100.0,34.0,0.639,0.55,0.055,56.9,164.6,0.21,1,CRITICAL
27.82,22.74,-0.311,3,2.722,1.81,3,2,7.81,0.05,25.96,0.01,57.37,2.69,0.347,-0.52,0.053,276.4,495.2,1.948,0,LOW
7.79,96.39,0.152,2,0.746,1.772,2,0,9.82,95.95,250.63,10.17,100.0,45.11,0.634,-7.25,0.073,435.1,725.9,2.665,0,MODERATE
43.7,205.88,0.046,1,6.852,3.652,3,2,10.37,9.98,62.55,0.85,73.68,8.29,0.476,-0.98,0.15,6.6,1435.5,1.107,1,HIGH
7.84,347.29,0.172,3,1.347,3.207,3,1,4.2,73.02,149.51,8.34,90.4,24.33,0.541,0.05,0.096,770.1,309.7,4.756,0,MODERATE
10.48,315.2,0.075,1,1.193,0.336,2,2,8.0,27.42,81.72,5.59,75.55,11.11,0.268,-7.58,0.11,349.3,628.0,4.655,0,LOW
45.64,315.34,0.247,5,1.388,0.375,1,1,8.77,56.08,178.74,4.61,100.0,32.17,0.838,-1.98,0.062,838.2,728.7,0.222,1,CRITICAL
21.21,63.38,0.307,4,5.117,2.36,3,1,6.33,125.57,200.58,11.82,100.0,36.1,0.885,-5.8,0.152,86.1,504.5,0.767,1,CRITICAL
15.6,95.37,-0.61,4,0.666,1.854,1,0,10.31,10.89,88.91,0.91,82.02,14.43,0.283,1.75,0.086,780.1,214.4,1.749,0,LOW
32.06,27.5,-0.299,1,1.683,1.23,2,0,6.87,97.72,221.04,20.72,100.0,51.51,0.839,-4.29,0.083,169.2,566.7,0.568,0,HIGH
24.28,280.25,-0.081,1,0.11,3.35,3,1,10.37,2.54,16.76,0.25,59.04,1.78,0.353,-2.64,0.12,46.0,1708.5,2.402,0,LOW
38.44,25.13,-0.008,3,6.133,0.627,0,2,6.69,165.29,375.63,34.06,100.0,67.61,0.98,-2.44,0.166,374.3,419.7,0.429,1,CRITICAL
24.9,200.41,-0.235,5,1.458,4.094,2,0,8.07,14.63,97.71,2.14,80.79,15.96,0.414,-3.74,0.052,332.2,603.0,1.029,1,HIGH
25.21,89.24,0.319,2,0.998,0.199,1,2,8.02,102.82,210.52,13.91,100.0,37.89,0.79,-3.05,0.054,713.7,121.7,0.854,0,HIGH
37.73,87.64,0.693,2,3.035,0.585,1,2,11.16,4.52,46.22,0.63,69.87,5.81,0.399,-0.59,0.058,101.5,478.7,1.341,0,MODERATE
21.04,356.66,0.065,1,4.273,1.376,0,0,9.13,25.75,78.83,3.57,76.66,10.88,0.441,-2.2,0.2,277.8,15.7,2.279,0,LOW
12.85,272.44,0.03,4,5.866,2.188,3,2,6.49,65.25,141.25,8.34,91.89,23.36,0.516,-5.76,0.205,901.8,799.2,1.816,0,MODERATE
33.04,301.3,0.297,4,1.496,0.986,0,1,6.9,69.9,127.66,13.53,88.27,20.28,0.744,-4.78,0.131,576.4,112.4,0.651,1,CRITICAL
18.73,205.91,-0.653,1,5.855,3.118,3,0,6.89,78.0,264.51,11.79,100.0,56.97,0.671,-3.09,0.054,483.8,30.4,0.84,1,CRITICAL
25.99,313.57,0.01,3,2.188,1.566,2,2,7.54,28.09,103.45,6.14,81.68,15.21,0.431,-6.5,0.161,590.6,88.0,1.614,0,LOW
5.44,232.38,0.343,4,0.373,0.258,2,3,5.42,71.28,212.66,10.87,100.0,38.28,0.512,-2.41,0.362,520.7,285.6,3.207,0,MODERATE
20.56,340.62,-0.225,3,6.555,3.699,3,2,7.32,36.37,81.84,7.08,74.37,15.32,0.422,-2.59,0.248,133.5,19.5,2.123,0,LOW
16.26,101.28,-0.429,4,2.776,3.97,2,3,10.51,54.24,123.15,10.0,93.32,27.2,0.5,-0.85,0.33,5.0,16.0,1.308,0,MODERATE
5.32,214.32,-0.065,4,3.229,2.636,1,2,10.41,51.5,196.3,7.01,100.0,35.33,0.424,-0.61,0.098,1229.7,321.2,3.507,0,LOW
20.93,248.45,-0.021,4,9.704,3.407,0,2,4.06,11.97,64.65,2.28,62.99,7.33,0.279,-4.25,0.099,417.5,378.0,1.474,0,LOW
21.33,141.46,-0.318,4,2.867,0.597,2,1,3.71,121.86,340.15,12.39,100.0,75.85,0.902,-4.94,0.105,71.7,172.6,0.293,1,CRITICAL
27.02,316.69,0.734,5,0.05,1.202,2,0,6.2,131.2,344.83,14.23,100.0,62.07,0.98,-6.14,0.101,385.9,7.6,0.227,1,CRITICAL
39.97,352.73,-0.168,5,7.157,1.433,1,0,3.59,14.81,77.78,2.47,66.34,11.07,0.419,-2.81,0.108,127.0,276.9,0.652,1,CRITICAL
36.63,177.76,-0.404,3,1.173,4.039,2,1,4.72,35.02,134.0,6.29,86.38,25.04,0.531,-2.53,0.057,79.3,1129.2,0.829,1,CRITICAL
16.94,140.63,-0.033,2,2.438,2.2,1,2,8.27,40.64,113.66,6.91,86.26,17.65,0.404,0.79,0.185,233.7,298.0,2.436,0,LOW
24.56,169.9,0.318,4,0.802,0.13,3,1,7.42,51.75,186.26,7.83,100.0,33.53,0.533,-3.72,0.05,5.0,271.8,0.677,1,CRITICAL
29.12,306.99,0.006,2,1.233,1.659,2,2,3.71,1.46,35.55,0.15,53.06,3.39,0.293,0.99,0.053,1049.9,367.9,1.914,0,LOW
17.23,232.37,0.17,5,4.062,0.132,3,0,10.07,92.44,160.33,12.22,100.0,28.86,0.747,-2.4,0.052,802.1,81.0,1.198,1,HIGH
8.34,16.12,-0.305,1,1.965,1.075,2,1,6.57,128.71,287.78,21.2,100.0,67.25,0.863,-0.31,0.234,437.1,731.1,1.78,0,MODERATE
19.67,195.18,0.521,5,3.453,1.964,3,1,6.36,9.97,90.8,1.11,75.5,12.34,0.268,-2.28,0.481,15.4,15.2,1.425,0,LOW
40.85,6.23,0.197,3,6.072,1.426,2,0,9.74,147.51,316.47,24.97,100.0,56.96,0.98,-6.18,0.078,21.8,26.1,0.423,1,CRITICAL
8.07,280.27,0.367,4,1.459,0.234,2,3,8.4,123.71,284.35,13.95,100.0,51.18,0.782,-3.31,0.211,292.6,26.0,1.497,1,HIGH
12.02,118.19,0.128,3,2.94,0.577,1,2,7.41,50.79,124.31,4.76,88.11,19.72,0.517,-6.23,0.052,450.4,707.9,3.342,0,LOW
13.69,169.92,0.289,5,5.261,2.359,1,0,6.41,20.88,128.71,2.62,87.73,20.33,0.422,-1.22,0.236,15.6,206.7,1.821,0,LOW
12.11,287.52,-0.306,2,4.395,2.952,3,2,8.75,15.12,54.28,1.79,68.13,8.47,0.239,-0.09,0.085,232.2,463.8,4.191,0,LOW
32.13,16.72,-0.172,2,2.717,1.759,1,1,6.55,43.66,100.4,8.45,78.92,19.5,0.462,0.67,0.104,336.3,37.3,1.17,0,MODERATE
15.21,57.07,0.471,1,1.692,3.099,0,1,7.0,46.0,183.18,6.79,100.0,32.97,0.377,-1.1,0.088,50.0,647.3,1.775,0,LOW
32.59,143.27,0.546,5,1.832,0.77,3,3,4.91,68.59,268.93,6.1,100.0,48.41,0.615,-2.93,0.39,54.1,183.4,0.253,1,CRITICAL
22.72,82.77,-0.401,3,1.987,0.6,2,2,10.01,105.15,296.72,20.42,100.0,66.03,0.828,1.55,0.193,750.1,109.2,0.587,1,CRITICAL
6.76,121.64,0.087,4,1.502,3.542,1,3,10.92,177.17,468.0,20.84,100.0,84.24,0.98,-4.77,0.381,143.5,564.5,0.85,1,CRITICAL
17.45,359.34,-0.151,4,4.203,1.491,1,3,7.97,103.42,252.7,16.5,100.0,57.9,0.768,-5.91,0.245,89.9,30.0,0.444,1,CRITICAL
37.21,297.15,-0.244,5,0.469,1.872,2,0,6.43,155.83,472.16,24.28,100.0,95.0,0.98,-4.4,0.07,13.1,299.7,0.19,1,CRITICAL
24.15,318.2,0.1,4,11.988,3.985,2,0,9.56,44.97,103.15,9.72,85.21,15.82,0.599,-5.46,0.124,10.5,217.4,1.056,1,HIGH
18.23,337.34,0.399,3,5.283,1.839,3,1,8.8,2.58,50.65,0.3,67.04,6.11,0.301,-4.34,0.069,83.6,608.4,2.808,0,LOW
41.11,122.74,0.158,4,1.239,0.114,1,2,6.52,3.46,76.66,0.35,71.27,9.84,0.483,-0.67,0.081,270.9,458.5,0.643,1,CRITICAL
11.28,106.95,-0.112,4,0.152,3.946,2,2,10.03,20.32,64.91,2.36,73.83,11.07,0.218,-4.92,0.282,260.2,999.9,2.607,0,LOW
15.55,84.26,0.18,2,4.348,0.158,3,2,6.57,61.87,150.99,9.94,95.14,25.86,0.508,-3.98,0.214,71.5,583.8,2.201,0,MODERATE
35.38,298.84,-0.126,1,4.64,2.815,3,1,4.67,26.54,94.64,2.93,73.69,15.74,0.585,-4.65,0.096,380.0,241.8,1.173,0,MODERATE
31.78,244.64,0.144,1,11.598,1.424,1,2,7.36,11.81,97.9,1.51,79.57,14.02,0.386,-1.09,0.081,173.1,92.2,1.353,0,LOW
10.68,85.02,0.489,3,1.024,2.029,1,2,9.89,123.53,392.99,21.26,100.0,70.74,0.858,-5.45,0.119,449.8,269.1,1.148,0,MODERATE
28.6,135.72,-0.727,3,0.302,2.344,2,1,7.73,272.96,605.84,26.29,100.0,95.0,0.98,-5.33,0.165,722.9,82.2,0.497,1,CRITICAL
15.06,182.42,0.279,4,8.633,1.775,3,0,4.92,1.09,61.06,0.23,63.4,6.97,0.265,-0.09,0.067,75.9,54.1,2.085,0,LOW
5.12,190.13,-0.539,5,1.047,3.275,2,2,6.61,6.09,66.73,0.94,68.26,8.93,0.128,-4.58,0.24,166.5,22.5,5.971,0,LOW
18.44,319.94,0.43,2,4.475,3.916,2,2,10.13,44.97,88.5,6.64,81.56,12.99,0.511,0.2,0.067,15.3,351.6,2.45,0,LOW
56.37,137.0,-0.223,4,0.219,0.454,3,2,8.1,26.78,141.81,3.5,94.96,27.45,0.653,-2.16,0.125,402.7,375.8,0.225,1,CRITICAL
37.54,327.07,-0.426,3,5.003,3.381,1,0,7.46,99.06,220.54,11.33,100.0,51.58,0.907,-6.24,0.114,109.1,479.3,0.433,1,CRITICAL
21.58,158.89,0.243,2,0.475,0.628,3,0,7.21,69.04,244.19,10.2,100.0,43.95,0.616,-1.65,0.082,294.9,980.3,0.84,0,HIGH
7.72,268.69,0.127,4,4.163,0.429,3,2,9.88,4.61,77.34,0.68,77.53,10.79,0.244,3.11,0.116,134.4,1098.6,3.82,0,LOW
5.25,334.89,-0.35,5,2.66,4.019,3,3,9.73,51.17,110.65,4.5,87.93,23.65,0.439,-2.71,0.37,43.1,187.5,4.617,0,LOW
22.76,326.73,-0.439,1,10.892,2.106,3,3,4.42,26.67,111.28,5.3,78.56,18.94,0.327,-5.85,0.232,5.0,455.0,1.775,0,LOW
27.59,20.5,-0.066,3,0.132,0.726,2,1,9.57,218.12,548.96,42.51,100.0,95.0,0.98,-3.26,0.223,286.3,279.1,0.509,1,CRITICAL
32.33,74.05,-0.421,1,1.209,2.437,0,3,8.64,41.92,140.68,5.98,95.56,29.23,0.536,1.9,0.205,762.5,628.7,0.782,1,CRITICAL
30.38,171.69,-0.372,2,0.252,1.179,2,0,11.0,170.72,293.18,21.71,100.0,73.26,0.98,-7.31,0.111,654.8,567.2,0.527,0,HIGH
31.77,155.36,0.04,4,7.398,2.004,3,3,7.35,1.99,69.49,0.3,70.46,8.81,0.339,-3.23,0.228,790.3,97.8,0.898,0,HIGH
25.79,230.72,-0.338,4,3.154,2.661,3,1,10.0,7.09,78.89,0.79,78.24,11.96,0.287,-1.25,0.263,326.2,86.0,1.063,1,HIGH
40.64,340.1,0.149,4,2.68,3.664,1,2,8.53,31.73,135.34,2.54,93.66,22.82,0.516,-6.67,0.054,157.0,54.6,0.431,1,CRITICAL
16.24,40.47,0.522,3,0.493,0.113,0,0,5.05,141.7,368.25,18.36,100.0,66.28,0.975,1.17,0.052,209.3,59.0,0.779,0,HIGH
22.57,162.67,-0.052,5,2.35,0.978,2,3,9.75,51.13,156.69,4.22,100.0,28.2,0.433,-2.35,0.333,362.7,127.0,0.886,1,HIGH
6.78,69.27,0.046,2,1.78,0.495,2,2,9.28,112.97,238.13,9.68,100.0,42.86,0.772,-3.36,0.158,99.4,193.6,3.322,0,MODERATE
16.04,321.88,0.706,4,1.328,0.498,0,0,6.07,21.67,105.91,1.82,79.82,15.22,0.272,-0.74,0.063,59.5,436.6,1.685,1,HIGH
37.0,347.25,-0.416,3,5.177,3.978,2,1,8.14,7.68,82.56,1.56,76.07,12.23,0.412,-2.0,0.278,19.7,616.7,1.158,1,HIGH
31.23,172.33,0.417,5,0.221,3.938,1,0,12.14,18.36,82.48,1.84,83.24,12.36,0.383,-2.86,0.216,181.3,67.5,0.834,1,CRITICAL
3.8,37.44,0.375,4,3.641,3.172,2,1,6.44,67.37,159.08,7.79,97.49,27.92,0.421,-4.9,0.072,26.9,131.0,5.728,0,MODERATE
58.57,282.71,0.299,5,6.06,2.737,0,1,9.1,133.33,389.12,19.82,100.0,70.04,0.98,-6.81,0.142,172.7,403.1,0.206,1,CRITICAL
24.18,250.97,0.452,2,8.325,3.577,3,1,5.09,39.45,135.97,6.08,87.67,21.46,0.484,-0.97,0.095,469.2,638.8,1.521,0,LOW
24.43,127.68,0.098,4,4.795,0.339,2,2,6.25,13.99,84.68,1.36,73.34,11.18,0.288,1.9,0.116,46.5,773.2,1.155,0,MODERATE
15.43,319.47,-0.204,4,1.162,0.59,1,3,9.28,65.98,217.94,13.68,100.0,47.15,0.533,-0.14,0.325,36.0,217.6,0.823,1,CRITICAL
17.5,351.3,0.383,4,3.211,1.4,2,0,8.06,14.26,52.0,1.6,66.16,6.19,0.316,-2.21,0.13,78.9,265.8,1.796,0,LOW
24.03,200.83,0.396,3,0.534,3.513,0,0,7.06,54.9,181.63,11.64,100.0,32.69,0.59,-2.78,0.058,24.3,509.8,1.138,0,MODERATE
30.29,203.66,0.387,1,0.436,2.036,3,1,11.25,7.01,75.42,0.81,79.38,10.78,0.275,2.71,0.125,127.0,146.7,1.534,0,LOW
26.46,107.1,0.016,2,3.562,2.165,2,0,5.47,108.34,249.73,8.71,100.0,44.95,0.829,-5.36,0.066,262.8,38.8,0.577,1,CRITICAL
16.17,210.42,-0.251,2,6.666,1.04,2,2,7.18,106.31,333.71,22.97,100.0,72.82,0.658,-7.5,0.097,178.9,263.5,0.86,1,HIGH
12.73,158.27,0.067,5,0.244,2.758,0,1,8.58,50.65,133.56,7.48,93.19,22.4,0.43,-1.58,0.09,356.8,1909.3,1.882,0,LOW
12.19,108.79,0.33,4,0.392,3.74,0,2,5.58,2.53,73.12,0.51,68.45,9.01,0.189,0.88,0.057,35.9,210.5,2.498,0,LOW
38.53,24.19,0.359,1,2.918,1.451,2,0,8.62,21.37,96.5,3.91,81.4,14.14,0.547,-7.85,0.058,116.5,159.4,1.067,1,HIGH
36.11,90.97,-0.15,5,0.862,2.639,0,2,9.86,9.67,102.18,1.02,85.45,16.88,0.486,-0.4,0.174,151.1,778.1,0.631,1,CRITICAL
28.81,71.23,0.11,2,3.312,1.461,2,3,7.25,48.18,117.66,9.56,85.7,18.15,0.52,-4.98,0.269,172.4,1126.2,1.343,0,MODERATE
38.38,195.14,-0.458,3,0.845,3.35,1,1,5.99,6.97,89.44,0.61,74.41,12.82,0.457,-4.89,0.341,19.9,682.8,1.101,0,MODERATE
20.64,216.6,0.345,2,0.433,2.047,1,3,6.81,132.48,341.37,20.01,100.0,61.45,0.96,-4.57,0.442,18.6,333.8,0.697,1,CRITICAL
34.48,219.09,-0.274,5,2.761,1.492,0,0,2.5,123.38,368.54,14.26,100.0,81.14,0.955,-6.55,0.067,24.7,986.6,0.197,1,CRITICAL
29.61,139.75,0.275,4,6.937,1.822,3,0,9.71,11.03,55.43,1.44,70.22,7.01,0.431,-5.85,0.205,42.4,401.1,1.003,1,HIGH
34.97,151.64,-0.402,3,4.044,0.474,3,3,8.08,77.16,256.55,14.35,100.0,55.44,0.772,-2.47,0.232,5.0,157.5,0.445,1,CRITICAL
11.42,300.33,0.361,4,5.977,3.651,0,2,7.11,77.5,141.27,13.62,93.01,23.65,0.565,-2.86,0.065,100.6,1243.3,2.038,0,MODERATE
3.34,171.44,0.113,2,1.084,4.028,1,0,3.83,32.85,125.21,4.65,81.97,18.47,0.298,-6.15,0.098,148.4,481.3,12.672,0,LOW
25.59,355.6,-0.273,3,7.6,2.057,1,1,9.94,10.79,63.13,0.93,73.09,9.6,0.28,-4.93,0.077,222.8,64.5,1.846,0,LOW
18.08,158.26,0.242,3,1.656,1.007,1,1,6.54,9.21,45.0,0.79,61.17,4.95,0.298,-0.22,0.107,7.8,184.1,2.914,0,LOW
4.43,233.85,-0.207,2,6.698,2.825,3,2,8.74,87.43,231.77,15.59,100.0,52.21,0.53,-1.63,0.133,164.9,485.1,3.625,0,MODERATE
41.77,18.13,0.262,5,2.23,1.955,2,2,7.47,16.16,104.77,3.44,81.98,15.46,0.516,-8.14,0.079,778.7,817.1,0.534,1,CRITICAL
36.16,235.2,-0.096,4,1.091,1.134,3,0,3.95,60.12,124.28,11.94,81.88,18.32,0.67,-5.56,0.113,389.6,2020.3,0.612,1,CRITICAL
26.82,306.51,-0.602,2,1.055,0.258,3,2,10.29,130.59,368.92,12.68,100.0,82.08,0.98,-4.02,0.129,108.4,101.8,0.571,1,CRITICAL
13.22,339.28,-0.344,2,2.935,3.748,2,1,9.87,58.45,192.63,5.67,100.0,41.69,0.558,-1.31,0.127,209.2,736.5,1.688,0,LOW
6.56,359.04,-0.151,1,0.288,3.367,2,2,9.18,237.13,402.44,39.24,100.0,95.0,0.98,-4.92,0.257,335.8,56.7,2.252,0,MODERATE
4.37,101.58,0.479,2,9.31,3.499,3,1,8.19,67.41,170.78,11.6,100.0,30.74,0.522,-1.04,0.134,47.0,514.8,7.175,0,MODERATE
15.97,207.13,0.315,3,1.109,1.903,2,1,4.87,24.55,109.4,4.08,78.77,15.51,0.299,-3.49,0.082,21.0,50.9,2.732,0,LOW
32.01,162.26,0.568,2,1.431,3.188,0,0,9.41,124.39,255.95,25.37,100.0,46.07,0.98,-3.24,0.058,270.1,369.7,0.512,1,CRITICAL
18.19,202.97,0.579,4,0.93,2.483,2,1,12.35,24.21,85.85,2.72,84.7,13.09,0.316,-2.67,0.103,374.0,332.6,1.51,0,LOW
29.0,56.68,-0.187,3,0.05,1.637,2,0,7.76,231.42,486.09,24.1,100.0,95.0,0.98,-7.23,0.119,202.2,1011.0,0.493,1,CRITICAL
29.78,308.21,-0.066,2,4.128,3.555,3,0,7.8,42.22,155.31,8.78,98.74,27.6,0.536,-5.82,0.115,332.9,346.4,0.956,1,HIGH
31.77,327.44,-0.144,5,3.125,4.195,2,1,5.08,199.09,370.81,36.05,100.0,90.64,0.98,-4.44,0.114,355.4,567.0,0.205,1,CRITICAL
5.74,161.88,-0.235,2,5.806,3.787,0,0,2.95,13.19,68.24,2.37,62.14,9.22,0.133,-5.59,0.088,289.3,897.0,8.927,0,LOW
13.97,100.95,-0.645,3,0.147,3.282,1,2,6.71,0.75,24.64,0.09,54.96,2.53,0.159,-4.14,0.303,772.6,68.3,3.953,0,LOW
28.71,50.7,-0.005,3,9.241,3.165,3,0,10.76,14.19,98.5,2.38,85.89,15.23,0.221,0.23,0.126,215.0,56.5,1.423,1,HIGH
46.53,246.16,-0.45,2,1.406,2.766,3,1,10.46,6.73,43.27,1.22,67.67,6.08,0.438,-1.75,0.07,16.4,57.9,1.081,0,MODERATE
39.79,112.4,-0.012,2,8.549,3.6,2,3,7.36,86.07,272.13,14.12,100.0,48.98,0.816,-0.29,0.201,233.2,176.6,0.468,1,CRITICAL
26.07,327.43,0.741,2,0.397,2.122,0,0,8.45,19.97,68.56,3.66,72.14,8.9,0.483,-2.44,0.118,285.6,222.2,1.869,0,LOW
42.0,241.56,-0.178,5,4.768,0.845,0,1,4.82,66.31,233.2,10.78,100.0,49.93,0.803,-3.91,0.16,116.7,17.7,0.184,1,CRITICAL
25.96,232.45,0.068,4,3.031,3.249,2,2,7.74,71.8,228.89,15.62,100.0,41.2,0.683,0.23,0.059,179.2,129.0,0.492,1,CRITICAL
7.91,201.38,0.317,4,1.552,3.87,3,0,6.35,75.76,210.31,11.28,100.0,37.86,0.65,-3.72,0.1,412.1,3.1,2.207,0,MODERATE
31.48,16.48,0.098,3,0.289,1.5,3,2,7.62,116.18,245.22,9.5,100.0,44.14,0.843,-2.82,0.336,355.3,95.4,0.486,1,CRITICAL
40.51,335.49,0.102,3,3.249,3.31,3,0,6.9,10.48,50.05,1.08,63.43,5.71,0.473,-1.82,0.105,54.8,224.6,1.235,0,MODERATE
54.11,226.06,-0.127,2,0.094,1.222,2,0,6.86,3.37,61.26,0.72,66.95,7.79,0.651,-0.97,0.204,76.1,632.0,0.897,1,HIGH
15.7,357.86,-0.081,1,2.435,3.965,3,3,9.69,1.96,30.14,0.29,62.09,3.37,0.21,-1.79,0.212,236.7,2664.1,3.613,0,LOW
10.66,193.45,-0.336,2,3.244,2.902,1,0,11.82,7.12,33.04,0.69,66.85,4.83,0.179,0.85,0.098,138.6,100.0,5.034,0,LOW
34.53,255.64,0.296,3,4.616,2.434,0,1,7.13,30.99,115.15,3.15,84.68,17.55,0.572,-1.65,0.085,388.7,543.6,1.092,1,HIGH
27.79,20.24,-0.61,1,16.619,3.297,3,0,10.62,222.48,506.33,18.7,100.0,95.0,0.98,-6.48,0.052,29.9,195.5,0.62,1,CRITICAL
26.44,227.43,0.34,1,1.054,3.434,1,0,4.77,28.32,97.43,3.16,74.76,13.11,0.516,-1.13,0.109,110.3,852.4,1.723,0,LOW
42.31,275.27,-0.491,2,1.362,3.759,2,0,7.3,39.21,76.22,8.55,72.53,14.66,0.676,-5.85,0.091,128.3,182.5,0.958,1,HIGH
34.46,280.27,0.337,3,1.46,3.795,2,1,4.65,109.47,252.59,13.8,100.0,45.47,0.914,-0.86,0.126,157.7,166.6,0.448,1,CRITICAL
29.21,277.24,-0.124,3,4.603,0.316,0,2,6.81,163.04,445.11,18.76,100.0,95.0,0.98,-8.23,0.113,407.1,344.7,0.491,1,CRITICAL
16.9,81.46,-0.431,1,9.4,0.604,0,2,9.07,231.13,635.92,40.09,100.0,95.0,0.98,-7.48,0.098,5.2,2743.5,0.918,1,CRITICAL
32.99,351.14,0.203,2,12.818,3.487,1,1,9.96,113.83,288.59,19.85,100.0,51.95,0.94,-4.61,0.059,43.7,195.8,0.504,1,CRITICAL
10.37,358.27,0.325,2,10.203,3.979,2,2,5.79,45.38,186.89,9.78,100.0,33.64,0.439,-1.48,0.097,224.3,101.8,2.77,0,LOW
25.92,27.21,-0.153,1,7.403,1.361,0,2,8.51,16.94,87.39,3.09,78.28,14.35,0.373,2.51,0.333,186.8,535.6,1.697,0,LOW
21.75,337.12,0.252,2,16.478,0.135,1,3,10.21,59.29,110.31,5.66,88.67,17.61,0.646,0.19,0.226,847.2,1009.1,1.85,0,LOW
7.64,104.2,-0.8,1,1.65,1.423,2,1,9.89,14.24,108.36,3.11,87.48,18.77,0.236,-5.17,0.089,16.1,797.4,5.393,0,LOW
27.83,248.14,-0.462,4,10.369,1.67,0,3,8.07,3.73,21.23,0.69,56.32,2.6,0.356,-3.49,0.347,98.5,954.6,1.178,1,HIGH
15.72,121.72,0.452,3,5.01,3.22,0,1,6.2,163.65,420.19,19.03,100.0,75.63,0.978,-7.97,0.109,421.3,15.4,0.802,1,CRITICAL
27.47,348.39,-0.078,2,0.646,0.295,1,2,5.98,43.11,121.4,5.02,84.62,18.49,0.503,-5.31,0.05,911.0,37.7,1.415,0,LOW
12.25,36.54,-0.652,1,0.163,0.972,1,2,5.65,46.13,161.92,9.89,96.98,33.8,0.437,-3.6,0.112,1444.0,707.3,2.229,0,LOW
34.64,179.19,-0.245,2,0.845,3.765,2,3,7.43,61.07,162.12,6.53,100.0,36.51,0.726,0.85,0.364,96.6,239.4,0.521,1,CRITICAL
50.31,154.1,-0.323,2,5.28,0.735,3,1,5.69,39.03,137.17,4.37,89.14,26.69,0.768,-2.59,0.144,253.5,270.1,0.513,1,CRITICAL
10.37,117.37,-0.058,5,3.496,3.213,0,2,8.99,38.2,151.78,4.98,99.75,27.25,0.321,-2.25,0.163,886.0,228.0,2.125,0,LOW
12.24,232.39,-0.13,4,0.889,1.581,3,1,8.0,160.34,345.7,28.08,100.0,81.47,0.958,-3.83,0.053,1059.4,83.1,0.48,1,CRITICAL
9.23,47.18,0.063,1,4.741,2.817,1,3,7.9,110.23,243.97,15.45,100.0,43.91,0.663,-5.75,0.216,35.1,1260.3,2.084,0,MODERATE
19.61,258.0,-0.024,4,0.533,0.403,2,3,3.45,15.54,63.99,1.92,61.69,7.11,0.359,-1.69,0.27,122.5,591.3,1.587,0,LOW
27.24,353.01,0.476,2,6.038,1.275,3,0,7.56,22.42,54.85,2.63,66.16,6.53,0.501,-1.03,0.063,370.4,175.4,1.887,0,LOW
31.93,289.64,0.149,1,5.532,1.842,2,1,6.49,70.24,191.66,6.85,100.0,34.5,0.699,3.54,0.162,229.2,403.4,0.613,1,CRITICAL
25.64,309.61,0.16,4,12.587,3.615,0,0,12.27,55.02,162.94,8.61,100.0,29.33,0.583,0.01,0.071,240.3,337.7,0.713,1,CRITICAL
31.41,129.47,0.408,1,0.57,2.41,0,0,4.68,94.45,177.31,11.17,100.0,31.92,0.83,1.03,0.081,157.7,291.4,0.712,0,HIGH
21.31,116.96,-0.136,3,8.299,0.285,2,3,7.05,84.54,190.34,10.69,100.0,44.41,0.67,-2.82,0.203,520.7,1478.0,0.932,1,HIGH
15.61,186.14,-0.442,4,1.46,3.388,1,1,8.34,80.14,197.39,6.5,100.0,45.15,0.564,-1.48,0.094,18.7,269.5,0.865,1,HIGH
12.44,16.46,0.422,3,1.883,0.324,2,1,5.36,137.94,363.66,21.29,100.0,65.46,0.942,-3.3,0.074,72.9,427.9,0.994,1,HIGH
20.02,340.33,0.048,5,2.212,3.931,1,2,11.74,94.56,300.28,16.78,100.0,54.05,0.741,-7.56,0.053,340.1,135.7,0.506,1,CRITICAL
12.63,51.76,0.049,4,3.451,0.968,1,2,11.79,18.08,91.34,3.79,85.45,14.05,0.264,-7.72,0.061,479.1,205.2,2.178,0,LOW
26.8,325.08,-0.222,4,18.382,2.1,2,0,5.61,134.05,361.14,14.42,100.0,81.09,0.98,-6.69,0.09,988.1,383.4,0.247,1,CRITICAL
12.76,30.09,-0.216,3,3.207,0.396,2,0,6.2,26.57,81.5,5.55,72.24,13.79,0.335,1.38,0.084,98.3,1174.0,3.592,0,LOW
16.63,296.14,0.296,1,9.147,2.403,2,2,12.22,157.17,411.83,20.52,100.0,74.13,0.933,-5.33,0.208,69.7,1617.9,0.932,1,HIGH
38.42,54.71,0.345,4,1.03,2.139,1,0,10.57,113.02,267.49,21.74,100.0,48.15,0.98,-1.51,0.079,83.7,745.5,0.204,1,CRITICAL
40.36,13.73,0.274,5,1.779,1.782,1,0,6.69,5.0,77.02,1.03,71.69,9.94,0.356,1.96,0.093,80.3,774.4,0.65,1,CRITICAL
39.69,259.02,0.278,3,2.458,0.246,2,1,8.45,95.89,207.25,20.58,100.0,37.31,0.92,-6.33,0.092,181.3,58.0,0.425,1,CRITICAL
21.51,100.9,0.199,5,1.365,3.704,3,3,4.45,45.07,176.65,5.66,99.54,31.65,0.519,1.59,0.273,93.4,1058.1,0.875,0,HIGH
15.99,257.22,0.046,1,13.183,3.391,2,0,12.33,245.52,361.74,28.59,100.0,65.11,0.98,-9.02,0.236,42.0,1338.1,0.965,0,HIGH
29.01,199.83,-0.061,2,4.527,2.695,3,2,7.66,39.86,98.75,5.64,80.39,14.29,0.481,-2.51,0.14,15.4,118.5,1.47,0,LOW
12.93,39.17,0.424,2,2.281,2.446,0,2,8.79,4.51,42.51,0.71,64.42,4.93,0.211,-3.99,0.196,82.7,318.8,4.161,0,LOW
32.76,335.57,-0.131,3,4.87,2.949,3,0,5.44,22.55,74.79,3.98,68.73,11.96,0.471,-1.06,0.067,476.3,226.5,1.37,0,LOW
15.14,162.83,0.129,4,2.205,0.69,2,2,5.0,36.56,138.68,6.47,88.38,22.06,0.447,-2.34,0.196,521.2,616.5,1.574,0,LOW
19.55,264.4,-0.281,2,0.061,3.924,3,1,8.49,58.26,184.03,5.61,100.0,40.12,0.569,-0.37,0.146,250.4,74.1,1.116,1,HIGH
33.15,180.37,-0.231,5,2.742,1.267,1,2,11.72,10.72,62.58,1.78,76.11,9.86,0.445,1.08,0.078,141.0,594.9,0.822,0,HIGH
6.34,217.57,-0.083,3,3.435,2.792,2,3,6.31,47.05,120.34,4.87,84.87,18.38,0.447,1.81,0.381,86.8,847.4,6.604,0,LOW
15.52,109.0,-0.281,3,13.91,2.588,2,0,5.35,42.94,143.06,7.71,90.4,28.43,0.428,-0.18,0.137,11.3,57.4,2.163,0,LOW
27.11,72.13,0.279,4,0.146,2.71,2,2,8.17,117.78,330.85,25.52,100.0,59.55,0.979,-1.52,0.1,1300.2,118.0,0.245,1,CRITICAL
30.27,195.33,-0.472,1,2.512,3.704,1,1,11.1,23.41,77.2,4.4,79.69,13.88,0.455,-2.79,0.148,134.6,59.4,1.435,0,LOW
27.68,158.48,0.035,4,0.362,1.313,1,0,6.1,38.8,159.87,6.88,97.13,27.95,0.56,-2.42,0.051,130.7,742.5,0.671,1,CRITICAL
19.41,140.44,0.046,2,0.565,3.171,2,0,6.95,31.98,106.62,2.91,81.63,15.66,0.39,-1.05,0.081,141.8,9.9,2.216,0,LOW
34.91,242.12,-0.634,2,3.3,2.553,3,2,9.34,65.02,163.82,6.88,100.0,37.29,0.734,-5.6,0.17,419.9,1011.3,0.491,1,CRITICAL
12.18,248.58,-0.154,3,0.922,0.412,1,0,9.58,117.59,236.43,15.26,100.0,56.67,0.843,-0.74,0.207,300.7,346.8,1.168,0,MODERATE
11.85,16.53,0.089,5,4.84,1.798,1,1,6.87,73.18,171.37,15.42,100.0,30.85,0.507,-3.0,0.179,803.3,109.3,1.732,0,MODERATE
26.96,121.95,0.15,3,2.527,3.536,3,2,9.91,40.66,140.58,5.14,97.83,24.76,0.566,-1.53,0.155,21.7,73.6,1.208,1,HIGH
11.33,148.24,-0.072,4,0.862,1.393,2,2,8.66,66.02,161.14,12.8,100.0,29.01,0.53,-6.32,0.105,907.4,75.2,1.832,0,MODERATE
51.22,34.88,0.237,4,2.383,2.077,1,3,7.54,25.28,61.36,2.39,68.2,7.53,0.738,-2.61,0.217,249.3,140.0,0.515,1,CRITICAL
15.79,84.92,-0.038,2,0.05,2.103,0,0,9.49,10.11,44.02,1.75,66.16,5.24,0.264,0.75,0.059,742.3,37.8,3.369,0,LOW
34.57,18.59,0.005,4,6.951,2.634,2,2,9.18,25.04,145.44,4.73,98.07,25.67,0.516,-0.65,0.256,404.2,720.0,0.512,1,CRITICAL
10.11,358.65,0.088,3,0.05,3.724,1,3,5.2,38.12,100.8,5.95,76.61,13.9,0.364,0.11,0.219,1201.9,143.8,4.498,0,LOW
45.62,265.16,0.324,2,0.05,0.812,0,0,10.76,37.6,133.44,7.05,97.07,23.32,0.686,-2.8,0.073,67.1,6.8,0.554,1,CRITICAL
22.34,31.48,-0.237,3,3.309,2.169,2,2,8.26,86.96,210.35,15.77,100.0,48.3,0.604,-2.62,0.152,205.9,717.8,0.747,1,CRITICAL
15.54,7.29,-0.17,2,12.71,1.839,1,0,10.53,179.03,468.96,26.28,100.0,95.0,0.98,-5.04,0.163,781.4,396.8,0.891,0,HIGH
18.64,258.94,-0.234,2,6.781,1.313,1,2,7.61,32.02,97.63,6.44,79.95,17.89,0.443,-0.18,0.092,41.4,14.5,2.233,0,LOW
14.08,158.11,-0.116,2,1.016,3.87,2,2,8.04,5.88,77.15,0.75,74.17,11.01,0.243,-0.67,0.056,424.0,114.9,3.411,0,LOW
19.52,283.25,0.499,2,0.766,0.134,2,3,8.38,2.21,67.15,0.31,71.57,8.65,0.167,-2.2,0.253,686.8,175.2,2.545,0,LOW
10.5,332.45,0.2,4,3.443,0.601,1,1,8.7,0.26,78.98,0.04,75.94,10.8,0.154,-7.61,0.184,131.6,1253.8,2.805,0,LOW
15.83,215.75,-0.396,3,6.053,3.107,0,2,10.86,180.85,522.93,17.78,100.0,95.0,0.98,-4.39,0.221,163.9,250.0,0.796,1,CRITICAL
34.22,67.36,-0.21,4,1.573,1.18,1,0,8.53,353.19,901.1,53.74,100.0,95.0,0.98,-12.46,0.134,499.6,528.4,0.214,1,CRITICAL
24.88,281.59,0.13,2,1.982,3.065,0,1,7.44,3.43,74.2,0.43,72.13,9.63,0.363,0.45,0.142,234.0,674.9,1.94,0,LOW
12.03,344.09,-0.317,4,0.43,3.512,2,1,9.72,28.83,92.55,3.34,82.11,17.14,0.403,0.3,0.052,182.3,333.5,2.2,0,LOW
19.9,208.88,-0.254,1,0.58,1.144,3,1,8.45,71.93,167.09,11.56,100.0,38.71,0.507,-8.35,0.069,89.7,47.9,1.05,1,HIGH
40.6,245.52,0.471,3,2.941,0.887,2,1,14.0,12.82,51.46,1.62,76.67,7.1,0.483,-0.71,0.16,215.1,1225.8,1.151,1,HIGH
16.92,121.49,-0.215,2,0.379,0.696,1,3,8.14,58.66,129.53,11.72,91.1,28.28,0.534,-1.69,0.26,132.0,268.9,1.929,0,LOW
11.25,137.35,0.334,3,0.79,0.92,0,0,10.22,109.2,246.02,15.0,100.0,44.28,0.662,-2.44,0.121,178.4,84.1,2.014,0,MODERATE
29.68,264.48,0.439,2,0.936,1.195,1,0,9.44,126.91,376.28,17.49,100.0,67.73,0.98,-6.82,0.183,531.4,658.0,0.535,1,CRITICAL
4.63,334.0,-0.257,4,2.054,3.662,1,3,2.99,79.66,177.04,17.32,97.03,40.48,0.554,-1.6,0.289,523.1,961.4,3.622,0,MODERATE
18.89,226.44,-0.311,5,0.163,3.257,1,1,5.88,5.54,50.61,0.71,61.78,6.29,0.321,-4.46,0.094,5.9,593.3,1.65,0,LOW
42.46,284.35,-0.097,4,2.424,0.108,0,2,6.53,27.84,67.51,2.74,68.36,8.31,0.557,-0.03,0.342,221.0,265.9,0.643,1,CRITICAL
19.58,61.79,-0.381,2,9.242,3.684,3,0,4.2,222.41,582.4,45.09,100.0,95.0,0.98,-4.56,0.072,842.9,1847.7,0.728,1,CRITICAL
36.02,76.31,0.042,2,0.087,0.423,3,0,6.63,13.92,59.4,2.9,65.94,7.05,0.429,-2.3,0.083,165.4,47.4,1.394,0,LOW
11.16,191.53,-0.072,5,3.489,2.787,2,0,4.48,39.33,117.08,4.39,80.54,16.97,0.38,-0.92,0.138,32.8,71.5,2.396,0,LOW
19.15,63.56,0.126,3,6.324,0.721,0,0,5.06,26.44,101.14,5.38,76.47,13.92,0.364,-4.1,0.071,5.0,144.7,2.328,0,LOW
18.14,228.6,0.489,5,1.311,0.355,3,2,8.03,14.96,74.26,2.23,73.22,9.79,0.365,-2.9,0.088,146.9,63.8,1.615,0,LOW
28.84,105.0,0.286,3,0.494,3.215,0,2,11.72,25.41,91.09,2.19,85.25,13.98,0.591,1.2,0.144,586.6,267.1,1.453,0,LOW
23.02,284.95,0.171,5,0.155,2.016,0,3,4.5,13.66,76.47,2.14,67.58,9.3,0.382,1.34,0.233,625.1,407.6,1.272,0,MODERATE
45.42,290.92,-0.688,5,3.614,2.556,1,0,4.83,136.35,313.22,27.11,100.0,72.74,0.98,-6.67,0.055,303.4,162.5,0.183,1,CRITICAL
16.38,166.96,0.155,4,2.812,1.844,1,1,6.33,12.46,63.17,1.69,66.61,7.57,0.301,-3.0,0.116,855.8,13.8,1.887,0,LOW
22.87,65.09,0.603,1,0.912,0.375,1,2,7.18,63.5,169.33,9.98,100.0,30.48,0.541,-3.86,0.168,21.0,369.9,1.184,0,MODERATE
18.53,232.84,-1.0,3,6.235,3.132,0,0,4.11,185.43,500.51,18.48,100.0,95.0,0.98,-4.75,0.159,129.6,370.2,0.694,1,CRITICAL
21.96,357.4,0.241,5,4.655,3.463,0,2,5.96,198.26,447.52,39.24,100.0,80.55,0.98,-5.5,0.128,440.5,921.0,0.264,1,CRITICAL
20.87,224.13,-0.056,5,1.132,0.27,3,1,5.76,59.63,168.18,5.66,99.18,30.03,0.552,0.84,0.166,512.9,49.0,0.939,1,HIGH
12.85,12.88,-0.297,2,4.899,1.64,1,3,8.2,20.54,118.95,1.91,87.83,21.27,0.254,2.22,0.218,26.9,209.1,3.028,0,LOW
33.24,6.23,0.28,3,0.984,2.385,1,0,8.44,18.52,60.98,3.9,69.7,7.65,0.485,2.94,0.156,247.7,118.6,1.45,0,LOW
14.85,115.33,0.598,4,3.937,2.581,2,0,7.16,89.45,177.62,18.1,100.0,31.97,0.566,2.41,0.054,307.2,48.8,1.288,1,HIGH
14.23,70.48,0.271,3,0.442,2.47,0,1,6.67,256.62,589.8,41.18,100.0,95.0,0.98,-10.28,0.158,70.3,161.4,0.877,1,CRITICAL
7.95,292.7,-0.13,4,4.125,2.941,2,0,5.94,5.25,39.17,0.5,58.22,4.73,0.145,-1.78,0.054,9.5,735.4,4.135,0,LOW
16.1,304.13,-0.33,4,0.955,4.064,1,2,7.61,101.28,322.9,15.84,100.0,70.27,0.749,-4.96,0.168,5.9,120.5,0.373,1,CRITICAL
14.74,93.1,0.051,5,2.974,1.701,2,3,5.35,8.53,32.76,1.78,55.12,3.25,0.193,-3.62,0.373,124.5,1101.6,2.234,0,LOW
3.0,117.23,0.306,1,0.663,2.382,2,0,10.9,23.02,87.25,3.81,82.55,12.96,0.251,1.86,0.191,38.2,530.4,15.563,0,LOW
5.34,85.05,-0.135,1,4.531,2.966,3,0,4.2,54.35,164.24,5.86,95.13,34.65,0.483,-1.24,0.084,237.1,45.2,5.196,0,LOW
19.47,327.02,-0.102,1,0.22,2.529,1,0,6.06,22.93,96.54,4.74,76.79,16.09,0.341,-5.63,0.346,80.5,112.8,2.242,0,LOW
44.36,180.95,0.988,5,0.633,1.686,2,1,9.41,68.29,249.84,13.74,100.0,44.97,0.765,3.92,0.108,115.5,15.7,0.183,1,CRITICAL
8.95,236.21,0.378,3,0.712,2.659,3,1,6.62,35.09,140.8,5.49,91.98,23.31,0.369,-6.44,0.088,118.3,55.3,4.211,0,LOW
21.74,149.57,0.403,1,0.148,2.765,2,2,8.98,16.08,67.33,3.2,72.71,8.81,0.365,-2.41,0.12,749.9,574.7,2.312,0,LOW
19.21,227.17,-0.511,2,4.783,2.498,3,2,11.28,49.21,133.32,4.32,97.96,29.41,0.431,-1.96,0.079,553.7,75.5,1.583,0,LOW
30.92,138.91,-0.248,3,13.863,0.941,3,2,9.33,1.58,50.96,0.23,68.11,6.44,0.411,-4.06,0.066,293.0,155.7,1.606,0,LOW
32.13,122.28,0.026,4,5.274,2.175,2,2,4.86,87.83,282.84,9.22,100.0,50.91,0.837,-1.58,0.064,47.8,518.8,0.221,1,CRITICAL
61.3,228.41,-0.35,4,6.897,3.726,1,2,4.96,48.02,126.85,9.47,84.52,25.06,0.895,-3.7,0.065,22.4,458.2,0.267,1,CRITICAL
25.38,212.78,0.56,4,0.05,3.661,2,1,7.09,190.57,375.0,41.16,100.0,67.5,0.98,-2.95,0.071,123.1,1022.8,0.257,1,CRITICAL
13.6,105.67,0.494,1,0.439,3.178,2,0,8.47,7.05,39.56,1.48,62.91,4.48,0.338,-0.34,0.224,237.0,183.0,4.1,0,LOW
15.84,53.77,-0.187,5,2.866,2.959,2,0,10.15,85.66,285.47,12.89,100.0,61.66,0.561,-9.17,0.091,361.5,205.8,0.513,1,CRITICAL
16.8,132.69,0.624,2,13.338,0.728,2,0,5.77,23.27,62.04,3.53,65.24,7.29,0.427,-5.54,0.05,6.8,45.1,3.079,0,LOW
15.1,149.47,-0.001,4,3.783,1.984,2,1,6.43,30.36,67.09,6.29,68.05,8.22,0.353,0.31,0.079,60.7,150.0,2.03,0,LOW
50.06,226.33,0.906,1,1.64,0.555,2,1,6.95,27.85,121.26,5.04,86.31,18.84,0.612,-0.75,0.494,161.6,840.7,0.607,0,HIGH
31.33,329.23,0.051,1,0.553,3.451,1,0,6.9,28.81,110.17,2.61,82.68,16.4,0.459,-4.34,0.157,124.8,67.2,1.286,0,MODERATE
7.42,13.03,0.202,1,0.581,1.293,0,2,10.79,36.63,166.21,3.59,100.0,29.92,0.368,-3.61,0.106,171.6,208.7,4.133,0,LOW
28.7,87.72,0.49,3,1.577,3.244,3,2,7.27,1.38,44.41,0.29,62.3,4.98,0.377,-1.45,0.061,111.0,834.0,1.803,0,LOW
11.45,69.74,0.447,4,4.379,3.44,3,0,7.84,121.92,347.87,16.0,100.0,62.62,0.778,-8.7,0.099,248.2,112.0,0.611,1,CRITICAL
31.96,180.83,0.179,1,0.113,3.759,2,2,9.51,138.8,449.09,14.74,100.0,80.84,0.98,1.7,0.132,562.8,76.9,0.569,1,CRITICAL
38.99,154.69,-0.049,2,6.691,3.191,1,2,11.0,2.62,35.58,0.48,66.19,4.24,0.563,-3.7,0.251,23.9,3.1,1.351,0,LOW
19.41,262.45,0.18,5,9.939,2.415,0,0,7.42,97.25,243.85,19.76,100.0,43.89,0.708,-3.07,0.104,97.1,1125.4,0.738,1,CRITICAL
15.73,87.27,-0.286,1,7.688,2.553,0,3,10.27,4.88,65.66,0.53,74.5,9.39,0.231,2.88,0.264,86.7,918.1,3.178,0,LOW
46.0,214.02,0.053,2,8.548,1.414,0,0,11.52,107.2,197.42,12.35,100.0,35.54,0.98,-3.8,0.117,220.0,94.0,0.46,1,CRITICAL
14.55,318.19,-0.388,3,0.054,0.826,1,2,7.26,61.7,236.67,12.71,100.0,50.0,0.446,-1.63,0.291,623.7,696.8,1.245,0,MODERATE
13.65,327.84,-0.623,4,13.326,0.636,0,3,6.26,23.78,72.15,1.95,69.36,11.86,0.34,-4.07,0.233,480.0,1629.9,2.135,0,LOW
12.31,345.16,0.018,2,1.597,0.846,1,2,12.31,61.85,194.96,12.81,100.0,35.09,0.387,-3.81,0.208,652.0,163.9,2.221,0,MODERATE
21.15,278.37,0.442,5,7.121,3.929,2,2,9.97,45.92,89.21,3.93,81.49,13.09,0.43,-4.43,0.095,66.9,496.6,1.289,1,HIGH
25.33,326.16,0.324,3,0.724,0.774,3,3,7.53,65.65,214.87,6.13,100.0,38.68,0.571,0.69,0.308,117.9,103.5,0.888,0,HIGH
36.25,84.43,-0.029,3,2.07,3.067,1,0,8.93,41.93,161.27,8.42,100.0,29.03,0.556,-3.71,0.103,90.2,398.2,0.695,0,HIGH
29.4,71.13,0.611,1,0.158,0.857,2,0,5.2,96.35,240.03,11.06,100.0,43.21,0.755,-4.98,0.115,221.1,178.6,0.597,1,CRITICAL
29.15,2.34,-0.199,4,0.143,4.099,3,2,9.94,3.01,50.57,0.34,69.08,6.65,0.358,-3.41,0.082,311.4,430.7,1.029,1,HIGH
42.1,254.46,-0.671,2,10.043,1.603,3,3,3.54,27.43,113.09,5.44,77.56,19.08,0.644,-0.79,0.243,150.3,496.2,0.833,1,CRITICAL
11.96,337.49,-0.764,4,5.824,1.79,1,2,9.86,53.26,137.9,8.3,96.87,30.44,0.564,-0.81,0.11,103.0,569.6,1.695,0,LOW
8.6,67.3,-0.413,2,2.641,1.758,1,3,5.91,57.68,145.41,7.45,92.17,31.05,0.406,-7.35,0.274,279.9,1050.7,3.693,0,LOW
30.16,229.3,0.286,3,2.609,3.447,1,0,3.86,12.08,50.48,2.17,58.11,5.28,0.438,-1.27,0.087,193.2,52.2,1.722,0,LOW
20.6,268.73,-0.222,5,4.835,0.995,0,2,3.1,5.03,85.48,0.97,67.93,11.06,0.35,-0.55,0.194,494.0,144.9,1.399,1,HIGH
36.32,333.94,0.161,4,1.463,3.507,2,3,6.45,1.38,77.54,0.28,71.43,9.97,0.404,2.29,0.302,15.5,83.9,0.749,0,HIGH
21.69,232.87,0.576,2,5.022,2.794,1,1,9.06,34.63,100.43,3.35,83.45,15.09,0.482,-4.95,0.098,373.0,257.9,1.977,0,LOW
15.42,349.31,-0.385,4,2.323,1.003,2,3,4.44,26.07,129.36,4.21,84.39,22.78,0.377,-4.52,0.306,330.4,254.0,1.536,0,LOW
30.4,124.08,0.167,4,3.556,0.368,1,0,4.78,54.53,155.75,9.54,93.45,26.2,0.639,-0.69,0.051,564.2,183.5,0.623,1,CRITICAL
23.19,125.97,0.189,1,11.716,3.277,2,3,6.41,38.8,111.7,3.74,82.29,16.54,0.443,-2.13,0.272,521.9,1977.2,1.806,0,LOW
21.7,195.48,-0.301,3,2.231,0.998,1,3,9.28,32.56,138.58,5.39,96.04,27.87,0.337,1.6,0.26,45.6,644.0,1.474,0,LOW
67.21,138.06,0.474,2,1.897,3.745,2,0,9.55,120.48,194.64,10.18,100.0,35.03,0.98,-0.86,0.108,287.1,43.3,0.644,1,CRITICAL
40.43,0.51,-0.101,3,8.266,0.632,2,1,7.81,63.15,120.05,8.07,87.47,26.48,0.701,-1.76,0.124,259.5,231.5,0.672,1,CRITICAL
32.44,263.44,-0.134,4,8.151,2.627,2,1,9.66,67.52,232.65,7.03,100.0,49.98,0.683,-2.72,0.18,331.9,888.0,0.219,1,CRITICAL
23.59,270.62,0.739,2,17.087,2.938,0,0,9.01,31.26,92.22,4.96,80.73,13.4,0.493,-2.22,0.054,1113.8,82.0,1.877,0,LOW
22.49,268.91,0.183,1,2.801,2.797,1,0,6.58,97.49,167.44,10.41,100.0,30.14,0.839,-3.22,0.063,32.4,280.8,1.223,0,MODERATE
18.6,124.21,0.324,2,1.477,1.396,1,0,9.5,10.72,42.82,2.04,65.8,5.07,0.31,-1.26,0.051,277.8,667.8,2.862,0,LOW
24.89,188.02,0.474,5,0.962,3.69,2,1,4.67,33.42,114.0,3.24,79.9,16.39,0.407,1.69,0.072,254.4,40.4,1.024,1,HIGH
16.62,129.59,-0.228,4,0.121,3.256,0,1,8.57,3.14,64.25,0.58,70.99,8.59,0.229,-6.36,0.354,5.0,765.3,1.818,0,LOW
10.41,5.77,0.437,1,4.541,2.192,2,3,4.93,7.97,35.2,0.75,55.15,3.49,0.185,-2.41,0.237,301.0,52.8,5.541,0,LOW
21.55,202.48,-0.176,3,0.931,2.574,0,1,7.81,5.53,53.64,0.78,66.23,7.06,0.306,-0.8,0.119,192.5,280.2,2.337,0,LOW
25.99,44.55,-0.191,2,3.266,2.422,1,2,10.18,37.86,87.46,6.73,81.31,17.34,0.474,-3.46,0.419,415.2,1415.6,1.561,0,LOW
36.37,28.81,-0.095,4,8.694,3.981,2,0,7.97,77.68,210.09,7.97,100.0,37.82,0.824,-3.47,0.129,394.1,320.2,0.291,1,CRITICAL
13.7,271.98,-0.218,3,10.5,3.775,1,2,7.47,24.37,79.13,4.52,73.77,13.43,0.289,-2.79,0.065,12.5,1040.3,3.344,0,LOW
22.59,3.42,0.288,5,0.05,1.066,1,3,8.0,1.75,25.42,0.37,57.53,2.63,0.399,2.02,0.331,424.5,1126.9,1.441,0,LOW
29.28,345.24,0.094,2,1.335,1.177,2,1,8.96,79.84,141.04,10.56,96.26,24.44,0.66,-3.85,0.114,637.0,252.4,1.083,0,MODERATE
28.93,185.49,-0.172,3,6.357,4.124,2,1,12.19,15.11,90.95,1.21,86.05,15.9,0.422,-3.3,0.48,279.9,1224.7,1.392,0,LOW
48.76,353.89,0.236,4,2.691,1.07,1,2,8.94,83.37,211.9,12.23,100.0,38.14,0.826,-0.92,0.163,569.6,42.3,0.2,1,CRITICAL
18.8,20.88,-0.096,4,5.767,4.009,1,1,6.39,0.48,60.69,0.1,65.93,7.2,0.305,-2.55,0.471,65.3,191.4,1.644,0,LOW
13.01,210.07,-0.115,3,6.718,2.764,2,1,7.04,24.34,79.86,4.21,73.23,13.45,0.328,-2.11,0.227,647.6,971.4,3.529,0,LOW
23.41,125.76,0.017,4,2.046,0.305,3,0,5.52,63.1,213.57,11.26,100.0,38.44,0.613,-5.23,0.066,769.2,341.1,0.629,1,CRITICAL
19.36,303.65,0.162,2,1.556,1.476,1,1,4.77,133.19,280.47,25.43,100.0,50.48,0.876,-4.88,0.16,93.9,566.6,0.735,1,CRITICAL
17.47,130.04,0.136,3,2.127,2.052,2,2,2.5,91.19,252.71,18.89,100.0,45.49,0.75,-3.11,0.105,118.6,19.6,1.166,1,HIGH
16.15,93.78,-0.127,5,3.702,3.516,3,3,6.48,38.81,95.14,3.78,77.12,17.86,0.455,-5.14,0.211,347.5,492.4,1.618,1,HIGH
26.05,308.72,0.296,5,1.601,1.447,2,2,4.41,82.4,219.33,13.4,100.0,39.48,0.693,-3.1,0.117,114.7,853.3,0.556,1,CRITICAL
14.87,134.88,-0.078,4,5.221,1.373,1,0,7.71,50.13,153.43,10.25,97.98,27.06,0.469,-0.92,0.058,1275.8,512.4,1.431,0,LOW
32.43,6.06,-0.229,3,8.202,3.873,2,0,6.38,109.12,206.93,20.58,100.0,50.34,0.861,-8.36,0.165,95.2,1377.0,0.462,0,HIGH
31.63,140.5,-0.514,4,1.161,0.424,0,3,5.11,96.12,234.18,11.04,100.0,53.69,0.785,-4.75,0.236,8.2,533.4,0.223,1,CRITICAL
27.31,235.63,0.344,1,11.732,2.361,1,3,2.87,242.03,465.07,49.0,100.0,83.71,0.98,0.34,0.332,476.5,170.9,0.627,1,CRITICAL
11.94,91.57,0.004,1,3.412,2.167,1,0,6.73,7.21,76.44,0.87,71.58,9.85,0.218,-1.86,0.142,12.4,132.0,4.209,0,LOW
25.42,155.52,0.074,4,7.368,0.335,1,3,3.64,27.08,94.73,3.72,71.87,12.26,0.439,1.11,0.369,1024.7,446.7,1.089,0,MODERATE
37.62,20.42,0.366,2,0.384,0.46,0,3,9.05,13.89,57.52,1.47,69.7,7.22,0.468,-1.55,0.216,256.5,45.4,1.31,0,MODERATE
33.65,211.71,-0.167,5,1.014,1.666,2,1,8.06,64.76,201.17,13.21,100.0,43.98,0.65,-3.32,0.133,162.0,218.7,0.292,1,CRITICAL
31.22,272.27,-0.481,3,1.355,0.65,3,2,7.0,70.9,166.8,6.6,100.0,38.53,0.742,-0.28,0.21,369.3,257.1,0.638,1,CRITICAL
22.41,148.79,0.024,3,1.263,2.06,1,2,10.69,14.81,79.38,3.25,79.65,11.38,0.408,1.5,0.071,352.3,414.4,2.034,0,LOW
21.87,151.28,0.108,4,0.66,2.596,0,1,7.52,35.58,132.62,4.48,90.98,21.72,0.499,-4.14,0.172,137.7,119.3,1.048,0,HIGH
40.77,31.78,-0.092,4,7.093,2.935,2,0,8.35,59.91,181.41,10.75,100.0,32.65,0.761,-5.14,0.077,67.4,1181.5,0.28,1,CRITICAL
25.83,72.7,0.516,3,1.898,2.341,2,1,9.01,69.92,206.88,6.85,100.0,37.24,0.531,-6.02,0.185,521.9,1282.2,0.904,1,HIGH
26.0,55.68,-0.87,2,11.551,1.657,2,3,6.36,7.04,41.72,1.04,59.8,5.34,0.293,-3.54,0.258,714.2,409.5,2.051,0,LOW
68.0,173.41,0.392,4,3.065,0.632,2,2,6.38,165.05,433.94,14.13,100.0,78.11,0.98,-1.66,0.138,1475.8,501.8,0.286,1,CRITICAL
18.57,190.53,0.277,2,0.521,1.115,3,1,7.59,2.25,47.34,0.46,63.81,5.44,0.171,-1.17,0.087,126.4,165.1,2.864,0,LOW
4.99,341.62,0.16,2,2.763,1.82,0,1,4.54,234.64,406.07,33.44,100.0,73.09,0.98,-2.93,0.19,240.9,133.4,2.652,0,MODERATE
20.11,26.36,-1.0,4,17.65,3.889,0,1,11.43,24.72,135.45,4.55,98.91,27.08,0.469,-4.28,0.061,1110.5,141.4,1.017,0,HIGH
20.77,215.95,0.449,1,2.915,0.931,1,1,7.85,24.72,97.46,5.07,80.32,14.09,0.39,-4.2,0.067,148.9,234.6,2.152,0,LOW
25.62,189.54,-0.359,5,0.05,1.795,2,2,7.06,38.39,124.63,3.44,87.58,24.25,0.521,-2.95,0.058,437.6,1191.0,0.845,0,HIGH
28.79,185.84,-0.178,4,9.465,3.102,3,1,12.09,77.17,242.47,11.7,100.0,52.91,0.698,-2.0,0.289,786.6,166.1,0.235,1,CRITICAL
5.67,314.34,-0.06,5,0.937,2.991,3,0,5.08,11.3,54.87,1.2,61.7,6.09,0.26,-1.78,0.1,57.4,153.1,5.623,0,LOW
29.1,73.99,0.143,2,4.083,4.059,3,0,10.88,19.13,71.74,1.72,77.54,10.01,0.442,0.16,0.102,361.0,177.4,1.604,0,LOW
21.46,14.68,0.224,5,2.533,0.883,1,2,9.29,211.83,509.17,35.39,100.0,91.65,0.98,-4.4,0.079,339.9,120.3,0.269,1,CRITICAL
19.05,242.02,0.312,1,1.378,0.168,2,2,9.96,136.13,314.96,13.06,100.0,56.69,0.961,-2.7,0.101,137.9,585.7,0.828,1,CRITICAL
7.64,124.26,0.286,1,1.163,1.422,1,1,7.11,15.52,71.67,2.31,70.74,9.13,0.23,0.2,0.071,1109.7,232.4,6.698,0,LOW
45.12,6.33,0.089,1,9.246,0.714,3,2,7.62,55.31,193.25,5.95,100.0,34.78,0.747,0.43,0.292,564.5,284.0,0.511,1,CRITICAL
17.34,90.49,0.146,3,8.504,2.349,1,2,6.74,14.8,34.08,1.59,58.05,3.56,0.347,-7.65,0.074,1445.5,565.3,3.116,0,LOW
31.44,111.36,-0.382,1,2.519,3.785,0,1,9.69,51.91,146.44,7.95,99.31,32.4,0.799,-2.27,0.258,223.6,472.9,0.699,1,CRITICAL
13.58,222.06,-0.263,3,1.047,2.922,3,3,8.36,29.6,88.66,4.67,78.42,16.07,0.446,0.31,0.254,70.3,233.3,3.205,0,LOW
26.22,62.13,0.313,2,0.378,0.657,2,0,6.27,29.26,113.12,2.35,82.49,16.8,0.464,4.52,0.096,91.7,10.6,1.557,0,LOW
19.22,148.7,0.293,2,0.596,0.576,3,3,6.37,65.52,199.37,9.84,100.0,35.89,0.534,-2.76,0.33,439.0,1004.0,1.31,0,MODERATE
30.94,173.69,0.253,4,2.585,3.837,0,0,7.47,18.86,90.28,3.28,77.33,12.57,0.329,-7.07,0.105,125.7,54.7,0.853,0,HIGH
18.86,165.33,-0.18,2,1.288,2.099,3,1,6.77,33.67,126.56,5.89,87.68,24.02,0.483,1.69,0.075,67.8,832.0,1.905,0,LOW
13.21,350.62,0.319,4,0.15,3.887,2,1,10.67,168.59,254.51,33.55,100.0,45.81,0.98,-7.62,0.096,713.9,621.6,1.031,0,HIGH
21.99,16.38,-0.406,3,2.125,3.118,2,1,9.28,91.52,193.0,18.79,100.0,45.72,0.702,-1.88,0.096,116.8,808.6,0.849,1,CRITICAL
21.4,342.35,0.377,5,4.799,4.173,2,3,9.27,31.42,155.07,5.25,100.0,27.91,0.424,-0.48,0.228,23.8,1010.5,0.95,1,HIGH
25.31,209.5,-0.091,3,7.78,3.672,2,0,8.01,17.01,68.6,2.51,71.38,8.81,0.398,-1.22,0.094,234.1,21.3,1.9,0,LOW
35.78,286.46,0.589,5,3.081,1.798,1,2,5.68,69.93,175.54,7.59,100.0,31.6,0.766,-7.93,0.06,223.7,259.1,0.416,1,CRITICAL
11.49,154.94,-0.533,3,4.497,3.209,0,2,9.03,107.16,335.2,10.47,100.0,73.19,0.81,-4.25,0.275,153.6,26.8,1.071,1,HIGH
34.85,163.38,0.617,5,1.584,2.032,2,0,2.88,128.15,359.98,21.18,100.0,64.8,0.954,-7.69,0.132,165.6,171.7,0.196,1,CRITICAL
10.43,316.56,-0.127,1,2.4,1.056,2,3,7.88,54.0,113.68,11.48,85.57,23.99,0.487,-1.15,0.217,69.5,68.3,3.553,0,LOW
30.33,322.54,-0.133,4,4.578,1.088,0,1,5.71,47.28,155.87,5.62,95.16,32.37,0.59,-4.36,0.175,98.2,388.8,0.523,1,CRITICAL
30.82,85.93,0.068,4,4.552,1.729,1,3,5.54,82.66,191.98,7.76,100.0,34.56,0.734,-8.16,0.225,186.7,430.6,0.466,1,CRITICAL
16.83,71.73,-0.244,1,1.934,0.557,2,2,6.48,12.56,48.14,1.75,62.07,6.89,0.338,0.33,0.123,1002.4,378.3,3.194,0,LOW
13.99,178.64,-0.025,3,2.746,0.829,1,2,7.32,124.25,350.88,9.95,100.0,63.16,0.828,-6.85,0.247,1097.1,113.9,0.891,1,HIGH
13.56,324.1,-0.258,4,9.013,2.152,0,1,7.45,4.99,46.16,0.79,63.18,5.85,0.229,-0.96,0.166,25.5,126.5,2.357,0,LOW
23.12,116.05,-0.245,3,3.499,4.011,3,2,9.24,60.05,217.18,5.22,100.0,46.3,0.601,-4.24,0.06,663.2,165.6,0.77,0,HIGH
31.85,234.73,0.17,1,3.601,2.469,0,0,7.12,57.91,164.43,12.18,100.0,29.6,0.621,-0.19,0.113,162.4,76.2,0.767,1,CRITICAL
20.45,254.93,-0.316,4,5.374,1.775,1,2,7.28,24.19,95.59,4.88,78.69,16.44,0.417,0.38,0.148,172.1,254.9,1.276,0,MODERATE
4.6,280.32,-0.269,1,0.428,1.095,1,0,4.43,2.35,82.86,0.23,69.49,10.65,0.129,-0.65,0.068,124.7,548.5,10.917,0,LOW
16.2,203.01,-0.48,4,2.59,0.903,2,1,4.72,82.25,229.04,8.27,100.0,51.1,0.725,-3.11,0.058,592.3,732.5,0.673,1,CRITICAL
15.88,144.88,-0.176,1,11.217,2.799,1,0,8.13,1.59,61.23,0.34,69.23,7.82,0.246,-2.33,0.063,171.1,10.5,3.277,0,LOW
28.69,348.13,0.459,1,1.571,3.578,3,3,8.89,12.87,115.5,2.5,87.96,18.29,0.36,-4.47,0.464,5.0,20.9,1.335,0,MODERATE
29.46,220.08,-0.296,2,1.223,1.735,2,2,6.93,51.08,142.6,10.82,93.1,30.03,0.607,-3.69,0.199,766.9,440.2,0.927,1,HIGH
24.07,262.28,-0.256,4,3.218,2.358,1,2,9.55,182.85,466.14,23.19,100.0,95.0,0.98,-3.66,0.206,1023.0,275.4,0.267,1,CRITICAL
34.88,124.19,0.068,5,0.875,2.998,1,3,4.4,4.43,23.66,0.42,50.5,2.15,0.322,3.6,0.223,158.6,189.7,0.922,0,HIGH
36.21,241.18,-0.13,1,2.841,0.339,2,2,8.38,56.2,190.23,9.34,100.0,40.99,0.734,-0.9,0.115,160.4,681.5,0.536,1,CRITICAL
16.75,92.81,0.78,1,0.592,1.539,0,0,5.63,25.92,106.25,5.58,79.13,15.13,0.381,0.07,0.103,5.0,304.1,2.655,0,LOW
13.39,88.23,-0.057,3,3.035,3.092,3,2,5.45,71.95,245.21,7.06,100.0,44.14,0.565,-2.91,0.194,63.1,399.4,1.668,0,MODERATE
21.23,257.3,0.117,4,3.228,2.907,1,3,5.82,198.62,337.1,38.66,100.0,60.68,0.98,-3.86,0.244,35.8,184.4,0.294,1,CRITICAL
24.05,187.7,0.33,3,1.897,0.319,2,0,7.32,20.33,65.21,2.65,69.05,8.1,0.411,-6.98,0.112,444.5,158.7,2.039,0,LOW
16.28,245.98,0.324,2,1.689,1.075,2,2,8.47,202.92,337.26,19.52,100.0,60.71,0.98,-7.06,0.12,202.9,1336.7,0.855,1,CRITICAL
68.0,97.0,0.082,3,0.986,2.888,3,2,8.3,132.93,240.0,19.18,100.0,43.2,0.98,-2.1,0.087,95.6,539.9,0.602,1,CRITICAL
43.79,215.54,-0.056,2,1.406,1.213,0,1,6.86,60.72,196.15,9.01,100.0,35.31,0.718,-0.61,0.053,723.7,180.5,0.46,1,CRITICAL
15.42,159.82,0.708,3,2.414,3.439,2,3,8.89,92.29,201.2,7.5,100.0,36.22,0.671,-4.4,0.255,290.9,3107.1,1.766,0,MODERATE
11.78,214.91,-0.035,2,0.996,0.221,0,1,11.21,130.11,312.67,19.05,100.0,56.28,0.875,-7.07,0.104,772.5,25.0,1.151,0,MODERATE
14.72,104.72,-0.155,4,5.345,0.88,3,0,7.24,105.75,243.44,18.05,100.0,56.51,0.736,-3.49,0.053,82.1,252.8,0.607,1,CRITICAL
36.54,257.56,-0.226,5,4.321,1.253,2,3,7.71,25.71,92.69,4.81,78.54,16.19,0.464,-2.8,0.253,563.8,1785.9,0.641,0,HIGH
36.99,290.13,-0.604,4,1.098,3.894,0,2,6.15,108.84,268.06,10.21,100.0,61.31,0.907,-1.03,0.107,540.3,1035.1,0.207,1,CRITICAL
44.06,93.57,0.288,3,0.359,3.365,2,1,6.64,24.45,85.01,4.96,74.15,11.35,0.576,0.07,0.062,636.8,272.0,0.964,1,HIGH
13.15,108.22,-0.822,3,0.05,3.725,1,0,10.25,131.17,347.54,13.57,100.0,78.3,0.893,0.05,0.062,476.2,563.2,0.943,1,HIGH
28.63,238.02,-0.002,1,3.178,1.906,0,3,10.27,19.17,86.67,3.3,81.22,12.67,0.466,1.19,0.421,459.4,208.1,1.559,0,LOW
13.88,250.41,-0.072,4,0.831,3.473,2,0,7.06,55.2,138.96,8.69,92.17,23.05,0.419,-2.99,0.067,529.3,293.7,1.682,0,LOW
48.87,253.48,0.784,3,0.05,3.599,1,1,8.58,76.74,197.25,15.59,100.0,35.5,0.877,-1.86,0.08,633.6,467.0,0.422,1,CRITICAL
13.42,245.77,-0.641,5,1.557,1.74,3,0,9.53,36.06,130.49,3.08,93.9,26.38,0.426,3.16,0.078,154.3,210.7,1.665,0,LOW
10.18,141.41,-0.315,2,11.445,4.177,1,3,6.52,99.3,225.39,10.61,100.0,52.49,0.634,-4.19,0.286,69.2,671.2,1.477,0,MODERATE
11.38,142.15,-0.048,4,4.098,3.59,2,2,4.63,168.68,332.07,16.37,100.0,59.77,0.98,-4.14,0.132,21.0,192.4,0.718,1,CRITICAL
22.04,91.73,-0.069,4,6.826,4.094,3,2,9.02,13.4,63.74,1.69,71.63,8.22,0.319,-1.48,0.245,90.1,103.5,1.356,0,LOW
31.62,56.46,-0.192,2,0.547,3.653,1,2,9.47,2.21,21.73,0.28,59.0,2.57,0.415,-1.2,0.091,556.4,131.9,1.756,0,LOW
30.57,249.33,-0.028,4,0.266,3.282,1,3,9.15,64.02,113.05,5.92,87.64,17.83,0.699,-4.67,0.321,1636.0,1053.3,0.762,1,CRITICAL
11.67,33.55,-0.441,5,0.05,3.97,0,3,6.68,59.92,156.13,9.11,96.98,34.45,0.459,0.87,0.238,154.0,631.8,1.656,0,LOW
17.83,337.61,0.125,5,10.906,1.821,3,2,10.85,27.14,96.53,2.61,85.42,14.84,0.379,-4.04,0.072,176.7,1030.8,1.5,0,LOW
16.54,297.61,-0.813,4,1.249,3.312,3,2,8.13,100.05,229.15,9.05,100.0,53.25,0.801,1.44,0.228,139.6,1198.0,0.6,1,CRITICAL
10.68,308.7,-0.009,1,2.153,0.973,1,1,4.98,113.72,288.49,9.63,100.0,51.93,0.727,0.62,0.103,224.2,5.4,1.403,1,HIGH
16.32,326.4,-0.21,5,1.756,3.104,1,1,3.99,26.22,122.9,5.51,81.51,21.18,0.371,-1.1,0.09,182.0,96.3,1.509,0,LOW
43.11,147.1,0.356,4,4.589,3.32,3,2,6.85,74.53,189.8,10.1,100.0,34.16,0.742,-2.68,0.239,322.6,223.6,0.217,1,CRITICAL
9.8,304.81,0.614,2,1.299,3.038,2,2,7.99,66.77,179.86,7.99,100.0,32.38,0.53,-4.48,0.274,89.9,105.5,3.033,0,MODERATE
24.91,56.9,-0.116,2,2.683,3.584,2,3,6.87,27.27,113.42,4.02,83.65,20.35,0.415,-1.57,0.248,144.4,25.2,1.528,0,LOW
43.62,7.79,0.487,1,18.977,1.795,2,0,11.89,226.11,663.87,23.08,100.0,95.0,0.98,-3.02,0.052,144.2,1186.2,0.512,1,CRITICAL
42.48,282.56,-0.111,1,2.055,2.334,2,2,8.39,27.64,62.2,3.78,70.0,11.15,0.536,-3.46,0.053,107.4,989.2,1.079,1,HIGH
50.02,26.93,-0.338,4,2.805,0.144,3,2,5.36,62.94,142.96,6.71,90.39,30.81,0.831,1.21,0.125,448.2,95.0,0.219,1,CRITICAL
26.19,355.87,0.611,2,2.444,0.699,3,2,2.51,31.09,140.2,3.81,84.37,21.29,0.447,0.74,0.203,217.6,304.1,1.408,0,LOW
28.22,242.93,0.182,1,5.689,2.741,3,0,8.02,0.77,58.97,0.16,68.3,7.25,0.198,-1.48,0.217,229.9,1713.3,1.834,0,LOW
16.49,271.24,0.002,3,1.086,2.406,3,2,9.68,6.25,72.04,0.63,75.47,9.79,0.268,0.67,0.235,77.3,402.0,2.901,0,LOW
9.66,88.49,0.241,3,0.654,0.909,0,1,11.6,17.18,97.54,2.51,87.09,15.29,0.326,-3.83,0.182,154.4,350.2,4.496,0,LOW
20.43,242.59,0.096,2,4.91,1.098,0,2,7.05,108.69,264.62,18.75,100.0,47.63,0.752,-3.63,0.215,118.3,248.6,0.769,0,HIGH
38.82,15.56,-0.024,1,1.88,1.511,3,2,11.29,37.93,102.87,7.91,88.24,16.34,0.568,3.58,0.197,667.3,61.1,0.963,0,HIGH
4.54,301.62,-0.464,2,8.576,3.037,0,1,4.51,57.74,118.24,12.08,80.95,24.16,0.491,0.63,0.197,10.8,54.7,8.439,0,LOW
16.92,61.06,-0.095,4,3.616,2.6,2,2,6.74,187.19,536.27,21.46,100.0,95.0,0.98,-3.7,0.082,53.9,937.5,0.357,1,CRITICAL
29.65,251.05,0.218,1,2.908,0.385,3,3,5.27,10.34,46.37,2.19,59.32,4.95,0.372,-1.23,0.24,302.5,124.7,1.863,0,LOW
22.21,80.81,-0.043,3,0.256,3.216,1,1,9.24,128.65,310.11,16.26,100.0,55.82,0.936,-3.96,0.081,260.1,142.5,0.597,1,CRITICAL
41.29,24.64,0.316,1,4.588,1.177,1,2,4.64,30.99,120.83,6.36,82.01,17.84,0.554,-1.89,0.063,351.2,65.9,0.873,1,HIGH
36.8,173.34,0.134,2,4.055,2.854,0,1,8.38,26.76,104.81,2.49,83.63,15.78,0.652,-3.67,0.082,13.0,224.2,1.06,1,HIGH
8.9,60.94,-0.307,3,3.576,0.606,0,2,4.77,63.85,217.17,6.88,100.0,46.75,0.535,-0.85,0.24,599.7,443.3,2.406,0,MODERATE
23.21,262.6,-0.462,1,1.091,4.191,2,1,11.37,148.79,283.14,13.55,100.0,68.82,0.98,-1.56,0.333,748.5,350.0,0.705,1,CRITICAL
14.28,85.52,-0.055,2,10.264,0.429,0,1,6.68,27.85,75.12,3.39,71.06,9.61,0.358,-2.39,0.063,426.3,15.7,3.463,0,LOW
14.17,123.29,-0.183,2,1.358,3.141,3,2,8.33,93.15,262.92,18.85,100.0,58.5,0.615,-1.89,0.137,53.8,285.1,0.969,0,HIGH
9.35,204.28,0.118,2,0.578,2.319,1,1,3.56,1.26,60.9,0.13,60.9,6.68,0.206,-3.04,0.323,435.5,244.1,5.674,0,LOW
25.3,102.59,-0.251,4,15.254,0.452,2,0,4.21,63.43,162.17,7.07,94.47,35.19,0.682,-2.64,0.069,106.6,136.9,0.633,0,HIGH
41.73,136.08,-0.215,1,4.8,0.21,0,3,5.8,64.72,141.33,7.14,90.66,30.83,0.822,-4.61,0.347,46.2,471.4,0.557,1,CRITICAL
26.49,293.62,0.369,5,1.875,1.587,2,2,9.37,52.78,158.72,6.25,100.0,28.57,0.491,-2.82,0.078,23.7,1264.6,0.717,1,CRITICAL
8.97,64.52,0.052,4,9.616,3.389,1,2,8.95,180.55,496.95,14.92,100.0,89.45,0.98,-4.51,0.092,13.5,542.5,0.645,1,CRITICAL
21.53,29.59,-0.246,4,0.334,0.269,0,2,9.89,181.36,513.38,25.27,100.0,95.0,0.98,-3.32,0.248,517.2,89.2,0.291,1,CRITICAL
29.04,118.21,0.006,2,0.321,2.988,2,3,4.18,27.21,125.86,5.9,82.8,18.76,0.439,-3.28,0.205,518.6,474.4,1.326,0,MODERATE
20.67,152.78,0.483,4,4.015,2.787,3,0,8.62,39.62,118.56,5.65,88.45,18.87,0.493,-0.8,0.098,9.4,73.8,1.185,1,HIGH
26.24,195.36,0.103,2,0.686,1.189,0,0,6.27,102.18,312.46,19.81,100.0,56.24,0.887,-5.63,0.106,352.1,355.9,0.58,1,CRITICAL
14.96,134.07,0.208,1,8.717,0.418,1,1,5.72,120.73,339.9,19.32,100.0,61.18,0.834,-2.82,0.235,82.1,1466.7,1.024,0,HIGH
19.36,284.37,-0.263,1,6.422,3.853,2,2,6.32,35.18,73.69,2.89,69.95,13.5,0.373,3.62,0.118,70.6,1601.2,2.42,0,LOW
18.7,14.16,0.359,5,1.28,1.331,3,0,7.24,27.9,77.22,4.52,72.75,10.11,0.419,-2.69,0.282,231.2,966.2,1.558,0,LOW
45.63,155.44,0.811,2,7.689,0.557,0,2,8.95,111.68,209.19,23.73,100.0,37.65,0.98,-6.77,0.081,171.4,206.0,0.46,1,CRITICAL
11.83,137.61,-0.277,5,0.153,2.894,0,0,9.97,30.74,67.73,4.84,74.62,12.79,0.334,0.43,0.104,58.7,549.3,2.413,0,LOW
5.01,233.13,-0.414,2,2.784,0.988,0,2,8.65,33.77,106.9,5.2,84.77,20.36,0.313,-1.16,0.052,5.0,83.7,8.092,0,LOW
44.15,347.86,0.061,5,9.597,2.05,1,2,8.89,9.47,81.99,1.65,77.24,11.4,0.467,-0.24,0.409,109.0,1198.2,0.55,1,CRITICAL
23.64,183.74,0.306,5,6.768,0.307,0,0,11.51,50.89,185.34,10.28,100.0,33.36,0.575,0.96,0.071,145.6,273.2,0.747,1,CRITICAL
10.34,355.28,-0.032,5,1.541,4.171,1,0,9.03,25.69,110.56,4.09,86.64,17.24,0.349,-3.49,0.261,180.5,378.4,2.553,0,LOW
35.15,108.81,-0.369,3,0.707,1.935,1,2,7.03,58.05,166.61,7.95,100.0,36.96,0.723,-4.06,0.091,146.9,218.7,0.541,1,CRITICAL
29.97,11.11,-0.038,5,0.827,4.196,2,2,8.78,38.65,91.74,3.29,80.16,13.24,0.604,-0.61,0.064,134.0,240.9,0.868,0,HIGH
49.42,59.64,0.209,5,2.529,1.681,0,2,11.26,89.63,263.5,8.56,100.0,47.43,0.936,-0.39,0.094,925.4,211.2,0.186,1,CRITICAL
24.65,142.24,-0.142,2,3.179,1.526,2,1,5.59,21.15,52.72,3.61,61.92,8.41,0.342,-1.03,0.081,707.0,290.9,2.054,0,LOW
67.31,113.88,0.213,3,0.117,3.85,0,3,6.55,12.27,59.49,2.04,65.83,7.05,0.643,-1.62,0.443,139.0,882.9,0.783,1,CRITICAL
20.77,34.94,0.408,4,1.868,1.451,1,2,10.69,78.9,244.02,8.95,100.0,43.92,0.747,-1.97,0.168,794.3,838.9,0.624,1,CRITICAL
30.0,155.76,0.084,2,6.21,1.871,1,0,6.86,31.51,94.72,5.69,77.66,13.24,0.578,0.0,0.069,25.5,185.1,1.458,0,LOW
32.26,121.72,-0.01,4,2.057,0.42,0,1,9.18,53.9,127.95,6.42,92.47,21.3,0.695,-5.9,0.112,5.0,54.5,0.648,1,CRITICAL
68.0,44.14,0.29,1,0.649,4.017,3,2,10.34,184.04,395.02,22.58,100.0,71.1,0.98,-7.36,0.139,112.5,268.8,0.736,1,CRITICAL
17.3,106.6,-0.3,3,10.843,0.449,1,0,4.74,43.02,96.26,3.81,74.33,18.04,0.538,-2.28,0.119,57.4,2.4,2.441,0,LOW
16.98,319.12,-0.334,1,1.084,3.262,2,3,6.6,10.75,37.04,1.69,58.74,5.21,0.281,0.31,0.399,341.3,620.4,3.274,0,LOW
32.61,108.74,-0.093,2,5.606,2.308,2,2,10.15,36.16,74.89,4.35,77.24,10.41,0.559,3.51,0.06,275.6,1.2,1.406,0,LOW
9.78,257.02,-0.172,2,0.754,0.352,2,0,7.22,42.32,103.37,8.24,81.08,20.17,0.431,-2.33,0.053,1027.1,104.0,4.176,0,LOW
14.22,220.34,-0.281,4,1.926,0.107,2,3,3.06,94.4,291.27,18.14,100.0,63.76,0.749,-2.47,0.276,392.6,73.3,0.423,1,CRITICAL
20.45,153.79,0.641,2,2.36,3.936,0,1,6.38,14.11,56.13,1.38,64.44,6.51,0.361,-3.14,0.159,140.6,929.9,2.551,0,LOW
48.63,86.05,0.76,4,2.43,3.143,0,1,9.25,27.69,99.43,2.84,83.46,14.94,0.696,-0.11,0.183,87.7,3431.7,0.421,1,CRITICAL
32.62,132.85,-0.124,4,2.543,2.914,1,2,10.31,3.34,25.27,0.42,61.64,3.2,0.378,-4.01,0.069,15.7,71.1,0.974,0,HIGH
23.13,213.16,0.032,3,0.892,1.898,1,2,7.61,78.69,190.83,12.69,100.0,34.35,0.668,-2.8,0.067,85.9,378.4,1.143,0,MODERATE
16.38,126.27,-0.066,2,2.539,1.078,1,1,8.56,88.55,198.74,11.33,100.0,35.77,0.658,-5.35,0.196,56.4,787.0,1.587,0,MODERATE
58.58,77.36,0.388,2,2.3,2.887,2,0,6.69,39.71,143.89,5.12,93.08,24.11,0.71,-7.28,0.083,511.5,195.5,0.549,1,CRITICAL
21.45,41.93,0.457,3,0.819,2.594,0,1,9.49,50.23,165.8,5.0,100.0,29.84,0.383,4.53,0.136,110.4,132.4,1.407,0,LOW
14.21,316.72,-0.622,1,15.536,3.078,3,2,10.64,90.06,252.94,11.44,100.0,56.34,0.716,-1.0,0.063,322.3,154.9,1.074,0,MODERATE
64.35,158.51,0.167,3,7.023,1.6,0,2,9.19,20.31,101.3,2.96,83.96,15.31,0.705,0.42,0.179,292.3,175.5,0.612,1,CRITICAL
10.07,225.07,-0.457,5,7.649,4.146,1,2,7.24,60.7,182.92,13.22,100.0,40.21,0.521,-0.14,0.309,17.1,133.3,1.707,0,MODERATE
42.39,176.55,0.615,2,4.049,0.375,3,2,8.46,215.93,468.55,42.61,100.0,84.34,0.98,-1.96,0.335,6.4,31.1,0.462,1,CRITICAL
22.35,314.12,0.154,3,0.61,0.427,0,1,9.6,69.74,227.55,13.32,100.0,40.96,0.635,-2.19,0.109,164.9,1131.9,0.983,0,HIGH
32.58,196.9,-0.288,5,2.938,3.859,3,2,7.56,5.29,72.9,0.84,71.94,10.07,0.434,0.86,0.072,728.3,1036.3,0.844,1,CRITICAL
29.57,173.08,-0.084,5,6.03,2.756,0,0,9.26,22.29,80.06,2.91,77.29,11.14,0.502,-2.9,0.062,285.5,860.7,0.919,1,HIGH
32.33,332.86,-0.101,5,0.138,1.438,0,0,8.31,47.59,152.71,9.52,98.83,32.88,0.549,-2.58,0.073,544.4,655.4,0.481,0,HIGH
67.37,259.09,0.184,4,2.397,3.224,1,2,10.62,4.9,86.9,0.63,81.93,12.81,0.74,-5.14,0.128,12.6,620.7,0.323,1,CRITICAL
62.05,40.16,0.365,2,1.765,1.956,1,0,9.04,73.37,203.98,11.96,100.0,36.72,0.98,-2.16,0.096,133.1,550.8,0.555,1,CRITICAL
14.67,63.97,-0.402,5,0.834,0.187,2,0,6.4,69.03,174.59,8.01,100.0,39.71,0.519,-3.91,0.102,17.0,860.5,1.146,0,MODERATE
28.98,283.36,0.644,5,1.663,2.77,0,0,10.59,135.86,352.62,25.64,100.0,63.47,0.979,-4.25,0.101,116.8,25.3,0.216,1,CRITICAL
7.06,300.91,0.562,3,14.365,1.097,0,0,8.51,45.05,133.62,6.85,93.08,22.39,0.32,-0.03,0.176,93.6,660.9,5.427,0,LOW
34.16,196.27,-0.306,3,4.496,0.573,0,1,7.19,76.58,120.95,15.72,86.65,28.05,0.788,-1.98,0.192,712.4,912.4,0.844,0,HIGH
38.36,199.6,0.025,3,1.246,1.024,1,1,4.52,13.06,63.1,2.08,63.33,7.19,0.463,1.11,0.051,477.3,470.8,1.275,0,MODERATE
5.07,227.5,0.599,2,3.254,2.052,3,0,8.01,0.19,13.94,0.02,53.88,1.35,0.02,-2.68,0.25,459.7,849.8,11.412,0,LOW
21.89,158.08,0.432,2,0.991,0.304,1,0,11.54,12.29,77.68,2.69,80.62,11.27,0.309,-0.49,0.089,7.1,158.9,2.111,0,LOW
32.55,244.87,-0.118,4,3.303,3.721,2,0,2.5,4.18,61.7,0.63,59.24,7.08,0.362,-2.88,0.072,198.5,201.9,0.921,0,HIGH
26.84,39.05,0.285,3,7.927,2.396,0,1,2.5,36.28,129.83,4.18,81.04,18.94,0.501,-2.37,0.492,28.6,423.9,1.456,0,LOW
10.2,346.06,1.0,3,2.849,1.301,0,2,9.19,41.06,110.59,5.18,86.93,17.3,0.31,-2.79,0.06,562.1,68.7,4.125,0,LOW
10.93,270.06,0.037,1,4.626,2.917,2,0,8.02,67.22,251.85,6.52,100.0,45.33,0.529,-5.08,0.081,168.5,95.5,1.627,0,MODERATE
20.49,227.22,-0.221,4,2.114,3.397,3,2,8.98,9.86,71.37,0.89,74.0,10.69,0.388,-2.43,0.24,28.6,2298.6,1.407,0,LOW
17.29,113.88,0.06,2,2.599,2.617,3,0,6.34,15.71,87.84,2.25,74.52,11.78,0.326,-0.07,0.102,1151.8,696.8,2.725,0,LOW
18.25,57.94,0.086,1,4.157,0.93,2,0,2.79,104.07,206.92,22.19,100.0,37.25,0.796,-5.57,0.258,95.1,53.9,1.242,0,MODERATE
9.31,147.36,-0.184,4,5.857,0.552,1,1,5.67,55.85,136.37,5.43,88.84,28.51,0.532,-3.98,0.072,62.4,55.8,2.33,0,LOW
22.56,238.17,0.155,3,3.77,3.626,0,1,10.93,1.94,80.2,0.4,80.34,11.6,0.285,1.87,0.092,232.8,224.3,2.009,0,LOW
48.83,228.14,-0.439,1,13.279,1.062,2,0,6.51,122.63,316.6,23.49,100.0,71.7,0.98,-0.11,0.054,185.5,2754.3,0.516,1,CRITICAL
10.49,137.75,-0.233,3,5.998,0.182,1,0,6.53,64.59,204.41,12.46,100.0,44.54,0.524,-0.41,0.098,89.8,1661.2,2.157,0,MODERATE
19.54,220.78,0.265,4,5.255,2.736,3,0,2.5,13.43,84.2,2.41,66.44,10.07,0.279,2.8,0.05,374.3,288.0,1.514,0,LOW
30.66,292.95,-0.614,4,6.527,0.727,2,2,3.53,18.88,69.0,3.07,63.44,10.14,0.405,1.83,0.08,95.7,262.5,0.928,1,HIGH
7.89,9.46,0.316,3,1.156,4.163,3,1,9.94,52.42,132.5,5.08,95.29,22.73,0.323,-2.47,0.15,118.5,400.4,4.792,0,LOW
22.68,162.22,-0.704,2,1.98,3.666,2,0,6.93,53.48,179.61,8.59,100.0,38.75,0.663,2.7,0.153,337.1,488.0,0.962,1,HIGH
37.76,273.08,-0.606,4,2.909,2.595,2,2,9.68,106.32,187.81,13.74,100.0,46.56,0.975,0.57,0.095,237.2,138.4,0.205,1,CRITICAL
11.95,196.61,-0.175,5,2.172,3.519,1,0,5.84,28.86,85.05,2.73,72.73,14.6,0.293,-1.96,0.051,95.4,84.3,2.338,0,LOW
23.9,234.53,0.1,4,6.581,2.029,2,0,4.27,51.8,122.84,9.97,82.0,18.13,0.601,-1.61,0.061,717.0,763.6,1.033,1,HIGH
36.34,186.0,0.464,4,0.096,3.333,0,0,6.93,56.78,165.91,8.89,100.0,29.86,0.634,-3.99,0.072,355.3,196.7,0.407,1,CRITICAL
65.56,357.07,0.02,3,0.821,2.751,2,0,6.24,53.17,188.07,9.8,100.0,33.85,0.894,-2.5,0.051,100.8,18.0,0.555,1,CRITICAL
23.24,19.66,-0.086,4,7.471,0.217,2,0,5.67,4.92,47.22,0.72,60.31,5.13,0.314,-5.18,0.07,555.9,877.4,1.367,0,LOW
14.41,176.78,0.203,5,0.213,3.99,2,3,5.72,34.43,118.12,5.41,83.1,17.67,0.365,-3.35,0.259,105.0,596.8,1.81,0,LOW
6.34,32.91,-0.305,4,0.901,3.63,2,3,7.2,26.9,51.27,4.83,64.37,9.17,0.245,0.25,0.211,1040.3,574.8,4.864,0,LOW
14.49,57.52,0.049,5,1.514,4.009,2,1,6.42,320.49,723.18,36.72,100.0,95.0,0.98,-10.17,0.211,668.1,474.5,0.379,1,CRITICAL
8.96,137.89,-0.42,3,4.862,3.099,0,1,5.45,40.74,131.06,8.09,86.75,25.35,0.38,-2.8,0.055,143.5,240.5,4.122,0,LOW
50.89,55.99,0.029,5,2.875,1.789,3,1,11.47,37.14,130.59,5.16,97.44,22.9,0.777,-0.55,0.17,304.6,985.5,0.262,1,CRITICAL
35.19,346.93,-0.045,4,10.823,0.949,0,1,8.51,42.97,131.01,7.7,92.24,21.75,0.544,-2.78,0.097,214.7,204.6,0.566,1,CRITICAL
10.92,340.84,-0.281,5,0.905,0.838,3,2,7.85,163.59,426.49,20.56,100.0,95.0,0.98,-1.59,0.126,475.2,140.3,0.493,1,CRITICAL
13.92,121.0,0.058,1,7.198,0.694,2,1,7.35,61.45,130.82,10.96,90.1,21.22,0.516,0.56,0.103,555.4,349.1,2.75,0,MODERATE
23.03,230.31,0.055,4,1.164,1.004,3,0,8.96,32.04,96.81,2.76,82.11,14.31,0.5,-3.39,0.095,278.6,280.2,1.151,1,HIGH
37.61,192.15,0.411,4,0.986,2.358,2,0,8.67,158.41,461.4,33.28,100.0,83.05,0.98,-5.46,0.141,227.1,15.4,0.206,1,CRITICAL
29.02,293.61,-0.562,2,2.415,2.903,2,3,5.22,172.71,537.66,32.84,100.0,95.0,0.98,-4.54,0.221,116.1,152.2,0.542,1,CRITICAL
27.54,225.88,-0.027,4,0.259,1.388,1,0,4.13,19.95,85.79,3.45,69.89,10.79,0.437,-3.26,0.103,644.8,216.1,1.024,0,HIGH
24.77,0.09,-0.266,4,1.698,2.35,2,3,2.5,32.49,113.39,4.07,75.78,19.37,0.532,2.23,0.332,260.9,706.3,0.982,0,HIGH
11.3,274.74,0.304,2,1.538,1.499,1,2,11.44,220.67,404.87,43.69,100.0,72.88,0.98,-6.64,0.063,19.6,228.0,1.197,0,MODERATE
23.19,268.87,0.264,3,0.611,2.956,2,1,6.52,50.62,163.58,9.49,99.08,29.17,0.449,0.06,0.058,309.2,1263.6,1.306,0,MODERATE
21.67,183.5,0.178,3,6.901,4.153,0,0,8.8,36.74,126.98,5.27,91.48,20.91,0.406,-5.68,0.124,67.0,607.3,1.73,0,LOW
8.87,325.05,-0.246,3,1.707,2.925,2,1,7.94,14.13,51.47,1.52,65.77,7.79,0.193,-3.41,0.315,42.7,769.5,5.72,0,LOW
50.23,327.04,0.31,1,14.045,0.342,1,1,9.51,31.54,137.71,3.3,96.18,23.84,0.637,-4.54,0.095,1195.1,995.6,0.537,1,CRITICAL
15.6,188.61,-0.536,1,8.049,2.057,1,2,7.36,64.84,153.84,9.62,97.47,34.77,0.615,-5.61,0.185,635.2,98.0,1.651,0,MODERATE
9.03,218.88,-0.607,1,0.758,3.259,3,2,4.58,2.57,74.59,0.49,67.11,9.32,0.172,-2.54,0.101,364.3,729.8,5.694,0,LOW
17.17,358.75,-0.447,2,2.462,2.323,3,1,5.22,5.65,21.4,1.02,51.24,2.65,0.267,-0.39,0.071,247.7,96.6,3.317,0,LOW
19.11,107.58,-0.012,2,3.223,3.999,2,1,6.73,0.35,16.77,0.05,52.48,1.58,0.243,2.63,0.103,136.2,358.8,3.012,0,LOW
21.31,116.86,0.236,4,5.982,0.325,3,2,4.01,16.06,63.47,1.74,62.53,7.14,0.378,-2.03,0.097,106.5,164.4,1.451,0,LOW
18.93,65.8,-1.0,3,7.589,1.294,0,3,5.62,13.14,73.86,1.49,68.75,10.72,0.281,-1.26,0.223,114.9,309.8,2.522,0,LOW
21.99,322.51,0.463,4,3.424,1.005,1,3,4.86,123.66,301.88,10.89,100.0,54.34,0.886,-2.83,0.235,168.7,106.6,0.367,1,CRITICAL
24.08,268.02,0.046,1,0.125,3.247,1,2,6.78,13.32,94.44,1.39,77.42,13.16,0.35,-3.29,0.09,117.2,1464.8,1.888,0,LOW
23.41,38.03,-0.549,3,2.297,2.248,1,0,6.41,70.35,171.02,5.75,100.0,39.23,0.635,-2.67,0.207,71.3,493.5,0.975,1,HIGH
27.43,353.44,0.035,2,7.564,0.667,1,0,7.76,8.19,84.13,1.43,75.89,11.49,0.332,3.86,0.079,681.6,129.9,1.674,0,LOW
28.31,263.15,0.382,4,4.382,1.271,2,1,9.38,58.52,190.46,9.5,100.0,34.28,0.552,-1.4,0.257,398.2,121.5,0.54,0,HIGH
28.69,306.19,0.21,4,7.145,2.243,1,2,6.97,37.18,153.82,8.12,96.76,26.79,0.562,3.27,0.051,287.0,77.3,0.659,1,CRITICAL
32.54,17.33,0.385,5,3.924,4.184,1,1,4.19,34.15,94.21,6.38,72.7,12.33,0.525,-1.82,0.061,163.7,675.5,0.811,1,CRITICAL
14.61,181.79,-0.478,1,0.158,1.594,2,2,2.99,126.22,271.61,14.45,100.0,64.04,0.904,-5.28,0.052,456.8,293.9,1.047,1,HIGH
14.93,251.5,-0.145,4,12.048,0.743,0,2,7.86,11.93,87.65,2.14,77.19,13.61,0.303,1.17,0.167,49.2,1011.4,1.871,0,LOW
37.7,195.46,-0.324,3,8.754,2.138,1,0,6.04,58.79,157.54,4.8,96.28,34.36,0.721,0.78,0.061,42.0,0.5,0.538,1,CRITICAL
17.47,239.99,0.601,4,0.474,1.372,0,3,7.15,112.14,306.81,24.45,100.0,55.23,0.857,-4.68,0.268,862.5,308.9,0.508,1,CRITICAL
20.65,294.43,0.224,3,0.418,2.42,3,1,8.22,81.34,281.65,13.5,100.0,50.7,0.802,-1.92,0.17,799.0,300.4,0.758,1,CRITICAL
19.64,134.76,0.996,3,2.711,2.014,1,0,10.67,266.18,600.98,25.75,100.0,95.0,0.98,-6.68,0.104,309.1,1823.8,0.661,1,CRITICAL
64.32,305.52,-0.164,1,4.952,2.927,3,2,3.66,0.14,74.99,0.02,65.58,8.87,0.66,-4.65,0.058,175.5,581.0,0.855,0,HIGH
13.16,58.65,-0.254,4,1.685,3.849,2,3,5.27,140.22,337.91,29.68,100.0,77.65,0.921,-7.31,0.345,617.1,348.6,0.448,1,CRITICAL
13.01,97.52,-0.05,2,0.513,0.922,1,2,7.31,61.78,180.09,12.29,100.0,32.42,0.576,-2.95,0.068,376.9,391.7,2.245,0,MODERATE
22.03,15.6,0.482,1,2.501,3.467,0,2,4.99,0.16,16.4,0.02,49.23,1.45,0.24,1.67,0.058,410.0,540.5,2.726,0,LOW
19.95,131.19,-0.128,1,1.441,3.992,2,3,4.22,40.72,141.82,5.52,87.99,27.35,0.492,0.11,0.317,294.5,1130.0,1.621,0,LOW
10.86,136.77,0.044,5,1.517,1.632,3,1,10.38,94.81,254.72,18.91,100.0,45.85,0.725,-5.39,0.052,713.3,29.7,1.38,0,MODERATE
21.04,289.9,0.034,2,3.625,0.566,0,2,5.19,13.1,108.63,2.7,79.11,15.47,0.381,-4.27,0.127,104.3,29.9,2.055,0,LOW
22.37,235.13,0.014,5,7.588,3.47,0,0,4.62,73.75,172.61,15.34,98.55,30.62,0.644,-4.86,0.094,86.7,103.5,0.855,1,HIGH
16.47,157.22,-0.228,5,2.862,2.974,1,0,4.97,9.78,89.21,2.08,72.5,12.82,0.303,-3.79,0.096,248.3,262.4,1.718,0,LOW
20.34,234.76,-0.048,5,4.072,0.972,1,2,9.89,105.75,275.69,15.87,100.0,49.62,0.775,-5.52,0.181,120.9,193.4,0.581,1,CRITICAL
13.93,19.0,-0.063,5,3.775,1.925,3,2,5.97,54.63,200.38,10.96,100.0,36.07,0.446,-7.36,0.054,16.3,24.0,1.314,0,MODERATE
10.87,64.9,-0.003,5,2.804,2.47,2,1,4.45,2.24,30.47,0.29,52.76,2.89,0.271,-7.35,0.158,915.4,410.5,3.066,0,LOW
17.39,225.7,0.33,2,1.303,0.796,0,1,5.65,6.19,25.3,1.22,53.27,2.43,0.248,-7.72,0.148,654.9,833.7,3.269,0,LOW
11.94,230.89,0.616,2,1.661,3.031,3,3,7.39,129.62,279.65,16.67,100.0,50.34,0.821,-7.67,0.376,5.0,25.9,1.361,0,MODERATE
9.59,278.69,-0.294,4,1.328,2.929,1,1,9.46,2.18,26.42,0.36,60.49,3.14,0.167,1.67,0.119,567.3,333.2,3.482,0,LOW
6.17,145.08,-0.137,3,8.732,3.737,2,3,9.28,23.05,107.47,3.36,86.09,19.42,0.23,7.35,0.214,204.3,1797.0,6.657,0,LOW
25.0,260.12,-0.289,1,6.133,2.426,2,3,5.79,54.39,172.36,11.15,100.0,37.55,0.536,2.76,0.204,196.9,23.2,0.8,1,CRITICAL
17.06,246.23,0.065,4,3.031,2.455,0,2,6.33,15.61,56.34,1.39,64.43,6.53,0.228,-0.89,0.097,51.3,156.9,1.841,0,LOW
37.82,346.82,-0.188,3,8.516,2.639,0,0,12.13,16.5,53.45,3.51,73.93,9.09,0.407,-3.47,0.152,61.3,262.5,1.209,1,HIGH
17.88,77.45,0.084,5,7.613,1.223,0,0,9.69,97.26,302.67,14.07,100.0,54.48,0.72,-4.22,0.053,92.3,85.7,0.586,1,CRITICAL
24.94,198.6,0.386,4,9.194,3.21,3,1,6.95,22.35,107.41,3.29,81.87,15.83,0.434,-1.3,0.073,227.4,360.5,1.025,1,HIGH
15.16,216.64,-0.884,3,0.878,2.816,2,2,2.5,2.56,51.04,0.5,55.83,5.44,0.15,3.92,0.168,184.6,859.8,3.504,0,LOW
21.66,359.51,0.172,3,4.424,3.54,0,1,6.49,83.0,167.75,14.38,100.0,30.2,0.697,-5.34,0.071,90.5,205.1,1.379,0,MODERATE
6.2,72.43,-0.161,3,3.289,3.251,2,2,4.58,200.66,503.28,42.85,100.0,95.0,0.98,-5.21,0.088,459.2,4.0,1.946,0,MODERATE
17.24,188.36,0.161,5,4.633,2.718,2,2,5.6,115.92,362.37,18.14,100.0,65.23,0.794,-3.28,0.16,121.3,428.0,0.372,1,CRITICAL
13.21,124.63,-0.314,1,1.07,0.76,0,1,5.38,51.7,184.58,8.18,100.0,39.43,0.415,-2.45,0.095,61.4,962.7,1.675,0,LOW
35.81,189.32,0.419,3,4.154,3.869,1,2,6.99,35.96,96.51,7.77,78.47,13.63,0.563,-6.94,0.168,149.4,709.7,1.16,0,MODERATE
24.08,83.57,0.32,4,1.846,1.606,2,1,7.65,168.51,433.59,35.34,100.0,78.05,0.98,-5.26,0.075,342.7,473.3,0.267,1,CRITICAL
33.22,17.14,0.199,3,6.287,4.054,0,0,5.89,94.47,241.91,10.32,100.0,43.54,0.81,-6.47,0.304,109.5,672.3,0.456,1,CRITICAL
39.98,206.12,0.278,2,5.553,1.748,3,0,4.69,54.96,184.14,6.76,100.0,33.15,0.742,3.42,0.058,107.4,175.2,0.467,1,CRITICAL
16.44,120.91,-0.261,2,0.831,0.698,2,0,7.11,137.72,350.42,23.07,100.0,79.6,0.944,-2.53,0.161,34.5,299.3,0.847,1,CRITICAL
23.53,65.5,-0.217,2,0.711,3.728,0,2,6.4,59.84,144.24,12.66,92.68,31.24,0.674,0.39,0.056,30.0,218.5,1.21,1,HIGH
11.26,116.62,0.263,2,4.427,3.36,3,2,3.33,236.0,442.35,37.49,100.0,79.62,0.98,-8.13,0.199,97.1,18.4,1.201,0,MODERATE
26.97,17.74,-0.269,5,2.798,3.324,0,2,8.84,127.01,259.56,23.19,100.0,61.96,0.88,-4.86,0.062,356.0,126.7,0.227,1,CRITICAL
29.06,342.16,0.506,3,2.851,0.467,3,2,5.9,51.97,172.25,4.84,100.0,31.01,0.571,2.87,0.121,216.1,309.1,0.922,0,HIGH
25.99,209.21,-0.113,2,4.887,3.705,1,2,6.91,166.52,335.89,25.51,100.0,80.44,0.98,-1.97,0.082,487.9,466.7,0.584,0,HIGH
16.43,293.32,0.176,3,6.758,2.545,2,2,7.02,27.25,93.79,2.74,77.64,13.11,0.446,-0.69,0.124,354.7,8.8,2.759,0,LOW
52.66,152.32,0.735,1,0.956,2.028,2,2,7.47,78.46,194.84,9.14,100.0,35.07,0.925,0.59,0.054,284.3,1176.7,0.53,1,CRITICAL
22.33,325.19,-0.247,5,2.838,3.844,1,1,7.82,12.21,51.05,1.26,65.42,7.48,0.323,3.46,0.221,43.1,409.4,1.353,0,LOW
68.0,173.99,0.024,3,6.18,2.831,1,2,4.63,146.72,344.07,15.15,100.0,61.93,0.98,-0.34,0.15,690.1,809.3,0.602,0,HIGH
11.3,206.62,0.369,5,7.217,0.645,2,2,8.19,18.53,93.83,4.06,79.76,13.47,0.298,1.05,0.084,8.4,91.8,2.484,0,LOW
30.52,177.05,0.333,2,1.186,2.23,2,0,6.74,193.48,506.4,23.56,100.0,91.15,0.98,-2.2,0.101,884.6,444.4,0.526,1,CRITICAL
36.37,263.98,-0.115,4,0.385,2.71,1,1,9.89,1.11,36.61,0.18,64.51,4.39,0.357,-2.05,0.129,455.6,38.0,0.841,0,HIGH
11.44,204.0,-0.181,2,0.928,3.784,3,2,9.29,74.44,201.89,6.16,100.0,45.27,0.592,-2.2,0.127,81.4,271.2,1.753,0,MODERATE
19.12,97.78,-0.082,1,10.183,1.248,2,2,10.41,10.57,95.47,2.04,84.29,14.49,0.332,0.29,0.132,1185.4,537.7,2.302,0,LOW
8.92,52.39,0.507,1,2.173,3.356,1,0,5.44,95.76,187.54,16.78,100.0,33.76,0.684,-2.32,0.063,166.5,487.1,3.077,0,MODERATE
40.77,218.2,-0.098,4,1.898,3.379,2,0,10.33,44.01,183.47,4.93,100.0,33.02,0.687,-0.82,0.176,457.1,119.7,0.274,1,CRITICAL
20.92,176.1,0.027,2,0.05,0.625,1,1,7.71,156.26,421.79,13.29,100.0,75.92,0.98,-4.68,0.099,753.3,53.0,0.689,0,HIGH
13.24,34.55,-0.149,3,0.183,0.171,3,0,9.02,81.61,164.99,9.67,100.0,39.49,0.573,-9.66,0.179,192.8,197.7,1.924,0,MODERATE
36.61,142.42,0.247,4,3.867,2.484,1,0,8.98,95.04,253.57,15.97,100.0,45.64,0.98,-1.41,0.261,270.9,424.2,0.208,1,CRITICAL
22.0,185.32,0.054,2,3.119,3.337,0,0,8.51,8.34,83.32,0.69,76.98,11.55,0.408,-1.1,0.059,297.8,42.2,2.112,0,LOW
34.02,297.68,-0.351,2,2.999,2.373,0,0,5.11,6.6,92.29,0.6,73.72,13.04,0.491,-1.01,0.085,245.2,816.7,1.286,0,MODERATE
27.88,27.4,-0.339,4,0.409,3.435,3,1,9.6,123.55,306.05,16.97,100.0,69.91,0.93,1.83,0.111,57.5,315.4,0.24,1,CRITICAL
12.18,125.46,-0.7,3,1.519,2.651,1,2,8.27,16.63,88.05,1.74,78.07,14.37,0.245,-0.64,0.062,96.7,877.5,3.681,0,LOW
16.11,296.16,-0.291,4,5.856,2.778,1,0,4.26,131.1,268.07,22.08,100.0,63.99,0.89,-5.83,0.074,31.8,471.3,0.373,1,CRITICAL
13.46,233.43,0.278,3,0.673,0.215,2,2,6.44,10.0,92.93,1.04,76.32,12.77,0.272,0.32,0.054,160.2,1644.5,3.417,0,LOW
10.83,104.38,0.463,3,7.5,0.463,1,2,4.83,23.97,57.42,5.25,62.07,6.42,0.349,-1.47,0.141,57.4,304.4,4.799,0,LOW
7.45,304.32,0.24,2,0.453,3.073,1,2,4.36,171.69,433.46,24.21,100.0,78.02,0.98,-1.84,0.105,53.9,582.0,1.789,0,MODERATE
58.11,177.59,0.194,5,0.649,3.228,2,1,9.38,119.0,260.65,11.99,100.0,46.92,0.98,-5.07,0.053,34.3,303.1,0.204,1,CRITICAL
25.74,179.41,-0.044,5,2.274,2.323,0,0,4.25,3.63,56.32,0.33,60.66,6.15,0.307,-3.31,0.079,154.1,83.5,1.192,0,MODERATE
27.78,351.57,0.271,5,10.171,2.52,2,3,4.59,38.63,143.06,5.37,89.05,22.93,0.518,-3.32,0.242,27.2,42.2,0.781,1,CRITICAL
38.74,340.96,0.1,3,1.399,2.619,1,2,11.85,156.42,436.87,30.23,100.0,78.64,0.98,-8.65,0.084,366.1,121.1,0.428,1,CRITICAL
16.02,129.07,0.632,4,3.758,0.53,2,2,6.51,0.97,20.02,0.14,53.13,1.91,0.239,-2.31,0.051,645.0,388.6,2.122,0,LOW
9.34,50.61,-0.034,3,3.109,2.838,1,0,8.95,7.38,69.39,0.74,73.31,9.16,0.178,2.63,0.077,105.2,805.7,5.245,0,LOW
32.47,117.24,0.47,3,0.567,2.062,2,0,9.97,67.35,190.69,10.0,100.0,34.33,0.651,-4.36,0.057,512.1,68.8,0.698,1,CRITICAL
10.33,10.97,0.306,4,0.998,2.57,0,0,9.2,7.21,52.83,0.92,68.47,6.51,0.272,-4.74,0.05,248.9,1160.7,3.057,0,LOW
32.06,7.48,0.257,2,9.315,2.409,1,0,7.83,38.72,145.55,5.82,95.67,25.06,0.575,-3.29,0.085,145.8,293.1,0.944,1,HIGH
8.43,142.39,-0.704,2,0.715,3.228,1,0,7.42,46.08,148.16,6.21,95.76,31.07,0.467,-1.57,0.089,468.3,315.7,3.715,0,LOW
9.86,338.77,0.325,2,4.156,1.406,1,0,8.68,127.92,351.57,21.84,100.0,63.28,0.876,-5.62,0.247,434.1,14.3,1.363,0,MODERATE
15.1,313.69,-0.045,4,11.703,1.631,1,1,7.01,205.12,324.08,39.49,100.0,58.33,0.98,-5.12,0.061,789.3,1571.3,0.536,1,CRITICAL
31.43,184.12,-0.155,3,0.445,1.706,2,2,9.03,46.66,185.28,9.52,100.0,38.95,0.635,-1.5,0.146,790.7,28.2,0.62,1,CRITICAL
49.06,203.48,-0.519,3,1.783,3.226,2,2,6.93,46.42,94.78,8.53,77.8,18.84,0.742,-2.12,0.074,334.5,154.2,0.661,1,CRITICAL
27.76,2.14,-0.002,5,0.887,1.868,1,0,7.18,84.34,271.05,10.94,100.0,48.79,0.738,-3.11,0.105,682.3,450.0,0.359,1,CRITICAL
15.45,77.58,0.012,3,0.877,0.826,0,3,11.64,13.9,86.7,1.98,83.7,13.06,0.426,2.93,0.245,15.8,461.7,2.899,0,LOW
35.55,8.92,-0.456,2,0.443,4.13,2,2,6.44,183.81,342.91,31.22,100.0,83.78,0.98,-4.43,0.103,58.9,251.2,0.486,1,CRITICAL
8.26,271.63,-0.516,4,3.67,2.123,3,0,7.54,0.08,61.23,0.01,68.17,7.52,0.199,-3.18,0.165,102.4,914.6,3.782,0,LOW
12.58,52.43,0.17,4,4.801,0.548,0,0,8.45,0.12,55.84,0.02,68.07,6.84,0.159,0.68,0.051,440.7,182.1,2.492,0,LOW
23.17,312.86,0.305,1,3.953,2.848,0,0,8.59,63.87,162.22,10.92,100.0,29.2,0.581,-2.63,0.082,12.3,75.7,1.214,0,MODERATE
33.03,231.6,0.067,4,9.05,3.131,1,2,8.14,27.15,97.84,4.67,80.97,14.26,0.473,-1.56,0.083,397.2,19.2,0.756,1,CRITICAL
19.67,82.59,0.403,1,0.551,2.151,1,0,4.75,33.0,60.22,4.18,62.82,6.81,0.463,0.67,0.058,310.9,65.9,2.723,0,LOW
18.5,56.78,-0.03,3,1.349,2.75,1,0,7.86,16.27,111.83,2.67,84.93,17.09,0.349,1.83,0.051,588.8,1396.4,2.244,0,LOW
19.11,225.94,-0.019,2,1.479,0.808,3,1,8.03,34.05,72.14,3.67,72.55,9.42,0.408,-4.73,0.152,13.5,167.0,2.563,0,LOW
38.56,324.3,-0.321,2,0.924,1.608,2,2,10.01,114.41,264.67,12.19,100.0,61.37,0.98,0.84,0.221,272.0,481.3,0.472,1,CRITICAL
13.99,258.61,-0.546,3,0.537,0.763,1,1,9.13,78.1,198.44,14.65,100.0,45.09,0.581,-2.92,0.08,29.5,1558.7,1.54,0,MODERATE
12.07,125.48,0.649,5,2.334,1.688,3,1,10.15,6.46,41.1,0.86,66.43,4.91,0.322,-1.47,0.135,16.3,976.0,2.641,0,LOW
18.94,211.46,0.396,4,6.294,2.407,0,0,5.29,3.79,36.09,0.59,56.08,3.64,0.329,-3.8,0.476,825.5,315.9,1.739,0,LOW
41.36,111.87,-0.487,5,10.818,1.914,0,1,5.31,45.86,123.33,5.55,84.02,24.16,0.692,-0.25,0.064,70.4,39.7,0.426,1,CRITICAL
14.95,359.69,0.055,4,0.485,2.532,1,1,8.22,85.15,223.71,9.62,100.0,40.27,0.606,-6.46,0.076,58.7,571.3,1.047,1,HIGH
19.08,269.58,-0.035,1,6.064,2.157,0,1,9.99,70.99,250.48,13.43,100.0,45.09,0.688,-1.27,0.186,581.6,63.6,0.827,1,CRITICAL
8.18,221.18,-0.096,2,6.092,1.403,2,1,7.06,129.74,394.01,24.8,100.0,70.92,0.913,0.33,0.05,104.9,72.0,1.634,0,MODERATE
19.53,152.37,-0.143,5,1.724,0.688,1,0,5.87,9.3,71.62,1.83,68.49,9.94,0.315,-2.17,0.122,526.1,952.0,1.502,1,HIGH
25.07,222.53,0.133,4,0.408,1.136,2,0,3.98,60.5,134.6,12.08,85.23,20.65,0.665,0.29,0.102,310.6,494.8,0.925,0,HIGH
10.34,122.98,0.286,5,16.121,0.923,2,0,8.3,94.41,245.95,12.99,100.0,44.27,0.66,-2.88,0.152,58.9,1198.7,1.512,0,MODERATE
38.6,10.39,0.141,2,3.731,3.0,1,0,7.25,180.57,509.66,34.9,100.0,91.74,0.98,-8.29,0.11,205.3,1429.2,0.472,1,CRITICAL
24.89,142.23,-0.042,2,14.099,3.462,2,0,6.55,6.91,30.17,0.89,56.44,3.06,0.286,-1.04,0.108,302.8,277.6,2.237,0,LOW
16.32,334.97,-0.055,3,2.313,3.054,2,0,9.49,17.81,83.33,1.56,78.75,11.81,0.369,-2.02,0.149,359.3,497.6,2.825,0,LOW
24.99,225.47,0.328,2,1.76,2.739,3,1,7.31,28.46,81.25,5.02,74.16,10.84,0.316,0.47,0.114,184.2,478.8,1.881,0,LOW
28.63,30.22,0.162,2,0.994,1.362,0,0,7.5,50.58,120.54,5.46,87.08,18.89,0.523,-3.12,0.392,122.8,53.8,1.324,1,HIGH
6.75,318.6,0.025,3,14.381,3.015,1,3,9.48,34.14,113.74,4.89,88.46,18.11,0.272,-0.64,0.296,832.6,434.3,6.168,0,LOW
25.51,96.79,-0.013,4,1.022,2.581,3,3,12.32,128.32,363.51,13.21,100.0,65.43,0.946,-6.41,0.332,151.3,52.8,0.256,1,CRITICAL
40.6,87.76,0.121,2,0.084,0.292,1,1,6.52,195.41,478.21,26.34,100.0,86.08,0.98,-4.03,0.094,329.8,871.7,0.465,1,CRITICAL
13.88,106.95,-0.164,1,2.514,3.821,0,1,5.57,4.72,58.92,0.96,63.88,7.34,0.191,-1.24,0.304,508.0,1185.9,3.838,0,LOW
16.52,207.79,0.288,4,1.657,0.428,2,3,5.32,78.19,171.08,12.97,99.33,30.59,0.614,-3.08,0.248,51.8,221.7,1.18,0,MODERATE
18.12,196.09,-0.377,3,1.06,2.161,1,1,8.55,7.89,51.07,0.79,66.73,7.08,0.278,-1.28,0.084,184.7,532.6,2.791,0,LOW
33.22,176.91,-0.144,3,3.524,2.204,2,2,5.1,148.35,443.38,26.94,100.0,95.0,0.98,-4.9,0.274,224.9,541.3,0.456,1,CRITICAL
11.46,258.31,0.214,3,1.585,3.532,3,2,6.68,9.96,87.84,1.98,75.13,11.88,0.174,-1.05,0.088,236.4,23.2,4.091,0,LOW
27.93,113.95,-0.397,5,1.801,3.844,2,3,6.87,309.99,561.45,32.02,100.0,95.0,0.98,-7.89,0.236,45.2,80.2,0.222,1,CRITICAL
18.31,281.54,-0.551,3,0.082,3.953,2,1,10.92,36.28,87.84,6.68,82.77,17.44,0.478,-4.36,0.115,7.3,976.4,2.268,0,LOW
50.26,63.12,0.022,5,3.113,2.436,1,0,10.12,31.28,102.73,4.91,86.1,15.92,0.79,-5.07,0.201,306.3,99.4,0.381,1,CRITICAL
18.92,281.74,-0.594,3,0.456,2.884,2,0,4.12,57.37,141.31,9.44,87.63,29.17,0.611,-3.58,0.082,272.0,638.9,1.729,0,LOW
4.5,238.97,-0.455,2,0.842,0.463,2,2,10.99,32.6,131.84,6.89,96.96,26.92,0.281,-2.64,0.192,337.3,403.3,7.661,0,LOW
30.72,245.95,0.265,3,4.42,2.1,1,1,4.82,17.39,79.2,1.48,69.03,9.84,0.454,-9.06,0.064,70.7,563.0,1.526,0,LOW
27.18,173.36,-0.072,3,1.315,3.781,1,0,7.85,64.48,157.73,10.92,99.61,28.28,0.64,-2.44,0.065,115.4,72.5,1.09,1,HIGH
24.32,240.12,0.45,3,0.624,1.968,2,0,5.66,84.71,194.55,7.74,100.0,35.02,0.711,2.61,0.098,236.6,734.4,1.051,0,MODERATE
40.03,28.73,-0.422,4,3.015,0.385,1,2,6.65,188.91,591.04,36.0,100.0,95.0,0.98,-3.25,0.074,16.6,205.0,0.202,1,CRITICAL
7.42,306.56,-0.033,2,0.847,0.923,1,1,5.34,34.2,126.29,7.03,85.03,19.33,0.344,-2.31,0.103,64.8,1999.9,5.547,0,LOW
12.7,20.0,0.14,4,1.106,1.861,1,2,11.19,79.52,226.16,7.33,100.0,40.71,0.512,-4.83,0.051,595.5,255.4,1.244,0,MODERATE
21.6,53.55,-0.41,4,3.399,1.074,0,2,7.19,116.57,319.43,9.75,100.0,71.49,0.825,-7.78,0.076,46.9,172.0,0.29,1,CRITICAL
23.62,207.64,0.361,4,4.713,1.708,1,1,8.0,115.71,254.92,24.74,100.0,45.89,0.865,-1.29,0.286,50.2,69.5,0.48,0,HIGH
19.88,266.19,0.179,3,4.71,1.465,3,0,5.14,2.27,30.8,0.48,54.11,3.0,0.39,-0.18,0.219,357.5,32.7,2.754,0,LOW
8.26,27.45,-0.563,5,2.304,1.408,2,3,4.39,28.57,78.79,5.98,68.11,13.09,0.341,-4.86,0.202,601.9,960.1,3.503,0,LOW
16.62,331.48,-0.013,3,2.12,0.474,2,0,6.52,0.88,29.9,0.19,56.31,3.03,0.292,1.19,0.181,990.9,58.6,3.287,0,LOW
48.43,350.5,0.135,1,5.423,3.719,0,2,8.65,53.23,167.83,7.98,100.0,30.21,0.748,-0.17,0.097,506.7,955.6,0.515,1,CRITICAL
11.12,218.14,-0.207,4,0.751,2.94,0,2,7.23,130.2,369.33,28.22,100.0,82.1,0.912,-5.48,0.186,348.9,359.6,0.525,1,CRITICAL
21.33,173.25,-0.518,2,0.578,2.656,0,2,9.64,109.65,289.96,22.47,100.0,65.35,0.833,-4.12,0.076,608.6,488.5,0.679,1,CRITICAL
27.99,266.9,0.097,4,3.825,2.587,0,2,7.77,108.38,212.57,10.15,100.0,38.26,0.907,-2.74,0.114,194.8,740.1,0.482,1,CRITICAL
32.72,118.21,0.774,2,1.844,1.726,2,1,7.51,28.18,93.45,5.46,78.43,13.19,0.511,-0.38,0.392,96.4,351.2,1.319,0,MODERATE
30.65,177.58,-0.135,1,4.333,3.476,1,2,8.68,3.08,37.7,0.55,62.68,4.62,0.388,-4.0,0.082,356.6,305.2,1.794,0,LOW
15.93,329.81,0.549,2,1.038,3.913,1,0,7.72,12.3,91.47,1.22,78.17,12.87,0.265,-0.03,0.223,146.2,687.1,2.888,0,LOW
12.66,344.04,-0.263,3,1.375,0.123,3,2,9.58,72.2,189.56,13.23,100.0,42.78,0.654,-2.5,0.218,132.2,242.0,1.847,0,MODERATE
50.47,333.74,0.075,1,7.945,0.425,1,0,8.72,9.34,55.4,1.38,68.43,6.82,0.526,1.39,0.063,155.3,36.8,1.019,1,HIGH
34.4,94.48,0.27,2,1.917,2.867,2,3,9.5,8.7,63.82,1.74,72.53,8.33,0.371,0.53,0.222,274.7,448.1,1.4,0,LOW
22.46,83.69,-0.003,4,3.129,1.068,1,3,9.08,28.37,65.11,5.52,72.17,8.46,0.43,-1.62,0.211,651.2,16.2,1.323,0,MODERATE
43.61,107.16,-0.104,4,0.395,3.838,1,2,10.49,6.45,40.07,1.37,66.71,5.59,0.575,0.96,0.077,850.4,411.7,0.662,1,CRITICAL
8.16,158.87,0.254,4,0.69,2.836,2,1,9.32,26.01,137.93,2.35,95.92,23.81,0.261,-5.49,0.109,297.4,321.7,2.857,0,LOW
9.38,113.1,0.662,4,0.128,1.61,0,0,11.34,227.26,634.36,40.78,100.0,95.0,0.98,-6.68,0.261,10.3,163.8,0.618,1,CRITICAL
4.6,134.72,0.105,3,1.933,1.803,0,1,6.31,1.31,73.37,0.17,69.84,9.22,0.156,-3.66,0.09,146.5,190.6,10.765,0,LOW
23.47,223.43,-0.181,5,15.759,2.933,0,2,9.34,115.39,217.29,21.77,100.0,52.96,0.799,-4.9,0.403,38.9,273.1,0.409,0,HIGH
24.08,274.51,-0.066,3,7.247,0.678,1,2,4.46,328.57,654.7,54.0,100.0,95.0,0.98,-9.19,0.091,228.7,304.1,0.561,1,CRITICAL
8.83,264.8,0.882,3,3.508,3.722,2,1,9.58,37.27,137.11,5.57,96.13,23.72,0.413,-5.1,0.121,140.9,248.6,4.19,0,LOW
33.75,293.19,0.047,4,6.909,0.12,2,2,7.62,186.27,464.61,15.01,100.0,83.63,0.98,-2.54,0.318,374.5,224.1,0.215,1,CRITICAL
5.96,11.59,-0.208,2,3.156,4.114,1,1,9.56,19.67,92.55,3.25,81.83,15.99,0.193,0.28,0.124,257.4,176.2,7.383,0,LOW
26.28,17.18,-0.401,4,1.61,0.787,1,3,11.19,262.21,766.82,36.41,100.0,95.0,0.98,-7.96,0.239,56.5,469.3,0.25,1,CRITICAL
29.51,284.18,-0.639,3,0.667,3.143,3,1,9.26,128.52,271.98,16.26,100.0,64.38,0.951,-9.56,0.11,46.7,236.9,0.488,1,CRITICAL
23.32,191.91,0.127,1,3.705,0.264,0,0,6.59,140.41,267.06,30.67,100.0,48.07,0.98,-5.27,0.113,29.5,172.0,0.703,1,CRITICAL
8.04,208.13,0.229,1,0.751,1.869,2,2,5.11,9.08,83.55,1.62,70.93,10.67,0.22,-1.5,0.059,380.0,1048.5,6.206,0,LOW
39.8,18.93,-0.139,2,1.891,2.684,3,3,8.68,132.65,298.25,20.64,100.0,69.6,0.974,-0.46,0.241,113.0,90.3,0.468,1,CRITICAL
16.23,91.91,-0.005,5,6.116,0.388,1,1,6.87,184.88,510.28,37.28,100.0,91.85,0.98,-6.31,0.11,162.5,70.6,0.342,1,CRITICAL
16.26,229.81,-0.41,5,0.484,1.918,0,1,8.96,111.12,331.48,12.42,100.0,73.0,0.789,-0.98,0.171,156.3,674.6,0.341,1,CRITICAL
14.45,309.31,0.047,3,0.483,1.343,3,2,6.39,6.23,66.88,1.04,67.89,8.17,0.215,-2.59,0.05,301.2,55.3,3.457,0,LOW
31.2,330.11,0.169,2,0.889,2.143,1,3,5.46,5.76,64.85,1.15,65.57,7.65,0.423,0.11,0.335,13.2,142.4,1.607,0,LOW
15.79,180.15,-0.187,2,2.81,2.169,1,3,6.97,28.77,125.78,2.8,87.79,23.33,0.318,0.24,0.225,122.7,194.5,2.341,0,LOW
10.48,196.37,0.592,4,1.015,3.319,2,1,8.6,79.33,212.69,8.97,100.0,38.28,0.565,-1.34,0.151,28.5,151.8,1.627,1,HIGH
35.82,299.9,-0.293,2,2.448,0.606,1,2,7.77,0.81,24.35,0.07,56.78,2.59,0.33,-3.61,0.168,13.9,596.6,1.558,1,HIGH
21.05,193.54,0.099,5,1.258,0.439,3,2,5.71,195.57,493.04,42.82,100.0,88.75,0.98,-6.02,0.207,23.9,99.1,0.274,1,CRITICAL
36.47,186.07,0.297,4,2.47,1.748,0,1,11.46,48.45,139.5,7.82,100.0,25.11,0.694,-0.7,0.293,153.2,526.6,0.474,1,CRITICAL
21.92,325.83,-0.027,5,1.138,3.739,2,1,7.19,28.84,102.63,4.28,80.79,14.93,0.439,-5.73,0.234,331.6,155.2,1.207,0,MODERATE
13.88,284.38,-0.066,3,13.694,3.607,2,2,2.52,53.55,154.5,6.82,88.98,24.75,0.469,-0.3,0.13,174.1,874.2,2.629,0,LOW
6.6,327.27,-0.5,4,2.375,2.396,2,1,9.55,81.77,224.77,11.69,100.0,50.27,0.498,-5.87,0.153,78.6,939.1,1.905,0,MODERATE
23.53,78.57,0.475,4,4.764,3.744,2,0,7.48,20.75,106.88,3.91,82.66,15.9,0.369,-4.99,0.147,294.9,147.1,1.092,1,HIGH
18.14,188.78,-0.059,4,4.22,3.402,3,0,7.12,22.36,72.91,4.66,71.16,9.34,0.369,-2.98,0.108,63.2,408.6,1.642,0,LOW
31.89,303.29,0.188,4,2.361,1.24,3,2,7.08,41.04,138.18,3.89,91.96,22.87,0.532,-3.73,0.167,133.2,750.5,0.636,1,CRITICAL
15.37,40.01,0.235,3,0.955,0.797,1,1,7.09,72.05,164.64,8.79,100.0,29.64,0.56,-2.19,0.098,850.0,34.2,2.063,1,HIGH
26.7,286.08,-0.22,4,2.502,1.335,2,3,11.17,79.65,254.64,8.48,100.0,55.39,0.656,-2.13,0.337,495.1,378.3,0.248,1,CRITICAL
21.43,65.87,-0.069,5,3.999,1.031,0,0,8.52,25.46,95.69,3.59,80.96,13.94,0.362,-1.53,0.159,685.5,1686.8,1.256,0,MODERATE
13.17,290.92,0.467,5,2.156,2.653,1,1,8.07,25.31,138.93,3.9,93.99,23.5,0.259,-4.16,0.104,48.2,202.8,1.782,0,LOW
16.09,220.32,-0.391,4,0.299,2.498,0,3,6.92,43.4,149.05,7.85,95.16,30.74,0.46,0.95,0.258,271.5,586.3,1.226,0,MODERATE
9.25,69.56,0.745,1,0.064,2.554,2,2,11.3,50.75,142.43,10.28,100.0,25.64,0.43,-2.05,0.132,103.9,715.9,3.67,0,LOW
52.29,170.41,-0.261,1,1.391,0.876,1,1,9.35,68.13,131.01,10.62,93.76,30.29,0.864,-0.24,0.082,474.7,612.2,0.557,1,CRITICAL
26.4,245.49,-0.413,5,0.57,3.347,2,3,9.68,62.5,196.71,9.28,100.0,42.91,0.606,-8.18,0.265,169.7,1344.5,0.49,1,CRITICAL
8.85,228.19,0.046,1,8.283,1.878,1,2,8.11,30.29,81.68,4.87,75.74,11.14,0.293,-0.47,0.234,373.4,656.4,5.516,0,LOW
50.9,153.81,0.773,2,0.677,2.037,3,2,9.7,22.9,81.72,4.68,78.61,11.56,0.607,-3.09,0.08,104.6,1217.7,0.806,1,CRITICAL
11.03,323.77,-0.669,2,1.755,4.188,1,3,8.37,23.92,128.72,4.09,91.25,24.01,0.287,0.22,0.294,19.9,118.2,3.327,0,LOW
15.22,186.93,-0.049,4,4.358,1.257,3,0,6.68,67.39,227.54,12.82,100.0,40.96,0.566,1.92,0.053,390.6,402.6,1.007,0,HIGH
18.89,182.11,0.167,3,5.914,1.716,2,1,8.31,36.9,109.29,6.67,84.94,16.71,0.527,-4.86,0.061,258.0,213.9,2.208,0,LOW
21.71,22.41,0.012,2,2.273,2.873,3,2,12.11,9.38,93.22,1.96,86.64,14.54,0.311,0.76,0.223,564.0,577.0,1.976,0,LOW
31.44,331.96,0.134,2,0.699,3.71,2,1,7.95,0.39,70.0,0.08,71.71,9.04,0.324,-2.7,0.237,34.4,73.9,1.528,1,HIGH
5.58,63.76,-0.251,4,1.106,0.62,2,3,10.29,1.96,79.66,0.25,79.02,11.56,0.142,-5.92,0.267,978.5,88.9,5.229,0,LOW
21.9,190.2,-0.21,5,1.9,3.114,1,0,10.12,131.38,281.96,26.23,100.0,66.52,0.908,-1.51,0.123,683.8,62.8,0.265,1,CRITICAL
18.34,289.28,-0.052,1,1.587,3.865,2,1,8.74,39.79,135.73,5.79,94.16,23.01,0.421,2.55,0.092,296.0,141.1,1.936,0,LOW
23.76,77.56,-0.395,1,1.501,1.834,1,1,11.14,69.63,215.64,13.83,100.0,47.17,0.609,2.69,0.123,208.8,92.9,0.693,1,CRITICAL
17.83,189.85,-0.016,4,0.495,1.276,0,2,2.72,171.96,408.39,35.56,100.0,73.51,0.98,-3.89,0.217,142.6,669.7,0.341,1,CRITICAL
16.5,86.65,-0.136,4,8.559,2.879,2,0,3.46,8.77,59.38,1.54,60.23,7.49,0.309,-4.99,0.063,27.8,397.9,1.894,0,LOW
20.12,273.49,-0.165,4,0.106,1.109,1,0,11.3,38.58,87.08,6.97,83.21,17.67,0.499,-2.49,0.106,739.8,208.9,1.26,0,MODERATE
49.44,203.16,0.112,4,2.029,1.676,1,3,6.08,50.34,163.59,5.02,98.28,28.94,0.803,-2.48,0.367,60.8,103.4,0.204,1,CRITICAL
16.69,308.15,-0.637,5,13.749,3.777,1,3,7.75,119.74,260.46,15.01,100.0,61.25,0.814,-0.85,0.206,123.7,731.2,0.486,1,CRITICAL
38.87,322.04,-0.08,2,3.773,2.52,0,1,11.35,329.56,963.04,52.1,100.0,95.0,0.98,-7.85,0.068,57.5,954.9,0.471,1,CRITICAL
23.21,233.54,0.811,1,1.537,0.489,0,1,7.94,80.84,229.32,6.51,100.0,41.28,0.788,-8.01,0.108,84.8,862.4,0.751,1,CRITICAL
22.63,261.14,-0.38,4,0.553,1.452,1,1,11.22,66.74,223.09,13.26,100.0,48.16,0.502,-0.96,0.127,139.6,1164.3,0.468,1,CRITICAL
23.88,197.72,0.45,4,11.622,2.672,0,3,6.65,164.43,368.1,21.66,100.0,66.26,0.98,-4.31,0.298,334.1,742.1,0.268,1,CRITICAL
27.94,138.39,0.019,3,0.05,2.074,2,2,8.85,118.06,294.8,21.4,100.0,53.06,0.843,-1.3,0.066,466.7,450.8,0.505,1,CRITICAL
17.43,233.32,-0.211,5,4.003,2.807,0,2,7.63,130.18,238.06,24.44,100.0,58.47,0.91,-3.18,0.123,16.8,253.1,0.517,1,CRITICAL
37.48,326.98,-0.462,4,7.425,3.222,3,3,10.78,0.18,41.66,0.03,67.73,5.1,0.353,0.52,0.234,473.0,154.3,0.797,1,CRITICAL
27.98,150.0,0.049,4,0.089,2.071,3,2,6.92,46.96,125.29,8.95,87.56,19.75,0.615,-2.1,0.08,441.2,2.9,0.819,1,CRITICAL
9.77,113.19,0.509,1,4.521,4.147,1,0,5.38,99.23,201.73,17.42,100.0,36.31,0.686,-2.48,0.055,40.6,803.5,2.586,0,MODERATE
4.53,139.84,-0.136,1,20.0,3.85,1,1,6.47,13.01,96.82,1.7,77.63,15.09,0.277,-3.76,0.061,89.8,257.9,10.071,0,LOW
48.66,156.74,-0.028,4,3.572,0.346,0,3,6.57,90.49,275.78,17.58,100.0,49.64,0.947,-2.12,0.328,24.6,925.8,0.2,1,CRITICAL
24.29,26.48,0.354,2,1.875,1.192,3,2,6.08,0.6,14.66,0.1,50.63,1.34,0.355,-1.67,0.099,185.5,174.8,2.383,0,LOW
9.02,179.44,0.119,1,7.261,1.332,2,3,5.98,55.64,206.78,5.7,100.0,37.22,0.396,-1.09,0.311,970.2,185.7,2.731,0,LOW
16.67,177.95,-0.55,5,2.827,0.856,2,3,9.97,123.89,312.94,23.32,100.0,71.2,0.902,-6.63,0.336,585.7,9.6,0.334,1,CRITICAL
34.39,211.84,0.035,5,4.844,1.379,3,1,10.6,36.69,121.45,6.41,92.94,20.32,0.552,1.56,0.176,580.1,299.0,0.614,1,CRITICAL
19.46,130.62,0.529,2,3.102,1.842,3,1,8.36,87.42,266.58,10.48,100.0,47.98,0.705,-2.33,0.368,38.1,301.9,0.812,1,CRITICAL
20.45,220.72,-0.013,4,0.137,0.311,3,2,6.08,49.13,122.96,9.72,85.28,18.88,0.556,-0.2,0.074,648.4,478.7,1.207,1,HIGH
31.1,316.16,-0.96,1,0.839,0.622,2,0,6.22,67.74,220.69,8.97,100.0,47.85,0.707,-2.54,0.056,5.7,623.2,0.578,1,CRITICAL
25.55,343.97,0.136,2,0.287,0.495,3,1,2.94,47.26,160.43,7.44,91.63,26.46,0.501,-0.64,0.109,402.4,192.0,1.247,0,MODERATE
29.06,210.1,-0.069,4,0.395,0.29,3,0,8.34,41.99,96.81,5.38,80.98,14.11,0.518,-7.65,0.314,99.7,1180.3,0.886,0,HIGH
30.92,15.33,-0.64,4,0.054,2.074,1,2,6.0,119.78,340.24,21.73,100.0,75.62,0.893,-3.86,0.068,195.1,274.3,0.225,1,CRITICAL
14.11,348.92,-0.588,1,1.914,1.469,3,3,10.74,6.33,26.04,1.02,62.66,3.7,0.28,-3.31,0.263,370.6,383.8,3.998,0,LOW
14.91,254.11,0.341,2,0.689,3.935,2,0,4.47,57.11,135.52,8.33,86.41,21.08,0.488,-3.24,0.092,291.7,405.6,2.614,0,LOW
13.12,120.95,-0.256,2,6.775,0.521,1,2,6.2,7.93,36.67,0.66,57.89,4.77,0.222,1.17,0.128,114.2,941.4,4.168,0,LOW
15.39,52.98,-0.318,5,4.853,3.897,1,2,7.29,53.78,193.3,8.87,100.0,41.25,0.502,-6.27,0.096,476.3,531.3,1.047,1,HIGH
20.01,51.63,-0.012,4,2.98,0.455,2,2,8.52,215.35,374.06,35.99,100.0,67.33,0.98,-3.66,0.407,295.6,196.4,0.309,1,CRITICAL
20.82,60.39,-0.225,3,2.35,2.639,1,2,11.47,3.82,57.22,0.4,73.95,8.07,0.344,-0.12,0.171,519.7,551.0,2.343,0,LOW
42.92,16.41,0.035,1,1.034,1.116,3,0,4.49,35.63,135.66,4.51,86.48,21.12,0.661,1.29,0.169,127.8,1004.7,0.716,0,HIGH
24.89,324.78,-0.071,3,2.255,3.49,0,0,6.84,105.26,290.17,21.37,100.0,52.23,0.862,-8.49,0.087,35.0,776.9,0.548,1,CRITICAL
20.23,194.68,-0.42,4,3.588,0.352,3,0,4.36,30.0,90.35,4.71,71.76,15.27,0.391,-0.33,0.166,130.2,21.8,1.334,0,MODERATE
11.45,251.99,-0.179,4,5.335,4.005,1,3,9.24,47.75,95.02,6.73,82.03,19.76,0.466,-1.52,0.259,191.0,30.8,2.221,0,LOW
18.05,298.12,0.155,2,0.298,0.294,0,1,6.08,7.92,67.92,1.67,67.67,8.27,0.309,-1.49,0.206,43.5,511.5,2.803,0,LOW
50.57,284.95,0.015,5,4.314,1.089,3,3,7.27,16.41,97.75,3.18,79.37,13.97,0.526,2.08,0.322,230.9,1790.0,0.412,1,CRITICAL
50.15,317.74,-0.029,3,4.752,2.003,1,1,7.12,75.38,255.16,7.06,100.0,45.93,0.866,-7.98,0.139,303.2,411.7,0.425,1,CRITICAL
17.92,348.21,0.678,2,2.865,3.2,3,2,7.76,114.64,221.83,22.96,100.0,39.93,0.808,-3.18,0.072,5.0,257.4,1.253,1,HIGH
7.19,158.07,0.256,2,0.844,4.0,1,2,7.16,67.58,171.59,6.82,100.0,30.89,0.57,0.0,0.118,226.7,392.3,4.324,0,MODERATE
16.59,342.12,0.298,3,2.712,1.855,3,2,5.36,117.88,387.42,12.32,100.0,69.74,0.801,-7.62,0.229,38.3,273.0,0.764,1,CRITICAL
43.17,260.38,-0.058,5,2.445,3.205,1,0,7.69,60.48,230.93,5.48,100.0,41.57,0.772,-0.92,0.128,43.1,108.1,0.184,1,CRITICAL
20.09,25.44,0.077,4,2.26,3.081,0,0,5.75,108.02,307.74,15.92,100.0,55.39,0.866,-2.55,0.193,132.4,147.6,0.406,1,CRITICAL
31.11,245.44,-0.151,3,2.161,2.442,3,0,9.29,264.41,580.79,45.02,100.0,95.0,0.98,-11.81,0.111,27.3,159.9,0.473,1,CRITICAL
21.38,247.22,0.272,2,0.411,2.933,0,2,7.63,5.62,26.45,1.04,57.19,2.72,0.313,1.43,0.198,237.7,411.6,2.619,0,LOW
8.56,326.11,-0.039,1,0.707,0.256,3,2,5.21,42.46,145.1,3.56,90.81,23.72,0.482,-4.28,0.12,374.1,801.5,4.294,0,LOW
21.8,134.26,0.078,3,0.358,1.91,3,0,12.8,13.69,68.1,1.44,79.82,9.78,0.264,2.47,0.202,110.6,23.7,2.146,0,LOW
33.29,210.57,0.056,4,0.972,3.322,0,0,11.15,40.68,91.12,6.79,84.23,13.82,0.539,-0.58,0.101,765.5,332.8,0.749,1,CRITICAL
15.26,4.39,-0.006,4,1.07,2.044,1,1,12.88,45.0,144.21,6.91,100.0,25.96,0.461,-1.35,0.138,347.4,340.1,1.414,0,LOW
32.83,119.55,1.0,2,0.984,3.681,0,1,6.75,63.22,191.26,5.51,100.0,34.43,0.697,0.07,0.055,1262.7,1459.6,0.638,1,CRITICAL
22.56,22.41,-0.233,1,0.829,3.518,1,1,5.66,37.61,163.49,7.93,97.51,33.21,0.476,0.28,0.096,261.4,766.5,1.115,0,MODERATE
31.92,187.87,-0.236,3,4.654,3.64,1,3,9.27,25.52,86.06,4.75,79.23,15.34,0.51,-6.61,0.212,173.0,223.4,1.282,0,MODERATE
25.75,294.28,0.243,5,5.974,0.633,2,2,9.94,2.87,36.54,0.37,64.58,4.25,0.383,-5.52,0.071,404.3,423.4,1.215,0,MODERATE
11.91,74.32,-0.208,3,1.387,1.101,3,0,7.93,2.3,68.93,0.36,71.34,9.13,0.21,-1.6,0.112,140.5,480.4,4.122,0,LOW
18.15,189.88,-0.102,2,1.274,0.221,0,0,2.87,12.5,67.06,1.66,61.63,8.94,0.304,-4.14,0.112,5.0,498.9,2.8,0,LOW
17.82,73.44,-0.38,2,6.503,4.129,1,1,5.34,38.74,102.67,5.57,77.47,18.97,0.466,2.17,0.179,67.1,1074.4,2.314,0,LOW
14.84,43.45,0.172,1,3.423,1.068,2,1,8.43,35.13,147.73,5.74,97.45,25.91,0.494,-4.38,0.102,64.5,391.1,2.242,0,LOW
24.66,183.96,0.176,3,1.216,1.605,0,2,6.05,13.75,84.7,1.87,72.99,11.13,0.396,-1.24,0.281,188.0,111.5,1.875,0,LOW
55.26,28.49,-0.11,4,4.376,1.227,2,1,4.5,112.31,262.76,18.74,100.0,60.77,0.98,-1.99,0.083,348.2,463.6,0.212,1,CRITICAL
37.51,211.45,0.25,5,1.479,0.263,1,1,6.93,74.78,130.24,10.85,89.16,20.9,0.695,3.41,0.099,227.9,120.7,0.539,0,HIGH
40.12,11.28,-0.65,3,3.091,1.171,3,1,2.5,27.32,68.56,4.7,61.44,10.86,0.549,1.13,0.168,30.5,55.7,1.138,0,MODERATE
14.32,38.42,-0.247,2,17.188,0.503,2,0,6.17,103.64,259.73,12.1,100.0,59.19,0.672,-4.93,0.136,84.5,422.1,0.96,0,HIGH
40.47,198.0,-0.059,4,1.256,1.717,1,1,6.56,294.61,773.4,30.63,100.0,95.0,0.98,-5.78,0.065,41.1,148.7,0.201,1,CRITICAL
47.42,212.91,-0.41,4,9.334,4.064,2,2,8.18,18.27,59.96,1.5,68.92,9.63,0.642,0.18,0.109,23.2,445.6,0.539,0,HIGH
14.04,10.44,-0.612,1,1.353,2.963,3,3,8.7,29.27,79.99,4.81,76.26,14.49,0.294,-0.23,0.206,47.7,772.9,3.254,0,LOW
27.28,206.42,-0.108,5,2.72,2.998,3,0,8.33,321.58,909.12,69.88,100.0,95.0,0.98,-10.08,0.063,205.4,71.1,0.225,1,CRITICAL
27.67,301.86,0.243,4,2.157,1.958,1,2,9.47,9.64,33.37,1.34,62.73,3.77,0.369,3.69,0.059,394.7,27.4,1.152,0,MODERATE
18.9,260.03,0.449,3,5.35,3.426,1,2,7.13,5.22,61.62,0.57,67.55,7.49,0.322,-4.36,0.058,141.6,39.8,2.653,0,LOW
23.61,47.23,-0.192,3,0.221,3.824,2,2,4.3,47.84,154.34,3.92,92.13,31.34,0.58,-0.46,0.063,62.8,1546.5,1.246,0,MODERATE
28.39,213.29,0.257,4,3.453,4.042,1,2,7.6,41.07,130.35,6.23,90.39,21.21,0.632,-4.23,0.227,157.5,42.0,0.774,0,HIGH
19.61,242.01,0.223,4,5.005,0.506,1,3,5.57,5.3,73.39,1.16,68.52,9.05,0.312,-0.33,0.293,112.1,1157.4,1.526,0,LOW
36.58,13.4,0.427,1,2.236,3.707,2,0,4.51,22.27,69.12,4.85,65.24,8.12,0.46,-2.14,0.14,12.8,1664.8,1.387,0,LOW
9.8,307.93,-0.123,1,0.389,1.023,0,1,8.77,35.29,118.19,3.32,88.61,23.09,0.406,-5.16,0.231,716.2,33.4,3.818,0,LOW
17.78,326.26,-0.629,2,0.983,1.729,1,2,4.39,112.26,239.49,21.81,100.0,56.58,0.67,-9.63,0.146,5.0,346.4,0.791,1,CRITICAL
31.44,306.16,0.025,4,3.984,1.516,0,2,9.0,79.98,201.25,8.34,100.0,36.22,0.706,-0.59,0.125,11.8,539.2,0.424,1,CRITICAL
52.26,296.87,-0.355,3,7.903,2.868,0,0,4.66,159.87,410.84,30.9,100.0,93.14,0.98,-5.8,0.159,100.0,17.0,0.432,1,CRITICAL
37.78,268.19,-0.253,3,1.916,2.551,1,2,6.86,26.27,112.25,5.24,83.27,19.98,0.428,-1.38,0.146,419.9,327.9,0.921,0,HIGH
23.35,228.04,-0.105,4,2.877,0.547,2,0,6.26,24.06,52.21,1.95,62.97,8.81,0.491,2.82,0.123,187.9,245.6,1.284,0,MODERATE
20.13,244.31,-0.119,2,0.907,3.31,3,3,10.0,40.44,92.02,4.58,82.45,18.51,0.53,-0.45,0.209,200.5,319.3,2.017,0,LOW
18.35,290.3,0.05,4,1.86,1.903,2,2,8.81,0.49,52.77,0.04,67.74,6.43,0.272,-8.46,0.056,268.8,357.3,1.699,0,LOW
18.41,238.5,0.246,3,1.437,0.109,1,0,5.69,15.1,100.72,2.26,77.47,14.04,0.372,-4.56,0.064,11.5,566.2,2.416,0,LOW
6.57,117.98,-0.129,3,3.73,1.799,3,2,7.15,15.44,93.91,1.29,77.93,15.03,0.248,-6.11,0.128,893.0,59.8,6.82,0,LOW
51.15,135.35,0.138,2,14.629,2.217,0,1,10.42,4.1,28.57,0.69,62.91,3.23,0.573,-3.37,0.109,223.3,2257.8,1.079,0,MODERATE
20.97,322.94,0.005,5,5.874,0.382,0,0,10.78,39.47,176.8,6.24,100.0,31.82,0.528,-2.67,0.113,485.9,146.4,0.898,1,HIGH
13.52,6.16,0.327,4,0.747,0.72,1,3,4.49,153.36,314.09,20.41,100.0,56.54,0.903,2.12,0.239,156.9,1756.0,0.676,1,CRITICAL
27.06,251.58,-0.066,1,3.017,4.174,1,0,10.4,0.26,28.17,0.04,62.73,3.18,0.364,1.31,0.188,160.3,520.7,2.086,0,LOW
14.16,343.72,-0.028,5,0.241,3.672,2,1,10.23,64.35,127.22,14.07,94.12,21.55,0.592,-1.6,0.158,51.6,517.8,1.702,0,MODERATE
34.78,254.24,-0.131,4,0.993,0.647,3,2,7.89,137.46,307.26,14.22,100.0,71.8,0.98,-2.84,0.054,125.0,1147.4,0.212,1,CRITICAL
13.78,357.81,-0.057,1,0.662,2.479,2,2,7.3,7.39,84.99,1.35,75.34,11.52,0.236,-0.16,0.068,57.2,976.8,3.504,0,LOW
32.19,247.52,-0.274,1,1.431,1.655,2,0,6.29,161.98,339.2,27.59,100.0,80.49,0.98,-8.82,0.113,682.8,115.9,0.567,1,CRITICAL
18.2,12.37,-0.309,2,3.975,2.329,1,2,4.74,110.93,208.92,19.18,100.0,50.92,0.816,-6.94,0.067,111.5,537.0,0.775,1,CRITICAL
25.18,297.72,0.272,4,2.422,2.029,2,0,8.25,15.7,54.61,2.02,67.32,6.62,0.399,-0.38,0.062,142.8,316.4,1.213,0,MODERATE
33.48,102.47,-0.379,4,9.456,0.297,3,2,7.13,153.24,333.66,16.9,100.0,78.45,0.98,-4.25,0.051,40.3,305.2,0.216,1,CRITICAL
15.9,160.58,-0.112,2,0.837,1.393,1,0,8.46,105.93,270.66,18.13,100.0,61.43,0.719,-2.56,0.376,1358.9,6.7,0.873,1,HIGH
33.05,112.35,0.355,3,1.585,0.615,1,2,8.51,7.68,89.19,1.59,78.86,12.66,0.471,2.66,0.071,237.3,336.1,1.298,0,MODERATE
6.77,96.68,-0.123,2,1.401,2.105,1,2,13.04,115.41,340.76,25.0,100.0,75.19,0.702,-5.24,0.094,239.3,45.2,1.964,0,MODERATE
45.53,155.31,0.29,1,0.942,3.82,2,0,10.13,50.78,115.89,7.48,90.32,18.84,0.746,-3.14,0.129,44.0,140.9,0.693,1,CRITICAL
36.04,136.35,-0.207,3,17.453,4.182,2,0,8.7,110.02,316.23,15.36,100.0,70.12,0.978,-2.78,0.073,318.4,4.8,0.439,1,CRITICAL
20.58,228.0,-0.368,2,1.714,3.971,1,0,2.8,62.49,184.29,8.05,99.01,40.34,0.492,-6.71,0.185,320.0,230.6,1.042,1,HIGH
39.4,292.73,-0.558,3,9.877,4.141,2,3,8.36,32.33,105.36,6.25,83.77,19.77,0.594,-5.53,0.272,656.7,1167.5,0.871,1,HIGH
37.28,106.95,0.459,5,1.733,0.163,2,1,10.98,59.74,132.15,6.92,97.05,23.09,0.76,1.01,0.142,93.4,728.8,0.502,1,CRITICAL
21.62,76.94,-0.398,1,0.799,3.091,2,3,6.56,65.72,198.27,9.98,100.0,43.57,0.601,-3.25,0.213,570.8,26.7,0.746,0,HIGH
21.49,240.08,0.262,1,0.444,1.219,3,0,12.32,94.47,212.12,12.12,100.0,38.18,0.789,-4.32,0.153,164.2,561.4,0.968,1,HIGH
12.55,241.32,-0.35,1,6.772,3.649,3,0,8.7,115.44,322.25,23.39,100.0,71.86,0.744,-2.91,0.054,71.4,585.3,1.205,0,MODERATE
22.26,324.41,0.461,3,0.114,3.436,1,3,8.15,70.74,191.82,8.46,100.0,34.53,0.684,-6.79,0.231,302.7,678.2,1.195,1,HIGH
8.38,5.74,0.772,4,11.673,1.837,2,2,5.32,297.09,805.27,52.32,100.0,95.0,0.98,-7.91,0.095,9.3,482.0,0.689,1,CRITICAL
31.98,307.09,-0.59,3,1.896,2.04,2,2,10.81,97.99,274.04,15.92,100.0,61.09,0.845,-4.6,0.058,546.6,31.0,0.465,0,HIGH
32.34,187.56,-0.38,3,0.995,1.187,0,3,5.67,157.07,391.69,19.79,100.0,89.35,0.98,-3.42,0.266,18.9,475.8,0.463,1,CRITICAL
6.84,223.67,0.271,3,3.363,1.284,3,3,6.26,25.02,74.43,2.89,70.08,9.39,0.339,-6.98,0.233,142.4,109.0,7.205,0,LOW
43.28,32.89,0.18,2,0.499,4.123,0,0,3.36,24.71,119.33,4.76,79.24,17.02,0.505,-3.7,0.062,43.3,404.9,0.844,1,CRITICAL
15.1,155.74,0.272,3,0.262,3.744,2,0,9.47,29.25,112.16,4.43,87.94,17.75,0.356,-2.94,0.077,178.1,510.7,2.726,0,LOW
68.0,81.83,-0.201,4,6.157,0.887,0,0,8.79,37.66,106.54,6.24,84.92,20.8,0.802,-3.17,0.119,884.0,50.5,0.323,1,CRITICAL
24.48,91.52,0.696,2,1.935,1.23,2,2,7.52,211.54,507.67,45.42,100.0,91.38,0.98,-2.8,0.07,43.1,283.0,0.61,1,CRITICAL
43.5,181.47,0.041,4,2.556,0.545,0,1,9.13,4.96,63.89,0.67,71.88,8.27,0.469,-3.27,0.101,31.8,119.4,0.618,0,HIGH
12.3,292.48,-0.426,3,0.681,4.154,1,2,8.92,44.85,102.89,8.7,83.98,20.94,0.43,5.59,0.144,61.7,741.3,3.235,0,LOW
18.18,267.76,-0.089,2,0.222,3.82,0,3,6.7,11.42,47.74,1.94,62.33,5.36,0.327,0.44,0.276,780.7,1204.9,2.941,0,LOW
15.86,212.76,-0.421,3,1.605,2.364,1,2,5.77,108.25,255.9,17.66,100.0,59.05,0.707,-4.58,0.166,92.4,326.7,0.795,1,CRITICAL
8.28,194.19,0.557,5,2.469,2.941,3,0,3.73,2.06,55.35,0.18,59.42,5.92,0.191,0.27,0.144,261.5,364.2,3.864,0,LOW
9.83,153.83,-0.231,1,5.075,3.167,0,1,7.11,39.47,150.75,8.2,96.04,30.79,0.325,-0.17,0.103,95.3,37.1,3.077,0,LOW
20.14,350.18,0.172,2,2.433,0.936,1,0,4.62,32.64,133.62,3.66,86.08,20.7,0.4,-2.63,0.109,356.0,221.9,1.909,0,LOW
26.56,201.67,-0.165,3,5.34,3.932,2,1,7.86,6.29,38.16,0.92,61.35,4.97,0.322,1.55,0.075,279.3,70.4,1.96,0,LOW
11.51,91.43,-0.215,4,0.429,2.26,0,0,7.15,30.73,114.27,5.69,84.43,21.05,0.37,-4.25,0.265,898.7,548.6,2.151,0,LOW
17.55,82.83,-0.669,2,0.231,0.479,0,0,6.62,107.62,331.86,16.48,100.0,72.65,0.739,-1.89,0.236,111.7,1438.3,0.8,0,HIGH
14.12,220.09,0.209,5,0.605,1.728,0,2,9.8,9.61,40.77,0.77,65.69,4.82,0.237,-1.65,0.186,104.9,740.1,2.256,0,LOW
20.88,188.22,0.455,4,5.175,2.567,2,3,5.33,266.81,736.3,56.79,100.0,95.0,0.98,-5.81,0.213,422.9,221.0,0.298,1,CRITICAL
30.71,2.77,-0.321,5,4.985,1.547,3,3,3.43,3.92,26.62,0.32,49.7,2.85,0.435,-0.71,0.318,48.2,490.3,1.05,1,HIGH
22.9,298.82,-0.541,2,0.533,2.967,3,0,7.0,22.18,72.3,2.05,70.74,11.87,0.416,-1.6,0.26,364.7,2687.8,2.048,0,LOW
15.46,253.48,0.281,4,0.11,3.716,3,2,5.87,96.93,294.17,10.8,100.0,52.95,0.765,1.8,0.242,414.1,18.7,0.664,1,CRITICAL
36.64,238.26,-0.576,3,4.046,3.265,2,2,7.77,28.76,155.53,4.71,98.75,31.1,0.431,-3.24,0.238,547.3,146.6,0.638,0,HIGH
26.1,24.76,0.427,2,6.765,2.735,3,2,5.49,42.55,152.61,9.19,93.72,25.75,0.593,-4.03,0.14,327.8,37.1,1.226,0,MODERATE
23.27,130.34,-0.317,5,4.91,2.2,1,2,8.43,13.43,94.87,2.81,80.52,15.36,0.31,-1.69,0.073,51.2,457.3,1.122,0,MODERATE
11.6,336.74,-0.386,1,0.793,1.143,1,3,5.36,81.71,165.9,13.99,97.74,38.99,0.571,0.42,0.27,114.6,830.5,1.991,0,MODERATE
34.64,310.53,0.087,5,3.068,1.965,1,0,5.34,12.86,58.11,2.36,63.2,6.61,0.539,-1.36,0.077,16.1,203.4,0.846,0,HIGH
27.5,102.8,-0.363,3,4.957,1.301,0,2,8.86,122.77,340.29,22.06,100.0,75.98,0.942,-3.83,0.179,391.3,225.4,0.51,0,HIGH
28.27,56.54,-0.247,5,1.034,3.929,3,2,7.4,50.4,156.27,8.88,98.32,33.71,0.541,-3.6,0.065,329.0,156.7,0.581,0,HIGH
19.06,161.67,0.124,3,2.626,3.82,0,0,4.89,51.64,145.86,10.0,90.48,23.75,0.48,-3.45,0.07,202.5,373.0,1.895,0,LOW
17.19,128.1,-0.85,4,1.321,0.739,2,1,5.41,176.2,515.69,22.48,100.0,95.0,0.98,-2.05,0.075,1077.5,60.8,0.352,1,CRITICAL
51.28,245.6,0.575,1,0.895,3.473,1,0,6.68,96.38,272.84,10.69,100.0,49.11,0.98,-3.28,0.122,107.9,93.8,0.524,1,CRITICAL
17.04,347.92,0.015,3,12.225,2.982,0,3,4.99,88.35,147.54,11.37,91.19,24.22,0.661,-2.33,0.271,619.2,38.1,2.119,0,MODERATE
10.22,130.68,-0.453,4,8.53,4.098,1,3,6.87,126.89,335.25,11.01,100.0,75.57,0.85,-5.48,0.264,56.2,69.6,0.569,0,HIGH
23.9,22.4,-0.356,4,2.065,2.0,1,2,6.94,6.26,38.13,1.35,59.7,4.85,0.408,0.62,0.063,868.7,835.2,1.333,0,MODERATE
21.52,323.14,0.347,2,0.515,3.061,3,1,5.48,84.16,248.87,15.45,100.0,44.8,0.63,0.17,0.1,95.4,89.4,0.813,0,HIGH
37.5,13.66,0.21,3,4.556,2.223,2,0,8.93,17.26,100.05,1.9,83.09,14.96,0.516,-3.86,0.261,459.5,297.1,1.048,1,HIGH
19.88,343.0,0.485,3,1.034,0.385,2,2,5.26,21.44,127.94,2.48,85.4,19.67,0.29,-3.88,0.273,33.3,540.6,1.983,0,LOW
30.19,239.25,-0.239,1,0.646,0.292,0,0,10.24,0.99,41.85,0.22,66.83,5.15,0.368,-3.33,0.102,147.3,94.1,1.783,0,LOW
44.82,339.01,0.104,3,1.682,0.601,1,1,7.02,145.71,332.21,27.33,100.0,59.8,0.98,-1.53,0.074,946.0,268.3,0.418,1,CRITICAL
26.65,71.88,0.149,4,2.641,1.314,0,3,6.05,87.34,192.25,12.19,100.0,34.6,0.683,-5.35,0.593,104.4,108.5,0.585,1,CRITICAL
11.96,14.65,0.243,2,0.359,1.162,2,2,8.69,9.75,70.52,1.06,73.2,9.29,0.372,-2.26,0.07,424.6,1108.2,4.144,0,LOW
6.63,175.76,0.395,3,2.968,3.086,0,2,7.58,25.83,95.82,2.21,79.3,13.68,0.39,-4.18,0.197,185.5,16.9,6.871,0,LOW
27.06,162.22,-0.251,5,0.054,3.035,2,0,9.17,42.5,148.0,7.38,98.87,31.44,0.494,2.18,0.078,260.3,397.9,0.654,1,CRITICAL
17.72,119.34,-0.04,1,7.785,4.083,2,0,3.1,44.27,155.87,8.38,90.45,25.38,0.558,-3.41,0.243,255.5,958.8,1.927,0,LOW
24.78,344.76,-0.214,3,8.873,1.373,1,2,8.64,58.86,182.47,5.6,100.0,39.91,0.591,1.78,0.06,236.5,694.0,0.88,0,HIGH
21.61,296.13,-0.018,4,4.623,3.948,2,0,6.36,41.54,103.02,3.34,79.41,14.73,0.412,-2.1,0.08,184.9,119.6,1.234,0,MODERATE
10.08,238.17,0.244,4,2.199,2.613,2,1,7.58,67.99,250.59,8.84,100.0,45.11,0.553,-3.79,0.132,59.2,346.9,1.421,0,MODERATE
19.82,58.63,-0.579,4,1.03,2.131,0,1,7.31,139.95,370.1,24.27,100.0,83.41,0.98,-2.0,0.058,5.0,28.8,0.312,1,CRITICAL
11.55,264.36,0.388,4,4.771,2.838,2,1,10.46,33.0,119.21,6.91,91.98,19.74,0.395,-1.96,0.09,316.7,147.2,2.158,0,LOW
16.31,261.72,-0.399,1,9.398,2.981,2,1,3.41,136.06,384.12,27.64,100.0,85.47,0.826,-0.4,0.09,342.7,218.7,0.948,1,HIGH
34.58,153.02,-0.108,3,0.604,0.805,1,1,11.05,16.12,85.38,2.84,82.21,14.57,0.4,-2.06,0.107,416.2,35.0,1.172,1,HIGH
22.54,332.92,0.435,4,2.195,3.182,0,1,9.05,8.41,81.04,1.63,77.23,11.27,0.369,-2.5,0.05,748.0,82.4,1.251,0,MODERATE
29.25,60.11,0.115,1,1.326,3.073,1,0,7.83,17.79,67.93,2.31,70.84,8.66,0.365,-2.7,0.134,49.7,834.2,1.708,0,LOW
23.53,96.24,0.119,1,1.544,4.19,3,0,4.35,15.04,42.2,1.72,56.33,4.28,0.414,1.61,0.092,619.3,283.7,2.402,0,LOW
18.43,22.76,-0.413,4,1.822,3.839,1,2,3.82,273.32,748.11,26.62,100.0,95.0,0.98,-6.04,0.072,75.3,1283.6,0.331,1,CRITICAL
24.82,286.36,-0.365,4,10.613,2.907,0,1,6.27,31.18,115.87,3.29,83.36,21.13,0.372,-3.67,0.068,218.8,76.5,0.931,0,HIGH
7.47,223.83,0.329,3,1.047,3.021,0,1,8.9,68.51,160.19,14.72,100.0,28.83,0.436,-6.16,0.169,84.1,499.4,4.462,0,MODERATE
32.04,113.38,-0.206,5,2.375,3.979,0,1,7.49,77.41,223.21,16.27,100.0,49.47,0.766,-2.22,0.077,41.9,649.9,0.249,0,HIGH
13.3,58.97,-0.173,4,10.591,4.065,0,0,8.77,38.3,178.95,3.32,100.0,36.81,0.423,-4.31,0.14,14.8,673.1,1.303,0,MODERATE
28.29,14.45,0.337,5,2.262,3.491,2,0,4.28,16.45,76.98,2.4,67.34,9.33,0.487,-5.95,0.051,117.9,643.6,1.014,1,HIGH
18.02,60.03,-0.367,5,6.973,3.246,1,1,7.6,37.47,64.63,4.96,69.36,12.57,0.433,0.77,0.331,994.5,82.6,1.576,0,LOW
10.09,163.18,0.094,3,0.212,0.557,3,1,9.91,41.73,140.49,7.15,97.8,24.73,0.379,-5.12,0.057,179.1,266.3,3.571,0,LOW
14.69,88.98,0.015,4,10.704,3.504,3,1,10.69,200.15,442.09,25.21,100.0,79.58,0.98,-9.67,0.091,10.7,999.3,0.405,1,CRITICAL
28.37,93.23,-0.001,4,0.727,1.138,2,0,4.74,54.65,161.74,6.52,95.29,27.74,0.558,-2.64,0.138,314.4,380.1,0.656,0,HIGH
59.92,315.21,-0.181,4,13.681,2.412,3,0,6.73,227.65,395.6,44.0,100.0,95.0,0.98,-6.5,0.128,63.1,210.5,0.229,1,CRITICAL
20.86,185.45,-0.203,4,0.676,1.762,2,1,6.75,55.88,112.38,11.88,83.11,23.52,0.57,-4.5,0.228,16.9,6.5,1.089,0,MODERATE
56.23,262.53,-0.377,2,2.057,1.517,2,1,6.12,10.18,91.07,1.1,75.16,13.54,0.556,-0.86,0.33,440.4,421.2,0.676,1,CRITICAL
7.46,12.86,0.169,2,1.292,1.372,0,3,9.5,31.53,157.96,3.56,100.0,28.43,0.34,-2.57,0.302,165.5,1012.3,4.4,0,LOW
18.8,131.46,-0.234,2,1.987,3.607,0,0,13.82,102.16,269.56,14.17,100.0,60.78,0.761,2.25,0.131,1058.6,102.6,0.754,1,CRITICAL
20.87,172.5,0.339,4,1.009,3.253,0,3,5.05,35.59,89.92,6.37,72.87,11.79,0.502,-2.39,0.208,351.2,2387.0,1.36,0,LOW
29.15,67.11,-0.079,4,11.765,2.246,1,3,8.43,6.83,64.44,0.71,70.8,8.21,0.346,-4.52,0.246,95.3,106.3,1.0,0,HIGH
15.02,43.27,-0.37,3,1.277,2.824,2,1,8.15,6.57,65.0,0.96,70.47,9.03,0.221,-0.58,0.067,1115.5,380.2,3.265,0,LOW
26.05,313.31,-0.083,3,3.707,4.137,0,2,8.2,17.59,98.19,3.48,81.18,14.35,0.492,-0.59,0.088,573.0,294.5,1.637,0,LOW
19.33,338.2,-0.144,4,0.518,1.73,0,3,10.43,54.07,170.63,6.1,100.0,37.2,0.568,-3.12,0.212,106.4,662.3,0.837,0,HIGH
40.3,28.37,0.353,2,6.088,2.36,3,0,8.32,115.24,235.24,9.99,100.0,42.34,0.98,-7.66,0.173,96.1,302.5,0.466,1,CRITICAL
23.91,125.65,-0.129,1,2.737,2.287,2,1,2.8,49.59,145.5,10.26,86.6,28.63,0.581,1.67,0.108,195.4,184.5,1.27,0,MODERATE
68.0,344.98,-0.097,3,13.596,3.937,2,0,4.34,89.1,256.09,16.95,100.0,46.1,0.98,-6.14,0.059,218.5,1442.3,0.602,1,CRITICAL
19.42,29.94,0.494,5,1.927,1.541,0,2,5.15,67.43,215.74,11.99,100.0,38.83,0.544,-0.34,0.109,242.0,378.1,0.841,1,CRITICAL
38.94,231.71,0.178,4,0.761,4.144,3,0,5.85,48.27,172.3,4.45,100.0,31.01,0.605,0.92,0.082,68.7,20.3,0.338,1,CRITICAL
45.42,350.0,0.582,3,1.486,1.349,0,3,7.19,15.72,63.26,3.24,68.19,7.77,0.513,-2.29,0.256,15.7,263.2,1.032,1,HIGH
3.57,352.16,0.441,1,4.674,0.547,2,1,7.03,139.56,352.41,17.13,100.0,63.43,0.886,-1.79,0.074,218.4,313.3,4.117,0,MODERATE
31.83,169.64,-0.311,4,3.767,0.885,2,3,3.49,20.97,99.32,2.3,73.06,15.58,0.458,0.8,0.313,261.1,15.5,0.786,1,CRITICAL
9.96,58.59,0.346,4,5.273,1.848,1,0,3.96,18.94,47.51,2.81,57.33,4.9,0.321,-4.26,0.051,887.2,516.8,3.294,0,LOW
19.02,72.75,0.534,4,0.267,2.764,3,2,2.84,19.38,84.3,4.05,67.09,10.18,0.39,2.09,0.062,219.7,297.1,1.554,0,LOW
10.98,320.26,0.536,3,3.039,2.219,0,2,4.08,6.54,61.48,1.43,62.02,6.86,0.301,-0.51,0.118,47.6,54.3,4.707,0,LOW
40.67,328.21,0.346,1,9.418,1.643,3,1,9.68,44.88,128.47,7.45,93.54,21.63,0.69,-7.51,0.134,102.8,184.0,0.733,1,CRITICAL
15.53,218.84,0.339,5,0.4,2.404,2,3,6.91,25.79,108.5,5.51,82.15,16.04,0.364,-1.22,0.203,14.9,312.5,1.716,0,LOW
7.17,275.82,-0.106,2,0.347,3.539,2,1,5.4,47.97,99.33,6.88,76.51,19.44,0.332,-3.56,0.138,5.0,926.5,5.874,0,LOW
24.23,266.38,-0.293,2,4.413,3.54,3,0,3.28,39.23,129.23,3.3,82.26,23.84,0.587,-0.87,0.068,182.0,278.4,1.469,0,LOW
43.83,238.26,-0.123,4,1.325,3.078,2,3,5.27,47.68,125.7,5.65,84.71,24.89,0.742,-3.75,0.213,303.7,1053.4,0.359,1,CRITICAL
11.07,297.82,-0.583,5,3.761,4.005,2,1,8.84,22.97,111.72,2.81,86.66,20.18,0.325,-3.24,0.052,846.8,636.1,2.281,0,LOW
34.04,246.75,0.47,4,2.759,2.52,0,0,8.55,109.73,308.28,20.8,100.0,55.49,0.932,-5.98,0.104,281.1,467.0,0.214,1,CRITICAL
5.9,192.24,-0.099,4,14.957,0.131,3,1,6.94,49.66,100.02,4.84,79.51,14.31,0.306,-1.63,0.162,55.9,438.3,4.755,0,LOW
45.47,85.3,0.452,2,7.696,1.293,2,2,6.91,15.19,103.79,1.59,80.66,15.07,0.561,-0.2,0.122,665.7,588.2,0.83,1,CRITICAL
26.94,267.8,-0.431,1,3.967,1.446,3,1,3.6,150.85,382.98,25.04,100.0,87.04,0.98,-4.22,0.211,593.5,263.6,0.633,1,CRITICAL
10.35,170.44,0.379,2,1.062,2.344,3,2,5.79,7.53,46.18,0.74,60.2,5.0,0.139,-2.09,0.111,146.6,247.0,5.248,0,LOW
32.42,106.13,-0.173,3,1.063,3.81,1,2,8.72,85.94,171.3,12.84,100.0,41.15,0.765,-2.68,0.051,207.0,111.1,0.53,0,HIGH
16.05,288.7,-0.45,2,7.487,3.536,2,0,6.02,73.75,139.95,6.26,90.61,31.67,0.609,-0.03,0.204,193.7,367.6,1.89,0,MODERATE
12.56,250.82,0.569,5,3.081,1.052,3,1,11.07,4.92,87.54,0.85,82.94,13.07,0.244,-3.9,0.251,162.5,533.3,2.23,0,LOW
15.84,337.44,0.388,2,5.45,2.229,2,2,10.15,150.66,434.12,31.21,100.0,78.14,0.921,-7.55,0.215,112.0,138.9,0.876,1,HIGH
30.7,59.56,0.074,3,2.092,2.803,2,2,6.5,24.72,108.06,5.0,81.28,15.81,0.401,-4.7,0.067,1212.3,118.4,1.321,1,HIGH
12.07,233.71,0.012,3,0.381,4.149,0,0,6.92,87.78,247.25,7.93,100.0,44.5,0.62,-7.05,0.423,668.7,92.7,1.852,0,MODERATE
4.4,87.93,0.154,4,1.416,0.228,1,1,12.39,21.08,94.22,3.43,87.45,14.83,0.269,-4.16,0.31,113.6,27.9,6.244,0,LOW
16.32,325.29,0.068,2,0.615,2.002,2,3,9.36,48.48,173.54,4.58,100.0,31.24,0.433,0.68,0.355,266.7,1113.5,1.804,0,LOW
41.54,35.82,-0.277,5,5.329,4.151,2,3,7.65,233.19,352.8,20.4,100.0,91.49,0.98,-10.11,0.27,25.0,1079.0,0.185,1,CRITICAL
41.25,236.22,-0.144,3,4.22,4.107,1,2,7.91,61.33,130.94,10.15,91.14,28.84,0.746,-3.05,0.068,383.0,74.5,0.581,1,CRITICAL
15.83,284.79,0.686,4,0.324,1.456,0,0,7.83,22.84,65.62,3.66,70.09,8.28,0.3,0.01,0.067,519.7,762.7,1.924,0,LOW
15.5,127.77,0.935,4,3.399,0.1,2,2,7.46,39.86,96.18,3.71,79.21,13.71,0.323,-1.97,0.109,176.1,227.6,1.789,0,LOW
14.95,343.49,0.547,1,7.254,2.506,3,0,5.14,73.26,188.72,9.55,100.0,33.97,0.601,-0.48,0.228,22.1,385.5,1.755,0,MODERATE
14.56,306.26,0.167,4,4.183,3.654,2,2,6.61,38.29,114.4,4.76,83.52,17.2,0.321,-3.42,0.089,244.5,350.2,1.796,0,LOW
15.16,106.06,-0.118,3,2.505,1.43,3,2,4.34,157.06,295.81,20.09,100.0,72.09,0.98,-5.57,0.104,15.8,536.4,0.828,1,CRITICAL
24.86,2.71,-0.279,5,1.308,3.931,1,1,9.09,131.36,209.13,16.64,100.0,53.41,0.945,-4.8,0.093,473.9,419.8,0.361,1,CRITICAL
42.07,106.8,-0.256,5,7.634,1.464,3,0,7.21,10.32,61.64,2.02,67.7,8.75,0.477,-0.02,0.157,246.3,135.2,0.637,1,CRITICAL
12.06,101.27,-0.194,2,1.924,2.602,2,2,9.21,99.89,283.15,12.94,100.0,62.95,0.641,3.63,0.058,573.2,214.9,1.125,0,MODERATE
13.46,320.39,0.753,1,6.768,3.06,3,2,4.7,185.54,556.27,23.43,100.0,95.0,0.98,-4.93,0.152,133.4,203.2,1.128,0,MODERATE
26.41,348.16,0.632,2,5.348,1.516,2,2,10.63,24.77,98.76,2.08,85.74,15.24,0.391,-2.29,0.173,80.6,1202.3,1.576,0,LOW
31.64,25.36,0.261,5,5.929,1.544,1,2,10.35,17.69,57.42,3.37,72.01,7.44,0.584,-3.96,0.15,781.7,20.5,0.911,1,HIGH
8.38,169.67,-0.336,1,16.048,2.027,3,0,4.04,0.63,37.38,0.11,54.23,3.72,0.13,3.14,0.14,647.0,686.0,6.882,0,LOW
50.2,197.4,0.313,4,4.835,3.524,2,2,6.39,7.99,88.69,1.02,74.88,11.95,0.594,-2.33,0.09,19.1,265.9,0.455,1,CRITICAL
18.08,33.45,-0.084,4,0.121,0.513,0,2,6.63,210.73,627.08,30.19,100.0,95.0,0.98,-6.96,0.103,557.2,596.3,0.337,0,HIGH
8.91,135.9,-0.754,4,0.805,2.689,0,1,4.34,32.25,117.56,6.17,80.43,20.89,0.345,-2.37,0.069,736.8,164.5,2.831,0,LOW
8.11,114.15,0.1,2,0.125,2.877,1,2,6.93,31.85,92.13,4.08,76.95,12.76,0.324,2.72,0.144,169.0,46.9,5.771,0,LOW
7.79,192.98,-0.295,2,0.737,2.387,2,2,8.73,20.16,59.17,2.95,69.65,9.84,0.255,-3.01,0.069,625.0,735.1,6.392,0,LOW
38.55,238.03,-0.283,3,0.222,3.937,2,2,6.47,11.65,99.86,0.96,78.6,15.53,0.457,-1.5,0.115,166.0,49.4,1.017,1,HIGH
22.64,253.25,-0.088,1,2.437,2.568,2,0,3.73,46.21,175.52,9.64,97.88,30.92,0.525,-8.41,0.16,16.5,756.9,1.196,0,MODERATE
38.74,49.23,-0.174,1,0.1,2.702,0,0,9.2,83.49,201.77,11.02,100.0,46.34,0.896,-0.42,0.066,221.3,344.6,0.523,0,HIGH
20.33,292.66,-0.012,1,2.239,2.559,1,3,5.76,52.02,186.32,6.32,100.0,33.54,0.466,-2.96,0.225,769.8,512.5,1.24,0,MODERATE
38.17,244.28,-0.029,3,8.019,3.06,0,1,5.99,2.35,79.45,0.39,71.21,10.18,0.329,1.03,0.096,213.9,139.2,1.182,0,MODERATE
20.04,320.07,-0.657,3,4.832,0.655,2,0,11.2,105.75,338.11,16.26,100.0,73.55,0.748,-1.73,0.133,41.9,511.3,0.649,1,CRITICAL
3.0,161.76,0.532,2,10.086,3.767,3,3,8.37,174.35,495.55,23.73,100.0,89.2,0.98,-4.29,0.231,162.2,1003.7,4.4,0,MODERATE
29.08,321.8,-0.344,2,0.9,0.274,3,0,5.72,37.73,89.35,7.89,73.89,16.41,0.507,-3.08,0.066,31.4,89.5,1.435,0,LOW
21.1,311.68,-0.333,2,2.651,2.727,1,1,4.88,29.67,138.04,3.88,87.97,25.42,0.494,-1.63,0.064,246.4,771.4,1.627,0,LOW
19.37,157.83,-0.115,3,1.343,2.623,2,0,9.62,16.98,73.01,3.73,75.69,11.98,0.411,-4.89,0.074,274.4,388.9,2.375,0,LOW
12.8,137.21,-0.038,2,2.383,0.953,2,3,9.47,23.36,101.07,4.45,84.39,15.35,0.296,-1.11,0.241,305.5,108.2,3.414,0,LOW
31.22,335.81,0.511,4,2.85,0.267,0,1,6.39,67.22,181.8,13.88,100.0,32.72,0.763,-1.16,0.058,15.2,813.0,0.484,1,CRITICAL
11.1,257.46,0.094,1,0.129,0.669,3,2,4.73,95.57,213.17,11.43,100.0,38.37,0.688,-2.91,0.293,527.8,114.5,2.107,0,MODERATE
31.2,334.17,0.198,5,0.93,1.214,1,2,8.35,26.25,79.34,2.36,75.42,10.77,0.444,-1.63,0.6,696.1,955.5,0.871,1,HIGH
23.2,286.91,0.096,1,4.27,3.717,2,0,8.81,26.98,93.05,3.74,80.63,13.5,0.415,-3.25,0.214,94.6,199.1,1.932,0,LOW
31.64,219.35,0.081,5,5.189,3.609,2,1,6.68,38.99,98.17,4.83,78.44,13.86,0.538,-2.38,0.191,427.9,542.2,0.807,1,CRITICAL
24.31,41.71,0.108,4,2.949,0.362,0,1,5.07,12.13,58.91,1.07,62.98,6.68,0.318,-4.18,0.095,184.9,589.2,1.268,0,MODERATE
40.37,104.93,-0.676,4,1.105,1.286,1,3,7.55,170.31,270.57,15.33,100.0,69.14,0.98,-5.97,0.233,212.1,308.6,0.201,1,CRITICAL
27.58,348.78,-0.087,5,1.818,3.746,0,2,8.52,79.45,212.98,8.29,100.0,38.34,0.74,2.37,0.095,77.9,818.1,0.527,1,CRITICAL
23.47,114.99,0.407,1,0.353,1.07,1,3,6.43,36.95,134.15,4.91,89.5,21.61,0.453,-1.72,0.202,630.4,207.7,1.546,0,LOW
4.03,33.57,1.0,2,10.715,4.183,0,1,8.08,8.48,34.72,1.79,60.65,3.79,0.16,-0.16,0.064,890.0,862.3,13.716,0,LOW
41.23,254.72,-0.422,2,7.105,1.153,3,1,8.29,122.81,293.0,21.13,100.0,67.48,0.98,-3.72,0.113,297.7,379.6,0.464,1,CRITICAL
7.73,264.24,0.148,2,0.237,3.13,2,1,10.02,42.97,169.67,5.83,100.0,30.54,0.368,-1.9,0.26,46.1,19.2,4.045,0,LOW
9.45,102.76,-0.2,2,0.637,1.81,3,2,6.57,103.61,341.35,19.88,100.0,73.88,0.74,-2.94,0.26,214.1,269.8,1.42,1,HIGH
33.23,107.16,0.717,3,3.045,0.659,3,2,4.99,2.21,34.02,0.35,54.88,3.36,0.336,-1.85,0.15,100.9,766.7,1.617,0,LOW
22.18,168.8,-0.474,1,0.926,1.146,2,2,7.35,20.78,78.88,2.88,73.48,12.93,0.393,-0.13,0.103,167.8,138.2,2.097,0,LOW
7.96,7.84,0.219,3,9.535,2.868,1,3,11.21,63.25,182.55,6.34,100.0,32.86,0.404,-4.25,0.225,314.3,561.2,3.852,0,MODERATE
15.49,284.16,-0.493,2,4.931,1.482,2,0,3.62,43.5,141.37,9.13,86.76,27.3,0.415,-5.78,0.093,20.5,269.9,2.207,0,LOW
40.09,114.15,-0.111,4,1.117,2.577,0,2,2.5,22.73,114.87,3.8,76.26,18.49,0.469,-1.16,0.386,63.6,167.2,0.533,1,CRITICAL
23.91,307.35,-0.012,5,0.05,0.943,0,2,7.26,14.6,64.66,2.07,68.76,8.0,0.445,1.3,0.206,388.0,990.9,1.241,0,MODERATE
22.48,288.95,0.374,3,5.623,1.939,2,1,6.67,23.35,104.13,3.3,80.32,15.06,0.403,-3.29,0.103,10.9,294.2,1.906,0,LOW
14.39,238.1,-0.377,3,1.931,2.2,2,2,7.04,88.15,174.03,16.49,100.0,41.9,0.635,-1.0,0.204,257.9,632.0,1.642,0,MODERATE
33.86,116.95,0.232,3,3.599,1.792,0,3,6.96,13.19,42.31,1.39,61.07,4.65,0.35,0.22,0.31,87.1,280.3,1.529,1,HIGH
20.67,185.87,0.007,4,1.184,0.911,1,1,9.71,58.56,191.2,8.11,100.0,34.42,0.491,1.53,0.091,651.8,163.7,0.828,0,HIGH
30.55,160.14,0.095,1,0.54,1.992,0,0,7.41,35.82,81.78,3.18,74.5,10.97,0.566,2.74,0.105,501.3,1137.5,1.539,0,LOW
13.51,122.0,0.335,5,3.937,2.941,2,1,9.3,93.59,254.93,8.53,100.0,45.89,0.694,-1.62,0.1,704.9,65.4,1.082,0,MODERATE
60.09,305.33,-0.449,3,2.094,4.056,3,3,2.5,14.64,112.14,2.25,75.38,16.97,0.582,-1.79,0.201,27.6,391.0,0.59,1,CRITICAL
43.95,174.06,0.284,2,0.938,3.337,2,2,6.34,20.46,79.43,2.73,71.82,10.27,0.482,-5.65,0.081,1468.1,98.6,1.025,1,HIGH
23.77,299.78,-0.199,5,0.518,0.762,3,0,5.71,33.06,88.59,5.98,73.62,15.71,0.548,0.58,0.053,43.4,55.2,1.105,0,MODERATE
26.65,37.88,0.384,5,3.04,1.218,2,2,2.5,11.84,64.58,2.58,60.17,6.99,0.44,1.39,0.223,571.5,45.2,1.135,0,MODERATE
15.58,50.77,0.117,4,4.525,0.423,0,0,7.73,40.2,146.58,8.05,95.81,25.28,0.44,-2.65,0.121,132.0,656.2,1.415,1,HIGH
31.85,351.84,-0.073,1,1.169,0.656,2,1,7.28,34.97,98.13,4.96,79.5,14.04,0.535,-1.02,0.091,868.9,136.5,1.35,1,HIGH
4.71,211.6,-0.207,4,4.65,1.128,1,1,6.47,299.89,660.49,39.86,100.0,95.0,0.98,-9.76,0.058,5.0,378.9,1.215,1,CRITICAL
49.8,183.52,0.288,2,0.708,0.918,1,1,7.22,58.57,180.52,9.48,100.0,32.49,0.728,-3.87,0.053,327.2,305.4,0.466,1,CRITICAL
30.87,188.34,0.441,3,1.446,0.976,2,0,7.73,4.68,76.39,0.43,73.36,10.09,0.413,-4.6,0.074,1523.1,912.6,1.493,0,LOW
11.91,77.5,-0.186,2,4.781,1.046,3,2,9.73,40.05,96.43,8.74,83.37,19.28,0.386,-1.33,0.09,331.4,653.1,3.444,0,LOW
49.16,258.73,-0.397,3,3.777,1.333,2,2,8.91,137.01,359.55,29.78,100.0,81.16,0.98,-4.94,0.123,343.3,534.2,0.423,1,CRITICAL
57.38,30.52,0.243,4,1.104,0.615,3,1,8.22,131.02,254.82,27.41,100.0,45.87,0.98,-0.7,0.085,308.1,1044.3,0.219,1,CRITICAL
27.43,206.4,-0.507,2,0.456,1.239,2,0,12.58,212.23,365.28,36.65,100.0,91.22,0.98,-4.86,0.103,1086.7,396.3,0.562,1,CRITICAL
13.65,205.48,-0.457,5,0.152,2.922,0,0,5.94,146.02,268.61,21.97,100.0,65.87,0.915,-3.24,0.141,354.0,753.6,0.51,1,CRITICAL
22.68,329.11,-0.372,2,6.369,1.069,2,0,4.51,12.61,79.52,2.26,68.56,11.33,0.348,-1.42,0.054,192.4,864.9,2.101,0,LOW
29.56,189.43,-0.145,1,0.273,0.805,3,0,10.08,0.23,62.91,0.03,73.28,8.33,0.378,2.74,0.11,79.7,731.4,1.686,0,LOW
26.21,49.34,-0.468,4,0.427,0.378,2,3,11.61,62.26,212.88,12.41,100.0,45.79,0.594,1.19,0.227,420.2,213.2,0.404,1,CRITICAL
11.91,206.19,-0.679,4,0.95,2.15,2,1,6.1,78.79,171.13,7.79,100.0,40.26,0.69,-3.2,0.172,49.2,736.9,1.35,0,MODERATE
29.28,32.88,-0.397,5,2.065,3.552,2,0,10.53,9.14,70.45,1.76,76.5,10.8,0.351,-0.64,0.081,18.0,334.0,0.936,1,HIGH
39.85,73.37,0.225,4,5.459,0.342,2,0,6.33,11.86,84.95,2.39,73.57,11.25,0.485,2.1,0.065,403.3,188.7,0.645,0,HIGH
10.2,11.2,-0.445,2,0.995,2.324,1,3,8.79,214.43,540.43,22.26,100.0,95.0,0.98,-8.43,0.325,128.9,102.6,1.32,0,MODERATE
10.98,184.79,-0.119,5,2.745,2.768,1,1,8.91,187.16,305.04,27.51,100.0,77.37,0.98,-4.19,0.167,66.8,531.1,0.49,1,CRITICAL
15.2,30.43,0.681,5,0.332,2.529,1,1,6.11,11.1,71.15,2.27,68.77,8.81,0.3,-2.3,0.1,407.8,163.4,1.981,0,LOW
19.6,168.98,-0.017,2,2.186,3.698,1,1,11.56,18.44,51.78,3.95,72.38,6.75,0.362,2.11,0.066,566.2,137.9,2.603,0,LOW
34.32,335.86,0.12,3,0.685,3.652,3,0,11.82,144.73,354.02,28.02,100.0,63.72,0.98,-2.77,0.101,31.2,403.1,0.449,1,CRITICAL
39.62,259.11,-0.331,3,0.83,0.335,3,3,5.25,37.11,94.45,7.86,74.68,17.15,0.67,-6.29,0.247,150.1,133.4,0.959,1,HIGH
13.29,27.87,0.757,3,1.6,1.58,0,0,7.94,103.99,227.58,21.96,100.0,40.96,0.774,-4.32,0.063,6.7,172.8,1.842,0,MODERATE
24.75,80.72,-0.189,5,5.015,2.85,2,2,9.51,32.77,98.23,7.12,83.55,18.71,0.516,1.65,0.086,492.3,546.4,0.984,0,HIGH
38.78,242.52,-0.08,1,4.769,4.005,1,0,3.36,86.66,200.88,11.95,100.0,36.16,0.925,-0.7,0.185,5.0,502.7,0.523,1,CRITICAL
61.88,322.09,0.461,4,1.876,3.399,2,1,7.56,32.86,75.34,3.95,72.71,9.86,0.782,-4.46,0.106,138.6,1193.4,0.358,1,CRITICAL
24.68,11.85,-0.064,2,0.442,0.824,2,3,3.86,149.14,326.6,25.15,100.0,58.79,0.98,-6.63,0.211,652.5,722.1,0.606,1,CRITICAL
25.42,292.48,0.017,3,1.153,1.245,1,2,8.97,25.6,119.13,2.73,89.26,19.14,0.449,-1.52,0.223,245.2,188.1,1.504,0,LOW
27.52,202.25,-0.099,4,2.464,3.231,3,1,7.69,48.13,155.1,7.6,98.47,27.49,0.564,-2.3,0.159,454.6,280.8,0.682,1,CRITICAL
18.44,196.59,-0.096,2,7.125,2.033,3,2,6.68,47.95,153.54,7.72,96.15,26.57,0.478,-2.8,0.113,40.6,377.0,1.789,0,LOW
23.65,344.81,0.13,3,12.075,2.344,0,0,4.05,68.03,223.93,13.12,100.0,40.31,0.609,-3.57,0.075,34.1,228.5,0.928,1,HIGH
5.59,269.15,0.194,5,3.551,2.597,2,3,6.18,23.81,114.94,3.11,82.91,17.15,0.291,-3.15,0.208,122.5,1886.8,4.801,0,LOW
15.63,306.04,-0.225,4,1.511,0.523,0,2,8.64,66.89,180.9,10.99,100.0,40.59,0.591,3.1,0.157,313.1,15.4,0.986,1,HIGH
29.03,127.44,-0.268,3,4.138,3.609,0,1,7.41,9.88,31.56,2.04,58.44,4.51,0.347,-2.31,0.129,49.9,467.1,1.811,0,LOW
12.82,199.57,-0.213,2,1.434,3.639,3,1,10.12,145.64,433.61,20.25,100.0,95.0,0.947,-5.76,0.187,19.0,430.3,1.063,1,HIGH
34.74,221.55,-0.49,3,3.437,2.02,2,0,9.98,10.12,33.4,1.62,63.65,5.04,0.51,-0.14,0.143,1042.3,1213.3,1.469,0,LOW
7.05,115.77,-0.557,4,0.978,2.67,1,2,9.89,119.24,367.36,22.68,100.0,80.43,0.715,-3.84,0.063,96.2,1042.9,0.816,0,HIGH
34.03,205.29,0.104,4,1.087,2.806,2,1,6.32,76.79,192.49,8.83,100.0,34.65,0.825,-5.04,0.098,274.2,1129.4,0.387,0,HIGH
33.99,85.2,0.329,2,0.274,0.878,3,1,8.15,27.11,131.5,2.56,91.75,21.72,0.464,-2.37,0.08,301.7,2040.1,0.975,1,HIGH
62.47,51.62,0.305,4,1.907,0.562,3,3,5.38,25.78,49.32,4.52,60.46,5.37,0.747,-1.87,0.36,11.0,178.4,0.454,1,CRITICAL
18.02,134.63,-0.834,1,3.37,0.185,0,0,4.73,219.88,490.72,28.99,100.0,95.0,0.98,-4.52,0.076,233.7,302.6,0.869,1,CRITICAL
22.19,266.14,-0.086,1,5.442,3.843,3,0,10.1,14.1,43.52,1.88,67.11,5.26,0.38,-0.7,0.105,62.6,93.3,2.44,0,LOW
47.27,329.83,-0.386,3,5.819,1.517,3,1,4.89,83.43,264.67,17.54,100.0,57.65,0.884,-5.41,0.114,26.4,758.1,0.419,1,CRITICAL
44.13,164.78,0.05,2,17.099,0.452,2,0,4.65,13.19,79.5,1.81,68.81,9.85,0.432,0.06,0.129,141.6,383.2,1.043,0,HIGH
37.46,231.42,-0.146,1,0.321,2.01,2,2,7.73,153.27,361.93,32.73,100.0,83.54,0.98,-2.04,0.131,440.8,525.9,0.529,0,HIGH
26.69,37.09,0.207,4,2.378,0.41,0,2,6.9,88.05,278.73,8.35,100.0,50.17,0.842,-5.65,0.133,973.2,28.6,0.314,1,CRITICAL
46.6,325.61,-0.007,3,2.579,0.45,1,0,7.09,175.41,298.75,22.46,100.0,53.78,0.98,-6.65,0.085,191.3,27.3,0.419,1,CRITICAL
68.0,204.7,-0.664,4,5.713,2.104,2,0,12.57,137.34,259.41,24.31,100.0,63.17,0.98,-4.39,0.106,611.7,35.0,0.286,1,CRITICAL
30.48,280.92,-0.338,4,1.084,2.186,3,0,5.31,51.83,146.48,5.06,91.44,30.33,0.63,-1.69,0.055,813.1,563.6,0.559,1,CRITICAL
22.79,286.0,0.002,4,0.252,2.479,3,0,8.59,10.73,89.48,1.44,79.09,12.74,0.386,-0.77,0.11,163.8,206.6,1.203,1,HIGH
32.44,92.33,0.032,2,1.318,2.791,2,0,7.69,16.27,91.61,3.24,78.16,12.89,0.517,-1.63,0.128,44.0,619.1,1.342,0,MODERATE
24.49,190.5,-0.492,2,14.457,2.84,2,0,9.72,14.65,64.56,2.73,73.16,10.26,0.355,-5.07,0.159,103.9,328.4,1.947,0,LOW
18.94,345.77,-0.538,4,8.04,1.875,2,1,5.77,16.2,34.59,1.94,56.46,5.46,0.362,1.01,0.063,137.3,95.8,1.698,0,LOW
34.82,32.27,0.02,2,1.76,2.738,2,2,7.01,42.06,103.14,5.46,80.62,14.97,0.613,-4.52,0.127,169.7,54.7,1.171,1,HIGH
16.53,245.9,-0.491,4,7.314,1.349,1,0,7.75,131.52,370.5,19.82,100.0,82.47,0.895,-0.45,0.082,289.7,1179.6,0.364,1,CRITICAL
30.15,346.42,-0.584,3,0.117,1.909,1,2,4.35,1.52,37.51,0.28,54.83,3.88,0.339,1.69,0.091,290.1,482.8,1.773,0,LOW
8.19,108.21,-0.156,2,1.32,1.713,0,0,3.53,17.71,74.64,1.79,65.24,10.89,0.334,-4.34,0.102,219.4,417.7,6.053,0,LOW
50.96,310.12,-0.171,4,4.542,1.449,0,2,7.45,59.04,119.61,9.08,86.69,25.75,0.816,-1.5,0.061,72.6,426.9,0.228,0,HIGH
13.88,336.12,-0.307,5,0.876,1.078,0,2,10.44,130.32,431.06,11.76,100.0,93.23,0.802,-0.4,0.072,126.5,201.1,0.394,1,CRITICAL
9.34,268.95,-0.246,1,0.774,0.422,2,2,6.73,22.95,81.3,3.11,73.12,13.45,0.144,-0.19,0.055,149.4,48.6,5.065,0,LOW
43.33,83.28,0.005,1,6.927,2.174,0,0,7.03,31.34,127.62,3.34,88.49,20.33,0.651,-6.07,0.343,305.2,947.3,0.717,1,CRITICAL
47.59,120.24,-0.252,4,3.349,2.303,1,1,10.03,30.39,106.13,3.75,87.02,20.27,0.611,-1.9,0.067,42.7,1153.4,0.357,1,CRITICAL
26.4,12.89,0.025,1,15.792,1.478,3,2,7.17,22.6,130.42,2.86,89.64,21.04,0.417,0.43,0.13,77.4,283.5,1.366,0,LOW
21.0,299.32,-0.133,1,0.506,4.101,2,1,9.21,77.99,227.42,14.65,100.0,50.29,0.678,1.44,0.06,93.5,248.9,0.764,1,CRITICAL
18.27,305.86,0.059,2,1.541,2.384,2,0,13.37,69.33,205.72,8.12,100.0,37.03,0.716,-2.93,0.146,204.6,112.1,1.345,1,HIGH
25.62,227.78,0.307,3,1.305,3.745,1,3,6.23,120.46,204.83,20.83,100.0,36.87,0.975,-7.77,0.366,396.7,3.8,0.925,0,HIGH
21.67,126.91,0.294,3,7.425,2.437,2,2,7.11,162.23,415.07,25.09,100.0,74.71,0.98,1.03,0.102,520.8,543.5,0.609,1,CRITICAL
20.2,27.65,0.451,3,1.032,0.879,2,2,8.37,149.98,302.77,28.88,100.0,54.5,0.98,-4.51,0.143,379.7,312.3,0.651,0,HIGH
12.99,271.1,0.293,5,1.526,4.096,2,0,10.78,50.5,141.43,6.31,99.67,25.37,0.426,1.4,0.136,386.1,1349.9,1.733,0,LOW
10.76,261.55,0.083,4,0.539,3.73,1,1,7.25,13.35,106.18,2.93,82.02,15.68,0.292,-2.11,0.135,77.2,20.3,2.523,0,LOW
23.27,328.54,-0.152,5,5.227,2.032,2,1,9.1,16.33,73.19,1.98,74.81,11.81,0.327,-0.15,0.059,605.1,185.0,1.197,1,HIGH
25.2,262.99,-0.136,3,0.95,1.097,3,2,8.27,57.99,179.25,9.34,100.0,39.22,0.601,-4.07,0.186,15.1,1892.1,0.879,1,HIGH
14.37,298.33,-0.307,1,0.248,1.013,1,0,7.34,162.88,445.12,27.45,100.0,95.0,0.98,-6.12,0.121,217.6,436.6,1.063,0,MODERATE
15.62,268.54,0.002,5,1.999,3.405,1,1,6.58,49.14,176.22,7.63,100.0,31.72,0.418,2.34,0.071,25.9,194.9,1.264,0,MODERATE
25.17,227.05,0.244,1,1.738,0.383,1,2,6.16,178.4,388.16,35.72,100.0,69.87,0.98,-2.42,0.096,257.2,99.6,0.664,1,CRITICAL
12.78,153.71,-0.254,4,0.684,2.716,2,1,14.24,19.77,52.43,1.89,77.42,9.68,0.192,-1.67,0.153,13.6,30.4,2.324,0,LOW
38.22,324.76,-0.013,1,0.502,2.725,0,2,4.11,5.87,24.47,0.96,50.23,2.21,0.416,1.02,0.132,286.8,1152.9,1.562,0,LOW
29.51,234.35,-0.237,4,7.941,0.848,3,1,4.32,103.42,251.76,15.6,100.0,57.73,0.909,-4.96,0.063,9.6,230.9,0.232,1,CRITICAL
14.29,143.41,0.073,5,0.246,2.99,1,1,8.04,137.48,422.79,19.03,100.0,76.1,0.98,-3.95,0.123,50.5,1305.0,0.383,1,CRITICAL
28.71,30.05,-0.192,3,0.366,2.992,1,0,7.95,38.63,100.13,4.96,81.35,19.3,0.597,-1.72,0.107,392.0,194.8,1.335,0,MODERATE
12.97,104.65,-0.259,2,0.984,1.535,2,2,8.44,7.03,83.03,0.71,76.76,12.31,0.22,-3.24,0.135,101.0,1288.2,3.61,0,LOW
34.07,195.74,-0.238,2,10.69,2.082,2,0,5.58,2.81,42.41,0.48,58.61,4.81,0.386,-3.48,0.173,603.5,746.6,1.571,0,LOW
13.29,99.23,0.176,3,0.312,3.514,3,2,5.24,4.2,88.58,0.41,72.78,11.61,0.224,-6.01,0.082,28.9,178.3,3.551,0,LOW
20.77,79.64,-0.034,2,5.925,2.245,0,2,6.87,37.59,132.41,7.37,89.74,21.39,0.444,-4.37,0.092,211.7,249.3,1.797,0,LOW
24.06,189.86,-0.15,4,7.791,2.634,1,2,9.5,17.4,55.89,2.48,69.98,9.13,0.428,3.02,0.122,728.3,1291.5,1.221,0,MODERATE
47.22,61.14,0.091,3,1.661,1.792,0,3,5.26,40.28,129.03,6.64,85.76,19.92,0.652,-6.45,0.322,149.2,613.4,0.649,1,CRITICAL
13.82,288.15,-0.145,2,1.218,0.713,3,0,7.83,43.58,149.42,3.96,96.91,31.29,0.501,-2.16,0.127,111.2,735.5,2.19,0,LOW
13.48,174.37,0.394,3,3.959,4.192,2,1,6.37,39.82,159.47,3.71,97.5,27.99,0.414,-1.61,0.051,946.6,444.0,2.481,0,LOW
8.53,206.59,-0.341,3,4.245,2.279,3,1,4.15,62.88,170.67,7.11,97.08,37.37,0.424,-3.08,0.427,154.6,28.0,3.275,0,MODERATE
54.54,53.06,-0.065,1,5.299,1.479,3,3,4.68,73.94,180.13,13.99,100.0,32.42,0.901,-0.49,0.202,336.0,884.1,0.541,1,CRITICAL
22.6,116.85,-0.492,4,6.214,3.027,2,2,9.5,32.77,96.92,4.85,83.12,18.43,0.469,-2.54,0.212,707.0,677.0,1.092,1,HIGH
38.7,147.63,-0.121,5,1.094,2.645,0,2,6.17,26.72,106.74,3.3,80.27,18.63,0.592,0.65,0.239,5.0,381.4,0.557,1,CRITICAL
15.79,290.96,-0.588,2,4.065,1.055,1,0,10.24,29.87,78.24,5.94,78.46,14.63,0.413,-0.42,0.069,235.9,534.5,2.828,0,LOW
16.67,277.26,0.261,2,0.507,3.695,0,0,7.42,4.73,57.68,0.51,66.81,6.94,0.241,-4.68,0.169,350.0,118.4,3.108,0,LOW
21.6,80.27,0.268,4,2.502,0.391,3,0,4.49,25.22,125.57,2.93,83.26,18.82,0.373,1.2,0.102,152.0,1170.8,1.141,0,MODERATE
21.96,221.82,0.274,2,3.322,2.583,0,2,8.55,14.5,53.18,2.74,67.41,6.45,0.435,-2.27,0.093,312.9,108.4,2.355,0,LOW
31.81,87.64,0.01,1,0.617,2.059,2,1,5.74,22.34,119.88,1.87,83.69,18.06,0.468,-6.12,0.063,459.8,503.1,1.207,0,MODERATE
22.97,355.77,-0.308,4,0.279,1.405,0,1,6.67,81.45,197.55,9.03,100.0,45.33,0.634,-1.65,0.099,106.2,290.1,0.512,1,CRITICAL
17.85,342.76,-0.28,2,0.758,3.488,0,2,9.99,290.47,823.55,44.44,100.0,95.0,0.98,-7.73,0.131,109.3,360.4,0.788,1,CRITICAL
55.08,202.78,0.536,2,1.91,2.791,1,2,4.66,167.13,327.25,34.78,100.0,58.91,0.98,-0.47,0.105,25.7,103.6,0.49,1,CRITICAL
12.88,251.6,0.502,5,7.657,3.214,2,0,6.51,112.05,344.28,13.13,100.0,61.97,0.682,-0.7,0.07,868.4,89.8,0.667,1,CRITICAL
13.86,288.51,0.043,2,2.657,1.8,0,3,5.12,86.86,243.04,9.54,100.0,43.75,0.619,-5.19,0.253,9.4,179.2,1.49,0,MODERATE
12.99,259.56,-0.18,5,4.831,3.964,2,0,4.88,188.45,462.4,40.8,100.0,95.0,0.98,-2.6,0.215,178.1,13.5,0.419,1,CRITICAL
32.47,251.94,0.479,2,0.67,1.513,2,0,6.46,90.64,216.55,13.91,100.0,38.98,0.779,-4.75,0.186,213.1,58.1,0.526,1,CRITICAL
28.24,345.08,-0.243,4,0.392,2.277,3,2,5.61,41.38,159.41,3.67,96.12,32.55,0.571,-6.17,0.067,42.6,203.7,0.579,1,CRITICAL
20.25,214.72,0.08,3,0.959,3.928,3,1,6.9,59.78,174.03,7.1,100.0,31.33,0.605,-3.93,0.104,188.6,421.2,1.455,0,LOW
12.58,229.07,0.473,1,1.318,0.441,2,3,8.91,23.72,89.35,3.67,79.62,12.81,0.261,-5.0,0.274,97.8,195.2,3.714,0,LOW
24.0,305.74,-0.293,4,2.78,0.546,2,1,5.85,0.22,70.19,0.02,67.99,8.62,0.388,-1.24,0.111,454.2,34.2,1.238,0,MODERATE
34.89,241.16,0.29,5,7.457,4.176,1,3,4.27,28.36,98.59,5.02,74.23,13.17,0.526,3.06,0.286,485.1,725.8,0.731,1,CRITICAL
48.24,263.86,0.182,2,1.944,4.083,2,0,8.91,33.73,124.72,5.17,90.95,20.42,0.655,-1.68,0.142,158.8,77.4,0.589,1,CRITICAL
15.39,84.3,-0.014,4,2.56,3.264,1,2,5.83,85.86,261.96,15.4,100.0,47.15,0.613,-1.76,0.091,159.6,25.9,0.826,1,CRITICAL
20.21,133.66,-0.348,3,0.05,2.085,1,3,11.52,127.44,363.37,16.29,100.0,80.7,0.884,-6.26,0.222,22.1,195.3,0.645,1,CRITICAL
28.09,53.03,-0.254,4,0.119,2.175,2,1,6.6,213.69,464.2,29.66,100.0,95.0,0.98,-6.82,0.097,123.7,280.7,0.239,1,CRITICAL
17.75,182.08,0.101,4,0.306,1.155,1,0,7.2,28.18,118.28,5.92,85.81,18.27,0.329,-0.4,0.059,145.7,1002.9,1.423,0,LOW
9.45,164.06,-0.498,1,4.202,1.874,1,0,2.5,205.13,354.79,22.46,100.0,88.48,0.98,-5.47,0.16,165.7,128.3,1.578,0,MODERATE
20.27,358.98,0.046,2,2.331,1.869,1,3,4.94,104.41,199.27,8.93,100.0,35.87,0.757,-5.09,0.32,168.9,397.8,1.228,1,HIGH
10.25,220.04,0.189,3,0.75,0.248,3,1,2.5,2.04,24.26,0.44,47.26,2.06,0.102,1.27,0.279,27.1,145.2,5.511,0,LOW
36.48,283.12,0.345,5,3.143,1.958,0,1,8.15,58.79,195.25,4.76,100.0,35.14,0.609,-2.02,0.233,49.9,57.8,0.353,1,CRITICAL
18.58,120.25,-0.489,2,2.753,2.067,1,2,7.32,29.58,109.87,6.05,83.34,20.03,0.427,3.35,0.061,159.3,456.6,2.131,0,LOW
21.41,299.36,0.461,4,0.325,2.83,3,2,8.89,2.25,37.62,0.44,63.03,4.27,0.196,0.4,0.113,133.1,622.4,1.501,0,LOW
14.09,221.43,0.593,1,3.58,2.217,0,1,9.28,49.28,155.88,7.31,100.0,28.06,0.397,-5.02,0.148,43.0,353.2,2.221,0,LOW
21.88,250.92,0.144,4,5.101,3.633,3,3,9.62,57.14,165.72,10.21,100.0,29.83,0.602,-2.05,0.341,292.9,184.7,0.862,0,HIGH
42.21,106.0,-0.363,4,1.182,1.607,3,1,7.0,18.89,116.17,1.79,84.78,20.0,0.567,-4.59,0.078,35.0,1984.4,0.456,1,CRITICAL
38.58,197.51,-0.115,4,4.071,1.78,1,2,7.69,182.74,429.0,34.16,100.0,95.0,0.98,0.16,0.397,5.0,15.3,0.204,1,CRITICAL
11.28,228.25,-0.017,5,0.78,2.443,2,0,8.77,61.28,161.47,11.63,100.0,29.06,0.438,-4.9,0.106,265.5,361.9,1.885,0,MODERATE
3.0,212.07,0.095,1,4.948,0.931,3,0,5.75,12.58,47.51,1.1,60.55,5.18,0.128,1.33,0.1,24.2,497.3,18.577,0,LOW
20.36,329.47,0.008,2,8.497,1.713,2,3,5.44,83.04,231.59,12.42,100.0,41.69,0.612,-0.47,0.244,17.5,247.8,1.0,0,HIGH
18.65,323.38,0.098,5,2.041,2.913,0,1,10.89,44.94,136.11,9.56,98.15,24.05,0.467,-3.81,0.066,25.1,64.5,1.201,0,MODERATE
18.0,349.55,-0.032,2,0.982,1.788,3,1,3.53,41.66,134.06,8.88,84.25,20.33,0.484,-1.21,0.115,771.2,88.4,2.185,0,LOW
15.97,240.27,0.093,4,1.783,3.817,0,2,8.6,116.93,242.55,25.47,100.0,43.66,0.791,-2.9,0.061,31.2,1311.3,0.88,0,HIGH
11.12,349.89,-0.161,4,1.007,2.623,1,2,8.25,9.67,41.52,1.66,63.14,5.88,0.282,0.69,0.198,511.4,1058.8,2.885,0,LOW
64.73,299.69,-0.118,4,0.05,0.73,3,0,5.03,43.89,174.52,4.38,99.9,36.65,0.918,-1.64,0.054,419.6,86.6,0.258,1,CRITICAL
54.52,97.5,-0.202,2,3.679,2.099,1,2,6.03,98.64,223.35,13.59,100.0,52.04,0.98,-4.84,0.203,515.2,27.1,0.487,1,CRITICAL
17.55,153.88,0.671,2,0.152,3.236,2,2,6.71,70.2,156.27,12.76,97.09,27.31,0.529,-1.2,0.183,260.2,85.3,1.851,0,MODERATE
23.82,85.82,0.512,4,0.827,2.738,1,3,7.98,0.35,41.93,0.04,62.78,4.74,0.297,0.2,0.229,47.2,947.4,1.333,0,MODERATE
36.82,1.51,0.194,2,4.486,3.73,2,1,8.27,100.66,225.43,19.47,100.0,40.58,0.966,-5.54,0.053,412.6,47.5,0.479,1,CRITICAL
23.77,67.7,0.464,4,3.835,3.175,1,1,7.43,188.14,382.85,37.74,100.0,68.91,0.98,-10.73,0.223,233.4,79.6,0.269,1,CRITICAL
16.74,1.46,0.279,3,0.267,0.353,1,1,7.91,79.28,189.21,14.82,100.0,34.06,0.597,-1.31,0.181,235.2,552.0,1.697,0,MODERATE
9.56,259.14,0.063,3,3.776,0.561,1,0,8.95,135.63,353.29,17.35,100.0,63.59,0.912,-2.98,0.131,262.8,767.6,1.276,1,HIGH
22.32,153.19,-0.527,2,9.336,2.764,1,0,8.85,29.09,125.38,5.35,91.05,24.04,0.352,-0.7,0.055,45.0,354.4,1.556,0,LOW
10.35,112.53,-0.092,5,0.271,1.077,1,0,10.88,28.06,106.45,2.53,88.64,16.98,0.333,1.54,0.107,96.5,97.9,2.551,0,LOW
40.71,274.22,-0.117,3,1.881,2.51,1,3,9.79,25.15,128.28,3.19,93.68,24.65,0.521,0.49,0.418,1409.8,741.4,0.682,1,CRITICAL
21.77,299.7,-0.397,3,4.575,3.348,3,3,7.54,86.31,195.31,16.16,100.0,45.51,0.684,0.31,0.209,578.8,209.7,0.869,1,HIGH
29.31,351.11,-0.52,5,3.856,2.465,2,1,8.91,185.15,498.91,35.41,100.0,95.0,0.98,-2.95,0.107,124.6,504.5,0.215,1,CRITICAL
18.33,231.12,0.172,4,0.899,1.804,2,0,8.43,140.81,319.97,17.55,100.0,57.59,0.927,-3.66,0.18,1206.2,128.0,0.418,1,CRITICAL
34.19,166.15,0.114,5,0.623,2.75,2,0,7.86,10.58,65.29,2.27,70.04,8.23,0.432,-4.49,0.137,20.2,363.4,0.825,1,CRITICAL
15.19,109.9,-0.409,1,5.368,0.689,3,0,5.59,63.95,172.76,7.56,100.0,38.77,0.593,1.37,0.09,120.1,184.7,1.461,0,MODERATE
26.0,80.03,-0.261,4,10.952,3.065,2,3,7.86,358.22,788.28,61.76,100.0,95.0,0.98,-8.89,0.378,226.8,119.7,0.252,1,CRITICAL
17.94,76.65,0.406,2,5.107,2.958,2,1,2.96,22.76,119.57,4.62,78.58,16.91,0.399,-3.17,0.11,271.6,587.9,2.377,0,LOW
19.52,147.31,-0.307,4,11.558,2.209,1,2,9.86,65.47,186.55,10.29,100.0,41.43,0.561,-0.92,0.213,458.0,908.9,0.733,0,HIGH
36.57,357.04,0.06,5,3.251,1.243,2,1,8.27,154.12,413.83,21.23,100.0,74.49,0.98,-8.87,0.126,373.6,933.8,0.192,0,HIGH
14.02,0.31,-0.066,2,9.263,3.37,0,2,7.15,149.37,249.88,16.37,100.0,44.98,0.934,-6.04,0.08,326.2,261.5,1.406,0,MODERATE
26.97,70.99,0.177,3,4.104,2.193,2,2,6.57,25.21,109.61,2.71,81.91,16.16,0.445,-3.28,0.233,1025.8,1076.7,1.521,0,LOW
43.25,67.82,-0.3,4,8.385,0.343,1,0,8.94,6.41,68.98,0.66,73.16,9.85,0.49,-2.97,0.219,255.4,330.2,0.598,1,CRITICAL
35.87,258.16,0.032,1,0.617,3.866,2,1,11.54,67.5,197.65,9.59,100.0,35.58,0.687,2.29,0.079,5.0,196.3,0.538,1,CRITICAL
15.45,126.89,0.059,4,5.917,3.248,1,3,8.33,190.9,476.42,29.91,100.0,85.76,0.98,-5.22,0.22,268.5,640.3,0.387,1,CRITICAL
28.96,164.61,0.081,1,0.767,2.498,1,1,11.68,46.1,172.18,9.1,100.0,30.99,0.493,-3.72,0.358,398.4,145.3,0.841,1,CRITICAL
7.05,53.5,0.028,5,0.097,1.891,2,1,9.23,39.78,106.51,4.39,85.69,16.43,0.32,-2.12,0.101,700.6,234.7,3.818,0,LOW
37.22,145.8,0.121,2,2.551,4.036,0,1,5.73,129.66,350.83,24.08,100.0,63.15,0.978,-1.66,0.534,139.5,718.7,0.477,0,HIGH
68.0,37.15,0.767,3,1.341,3.278,0,1,8.57,35.92,120.83,6.36,89.1,19.38,0.82,-6.68,0.073,14.8,304.1,0.66,1,CRITICAL
26.14,191.9,0.896,1,0.156,2.293,1,1,8.36,74.25,205.21,12.54,100.0,36.94,0.639,-2.4,0.059,38.0,61.9,0.768,1,CRITICAL
44.38,35.26,-0.224,2,13.746,2.778,2,0,5.73,31.98,120.57,4.08,83.89,22.04,0.719,-2.97,0.051,667.9,1385.6,0.671,1,CRITICAL
9.28,284.58,-0.811,3,3.843,1.251,2,3,6.6,30.77,107.13,3.83,81.17,19.34,0.347,-1.14,0.23,842.0,5.6,4.468,0,LOW
11.87,203.98,0.208,3,8.123,0.902,1,0,6.56,13.52,90.18,2.52,75.67,12.28,0.181,-4.34,0.12,74.1,126.7,3.92,0,LOW
18.29,260.63,0.065,1,20.0,1.221,2,1,7.72,6.02,29.9,0.71,58.46,3.15,0.239,-1.77,0.073,315.2,739.2,3.135,0,LOW
20.26,150.67,0.371,5,1.741,1.302,2,0,6.88,140.67,246.25,17.75,100.0,44.32,0.98,-4.35,0.119,179.5,840.9,0.689,1,CRITICAL
26.23,137.34,0.1,1,1.029,3.133,2,0,8.09,13.0,34.73,2.8,60.68,3.79,0.387,-4.64,0.055,259.6,508.0,2.143,0,LOW
15.5,35.36,0.021,4,0.711,0.674,0,2,8.45,4.18,89.58,0.92,78.87,12.72,0.166,3.38,0.332,14.5,427.2,1.818,0,LOW
23.95,188.59,0.395,3,2.534,3.288,1,3,10.29,56.75,129.17,4.55,94.85,22.05,0.536,-1.3,0.234,930.9,804.9,1.493,0,LOW
36.53,185.22,0.444,3,3.261,2.246,1,2,8.71,51.33,182.82,9.04,100.0,32.91,0.681,0.08,0.34,178.6,615.5,0.594,1,CRITICAL
28.91,168.52,-0.485,2,2.238,1.677,2,0,5.96,54.52,212.41,8.45,100.0,44.78,0.622,-3.18,0.111,414.7,1766.2,0.543,1,CRITICAL
17.95,266.59,-0.286,4,1.714,1.332,2,1,12.14,41.04,131.73,5.93,99.02,28.4,0.478,-1.48,0.1,203.5,277.8,1.127,1,HIGH
32.75,299.7,-0.037,3,0.645,2.204,2,0,5.97,9.95,57.24,1.18,64.06,6.6,0.398,-4.4,0.058,544.1,142.0,1.523,0,LOW
17.51,270.28,0.034,2,2.041,1.402,1,1,6.65,1.37,52.98,0.21,63.92,6.1,0.204,-2.83,0.057,280.6,2.0,3.011,0,LOW
23.24,51.79,-0.079,2,0.312,1.861,1,0,8.81,3.09,29.27,0.44,60.23,3.17,0.238,-3.51,0.108,108.3,180.1,2.374,0,LOW
35.55,223.94,0.152,1,7.01,3.13,0,2,13.87,186.37,305.56,25.38,100.0,55.0,0.98,-4.19,0.081,193.3,787.4,0.54,1,CRITICAL
19.96,28.92,0.349,1,0.168,2.667,1,0,8.38,49.33,135.03,9.82,93.3,22.68,0.604,2.08,0.066,437.8,15.4,1.783,0,LOW
10.26,250.06,0.603,1,1.677,3.167,1,0,6.09,33.17,154.3,3.91,95.34,26.48,0.362,0.4,0.062,87.4,528.1,3.291,0,LOW
22.88,137.46,0.203,2,0.369,3.023,1,3,3.89,34.39,135.06,5.63,85.23,20.72,0.502,2.64,0.265,433.0,20.6,1.66,0,LOW
35.71,47.7,-0.298,4,5.22,3.442,2,3,3.75,68.65,215.48,13.8,100.0,47.02,0.689,-0.59,0.229,345.4,290.8,0.21,1,CRITICAL
37.44,310.34,-0.052,2,1.313,0.927,1,0,7.52,30.72,151.91,6.67,97.16,26.57,0.552,-0.76,0.181,5.0,247.0,0.703,1,CRITICAL
11.57,221.04,-0.026,2,0.42,4.18,2,0,8.7,103.47,208.62,17.01,100.0,37.55,0.707,-5.58,0.058,564.3,1240.7,2.219,0,MODERATE
32.06,127.7,0.18,1,2.654,2.051,2,2,4.38,19.57,79.8,2.99,68.41,9.83,0.474,-0.78,0.051,206.0,173.4,1.525,1,HIGH
19.29,11.06,0.136,3,8.681,3.045,2,1,7.99,29.75,116.36,5.88,86.62,18.14,0.407,-2.98,0.278,734.8,344.7,2.097,0,LOW
45.92,193.43,0.718,2,8.376,2.879,3,3,4.61,177.67,394.73,18.9,100.0,71.05,0.98,-2.67,0.201,5.0,435.8,0.46,1,CRITICAL
10.4,332.36,-0.162,4,1.005,2.421,0,1,5.47,19.6,51.88,3.3,61.44,8.09,0.321,-4.99,0.207,554.1,154.0,3.009,0,LOW
31.74,214.7,0.135,4,4.451,4.183,0,0,8.89,70.43,138.29,6.27,95.25,23.71,0.771,-2.88,0.22,411.7,128.2,0.62,1,CRITICAL
18.12,349.79,0.824,3,0.108,0.991,2,0,5.86,29.47,126.26,5.08,85.94,19.53,0.406,-1.75,0.285,303.0,151.8,2.193,0,LOW
15.64,49.12,-0.205,2,0.495,1.829,1,2,10.38,41.41,143.68,7.93,99.66,30.74,0.326,2.44,0.105,255.2,61.9,1.917,0,LOW
36.38,204.59,0.051,3,2.422,0.624,3,2,6.21,3.01,56.03,0.27,64.12,6.47,0.429,-3.82,0.128,256.1,55.4,1.364,0,LOW
39.39,287.33,-0.331,2,0.909,0.846,1,2,9.94,11.9,63.33,2.36,73.16,9.77,0.529,1.48,0.086,511.2,403.5,1.168,1,HIGH
5.68,189.19,0.029,5,5.603,3.023,0,3,12.48,6.99,64.4,0.68,78.08,9.05,0.25,0.72,0.485,1429.5,47.7,5.289,0,LOW
36.73,32.78,-0.273,4,9.361,0.12,2,0,5.86,121.06,232.15,12.67,100.0,56.31,0.98,-4.26,0.155,173.6,96.7,0.207,1,CRITICAL
21.32,209.84,0.366,3,0.05,3.748,1,2,12.93,212.04,566.77,41.79,100.0,95.0,0.98,-4.42,0.152,234.0,84.1,0.617,1,CRITICAL
22.53,220.23,0.052,5,0.928,2.696,1,2,7.53,4.58,40.8,0.45,61.61,4.52,0.289,-1.92,0.085,56.1,67.1,1.402,0,LOW
10.03,262.34,-0.327,3,2.027,1.908,3,2,6.11,5.2,50.33,0.91,62.1,6.25,0.134,-1.27,0.079,139.3,68.5,5.194,0,LOW
30.63,274.04,0.294,2,2.898,1.459,0,1,6.85,52.22,104.23,6.33,80.68,15.14,0.671,-0.36,0.115,51.9,719.1,1.356,0,LOW
65.56,277.48,0.063,1,8.665,0.618,2,2,6.61,45.58,126.95,5.23,87.52,20.0,0.875,4.25,0.057,5.0,124.6,0.754,0,HIGH
16.21,238.84,0.333,3,7.786,3.878,1,2,10.58,68.34,199.96,11.69,100.0,35.99,0.546,-0.16,0.093,360.0,111.3,1.679,1,HIGH
41.35,77.69,-0.402,5,3.548,3.021,1,2,10.4,86.77,235.18,8.24,100.0,52.74,0.902,-2.32,0.111,102.2,62.1,0.185,1,CRITICAL
22.07,145.52,0.129,5,1.042,1.479,1,0,10.37,103.72,226.63,16.64,100.0,40.79,0.869,0.28,0.161,571.4,542.6,0.678,1,CRITICAL
16.59,279.41,0.271,4,5.352,0.391,0,2,4.64,10.49,49.8,2.2,59.29,5.31,0.324,-4.96,0.118,189.2,68.7,1.942,0,LOW
8.81,343.23,-0.148,3,0.793,1.435,0,2,7.92,2.51,58.73,0.5,68.04,7.49,0.283,-2.26,0.09,456.5,25.8,5.751,0,LOW
44.42,28.42,-0.441,4,11.751,0.857,3,0,4.09,142.98,374.2,28.47,100.0,84.51,0.98,-3.89,0.052,154.3,2638.4,0.199,1,CRITICAL
23.58,192.79,-0.015,4,0.05,3.324,2,1,9.72,41.21,160.77,5.04,100.0,28.94,0.543,-4.62,0.149,500.7,378.3,0.802,1,CRITICAL
17.09,112.51,0.43,3,2.952,3.05,2,1,6.44,230.68,430.3,41.1,100.0,77.45,0.98,-7.17,0.167,542.6,539.7,0.744,0,HIGH
18.76,81.14,0.394,3,0.324,2.142,0,2,8.61,49.46,118.36,9.36,88.37,18.83,0.592,-6.33,0.204,176.1,950.2,2.124,0,LOW
31.93,182.09,-0.15,4,1.833,3.732,0,2,6.4,46.37,81.01,9.56,72.44,16.13,0.624,-5.32,0.068,757.0,1.1,0.776,1,CRITICAL
17.07,218.19,-0.449,5,3.527,0.841,2,1,3.64,63.4,238.51,7.42,100.0,50.54,0.535,-3.08,0.106,98.0,733.3,0.714,1,CRITICAL
12.52,3.52,-0.151,4,4.095,1.953,2,2,9.45,12.12,53.67,2.26,69.18,8.14,0.203,-3.79,0.099,131.1,527.3,2.458,0,LOW
20.78,280.87,-0.164,1,5.389,3.014,1,0,9.62,19.05,130.55,2.14,94.09,24.39,0.335,-0.53,0.164,181.3,182.1,1.627,0,LOW
20.42,295.16,0.156,1,3.149,0.378,1,0,7.81,153.56,384.42,12.88,100.0,69.2,0.98,-3.6,0.106,386.1,26.1,0.781,1,CRITICAL
20.17,347.58,-0.037,5,1.013,1.628,1,0,2.85,15.51,80.33,2.29,65.84,9.52,0.35,-0.62,0.178,142.4,362.5,1.466,0,LOW
17.21,65.03,-0.264,4,7.702,2.444,0,0,9.15,17.24,101.08,3.23,83.82,17.32,0.323,-2.81,0.057,24.5,165.1,1.501,1,HIGH
42.1,214.04,0.386,3,5.833,1.604,2,2,5.88,46.37,116.09,5.1,82.73,17.29,0.637,0.58,0.054,5.0,17.2,0.851,1,HIGH
68.0,153.59,0.049,3,0.61,2.069,1,3,8.64,66.62,168.91,5.78,100.0,30.4,0.98,-1.28,0.225,577.2,1221.9,0.602,1,CRITICAL
11.59,120.54,0.152,5,6.131,2.593,1,1,6.42,0.06,46.94,0.01,61.58,5.2,0.108,-0.64,0.101,286.0,21.8,2.764,0,LOW
5.05,203.63,-0.604,5,12.596,1.61,2,3,6.65,39.67,96.45,4.3,77.83,18.27,0.367,-1.41,0.311,52.2,310.6,5.278,0,LOW
19.36,281.66,-0.848,4,3.549,0.535,0,2,8.59,33.1,144.54,4.42,96.72,29.14,0.43,-2.38,0.086,650.7,567.2,1.023,0,HIGH
5.51,8.3,-0.503,2,1.159,0.672,2,0,5.69,130.46,390.69,27.26,100.0,85.98,0.796,-0.51,0.158,358.7,331.2,2.406,0,MODERATE
8.25,348.98,-0.168,4,3.265,2.261,3,0,7.13,119.0,386.54,21.91,100.0,83.86,0.792,-0.73,0.192,405.8,1853.4,0.7,1,CRITICAL
16.38,291.56,0.202,1,1.468,0.816,0,2,8.62,153.64,427.97,20.31,100.0,77.04,0.966,-5.19,0.106,167.1,417.6,0.945,1,HIGH
31.81,270.42,-0.82,5,3.944,3.748,2,2,12.27,119.96,391.98,15.06,100.0,84.95,0.916,-3.19,0.304,391.6,395.5,0.205,1,CRITICAL
19.24,273.74,0.557,1,2.755,3.52,1,0,7.34,100.43,246.37,20.99,100.0,44.35,0.742,-4.2,0.063,260.8,448.1,0.847,1,CRITICAL
4.08,140.06,0.06,4,9.282,1.531,0,1,9.35,127.34,272.69,26.03,100.0,49.08,0.743,2.42,0.078,371.4,1632.0,3.236,0,MODERATE
19.1,270.58,0.476,4,3.367,3.507,2,3,4.92,12.49,96.24,2.06,74.66,12.93,0.303,-2.09,0.681,115.7,177.5,1.465,0,LOW
19.91,139.24,-0.31,4,0.843,2.286,2,0,11.23,27.09,97.72,3.52,86.48,18.46,0.431,1.25,0.065,214.4,815.7,1.249,0,MODERATE
20.1,323.53,0.176,3,4.52,0.752,2,2,5.72,74.8,156.87,14.28,95.5,26.96,0.64,4.0,0.244,10.1,40.5,1.646,0,MODERATE
38.86,63.8,0.03,1,1.253,2.618,3,0,7.21,166.77,454.96,28.84,100.0,81.89,0.98,-3.74,0.252,49.6,481.6,0.523,1,CRITICAL
35.49,105.25,0.286,4,1.113,2.886,1,1,8.62,71.46,231.86,11.37,100.0,41.74,0.753,-6.98,0.132,543.4,385.8,0.252,1,CRITICAL
23.08,198.48,-0.082,3,1.74,0.444,2,1,5.78,15.15,97.98,2.78,76.77,13.54,0.344,2.27,0.054,298.8,449.7,1.918,0,LOW
58.95,114.92,0.166,2,0.05,1.389,2,1,9.88,188.13,386.75,18.59,100.0,69.61,0.98,-6.24,0.107,492.9,263.8,0.52,1,CRITICAL
16.35,152.73,0.386,5,12.174,0.122,0,0,6.04,92.86,306.07,19.52,100.0,55.09,0.723,-4.77,0.056,230.6,549.4,0.647,1,CRITICAL
20.63,177.27,-0.228,3,2.66,1.397,3,0,9.33,81.95,210.5,17.72,100.0,47.72,0.675,1.61,0.082,158.5,491.2,0.861,1,HIGH
21.86,308.29,0.085,4,5.197,1.475,1,2,9.85,93.45,230.2,12.11,100.0,41.44,0.686,-6.32,0.051,472.7,861.5,0.63,1,CRITICAL
8.75,188.35,-0.661,3,1.044,2.684,2,0,8.77,69.96,172.45,14.87,100.0,39.44,0.585,0.99,0.054,13.5,1102.7,2.999,0,MODERATE
22.12,130.49,0.246,4,4.805,0.916,2,2,9.06,1.45,69.6,0.28,73.58,9.22,0.317,-1.79,0.146,324.9,104.3,1.326,0,MODERATE
7.67,89.19,0.684,4,2.931,0.223,2,2,13.07,19.01,72.67,4.03,81.78,10.7,0.285,-6.21,0.372,263.3,609.8,3.822,0,LOW
14.88,147.12,-0.436,4,1.932,1.394,0,2,8.42,203.88,418.46,42.5,100.0,95.0,0.98,-3.07,0.172,10.2,354.1,0.4,1,CRITICAL
23.65,185.66,-0.032,5,12.352,3.485,1,0,7.74,22.13,132.94,2.39,91.48,21.89,0.435,-7.27,0.09,114.5,157.4,0.965,0,HIGH
9.7,268.6,0.308,3,2.383,1.736,1,2,8.24,95.99,321.82,11.17,100.0,57.93,0.655,-3.23,0.083,204.6,95.5,1.435,0,MODERATE
26.54,43.58,0.011,4,3.75,1.802,2,2,10.3,35.91,168.06,4.18,100.0,30.25,0.466,-6.0,0.458,9.2,123.9,0.665,1,CRITICAL
13.49,79.78,0.058,4,0.054,2.023,1,0,12.62,154.76,351.25,14.42,100.0,63.22,0.954,-5.12,0.071,103.1,232.9,0.473,1,CRITICAL
17.92,136.68,-0.137,3,1.256,3.182,2,1,7.13,53.02,129.39,7.19,89.25,27.15,0.522,-0.52,0.053,5.0,298.1,1.906,0,LOW
29.06,129.74,-0.15,3,7.684,2.068,1,0,5.49,64.96,132.08,8.49,87.15,28.52,0.706,-1.44,0.074,88.8,171.3,1.045,0,HIGH
21.16,141.03,-0.03,5,4.98,0.474,0,1,10.06,17.81,109.26,2.28,88.07,17.32,0.407,-1.04,0.083,1062.2,212.7,1.193,0,MODERATE
26.21,285.67,0.015,1,2.693,0.946,1,2,4.5,3.85,61.99,0.5,62.94,7.02,0.26,1.25,0.104,169.2,1093.2,2.02,0,LOW
28.1,116.7,-0.414,2,8.065,0.87,2,3,8.07,91.84,180.85,8.14,100.0,43.57,0.83,-3.04,0.296,836.2,95.3,0.553,1,CRITICAL
20.96,180.68,-0.023,3,2.331,2.182,2,2,8.17,4.55,20.94,0.48,56.41,2.13,0.276,-1.83,0.135,456.5,20.3,2.626,0,LOW
27.03,224.61,0.549,1,2.926,0.223,0,1,7.26,83.16,157.84,10.1,98.59,28.01,0.703,-2.15,0.129,85.1,611.0,1.041,1,HIGH
14.73,83.58,-0.147,5,1.685,1.263,1,3,7.39,52.7,144.08,10.78,94.41,30.81,0.5,-3.91,0.375,772.9,184.6,1.391,0,LOW
28.87,258.73,-0.433,2,3.387,2.589,3,2,3.86,111.47,256.58,23.38,100.0,59.56,0.928,-1.27,0.12,99.9,133.1,0.544,1,CRITICAL
19.43,196.96,-0.053,2,1.345,1.554,1,1,5.59,14.98,104.36,1.8,78.46,14.74,0.269,-1.32,0.065,118.6,1325.4,2.27,0,LOW
42.67,160.84,-0.25,4,1.704,3.002,2,3,9.56,50.69,167.79,8.98,100.0,36.28,0.706,-0.42,0.236,101.2,206.9,0.199,1,CRITICAL
23.93,291.52,-0.468,2,11.869,1.704,2,0,3.01,61.9,152.36,12.32,89.17,31.88,0.52,-2.88,0.139,163.5,244.6,1.183,0,MODERATE
15.99,87.66,0.049,4,0.413,4.115,0,0,7.31,5.02,28.21,0.76,57.19,2.9,0.293,-0.05,0.11,21.4,422.3,2.087,0,LOW
29.14,317.94,-0.249,4,0.389,4.058,2,2,6.81,87.3,179.63,16.22,100.0,42.81,0.714,-1.28,0.119,474.5,225.4,0.376,1,CRITICAL
43.65,201.98,-0.219,4,0.155,3.379,3,3,3.12,32.03,79.22,6.94,65.96,13.25,0.619,-6.89,0.228,23.9,787.1,0.556,1,CRITICAL
16.85,219.3,0.054,4,1.35,4.013,3,0,11.22,8.97,37.42,0.92,67.18,4.52,0.261,-5.03,0.077,182.3,267.3,1.907,0,LOW
15.22,315.02,-0.537,1,1.778,0.94,2,2,5.23,31.82,126.38,2.86,84.86,23.12,0.352,-3.23,0.098,20.2,219.1,2.447,0,LOW
3.0,294.33,-0.61,1,0.347,3.179,2,1,8.71,6.73,82.82,1.14,77.18,12.31,0.058,-1.66,0.053,297.8,382.2,15.969,0,LOW
23.89,216.56,0.235,2,2.788,1.419,1,2,6.47,142.3,303.53,21.51,100.0,54.64,0.933,-0.86,0.095,167.5,1189.5,0.621,1,CRITICAL
18.35,271.15,-0.676,1,3.064,3.074,1,0,5.64,39.66,86.43,4.82,72.81,16.09,0.441,-0.86,0.104,5.0,344.0,2.418,0,LOW
29.08,156.0,-0.342,3,4.866,1.633,1,3,6.98,9.65,47.08,2.01,62.63,6.47,0.334,-0.08,0.205,158.0,167.1,1.738,0,LOW
29.41,197.06,-0.63,3,13.049,1.287,3,3,6.72,18.88,101.74,3.75,79.64,16.85,0.414,2.28,0.203,126.6,188.1,1.369,0,LOW
9.01,22.35,-0.17,3,3.381,4.031,1,1,7.09,83.83,203.68,9.81,100.0,46.72,0.552,0.56,0.051,687.4,99.0,2.376,0,MODERATE
35.4,32.35,0.15,2,0.414,0.961,1,3,5.77,100.24,284.19,18.88,100.0,51.15,0.871,-5.73,0.236,255.8,444.1,0.487,1,CRITICAL
13.93,298.59,0.039,3,0.324,3.21,1,3,5.27,2.74,77.81,0.54,69.38,9.72,0.165,1.83,0.255,491.5,13.3,3.503,0,LOW
16.9,21.48,0.837,2,5.261,2.866,1,1,9.71,4.01,19.27,0.5,58.64,2.03,0.231,-1.02,0.065,43.7,523.0,3.342,0,LOW
4.28,60.98,0.38,2,3.678,1.344,0,3,7.52,161.92,389.46,15.2,100.0,70.1,0.93,-5.73,0.381,37.8,1023.5,3.09,0,MODERATE
26.62,286.5,-0.326,4,0.618,1.979,1,3,7.37,26.13,82.82,5.2,74.76,14.28,0.445,-2.46,0.27,56.6,474.3,0.993,1,HIGH
11.11,0.41,-0.419,4,1.023,0.686,2,0,5.54,13.96,38.91,1.31,57.42,5.7,0.167,-3.04,0.123,805.4,830.5,2.92,0,LOW
15.31,101.67,0.947,4,4.855,3.877,2,0,10.96,8.54,73.39,1.25,78.22,10.33,0.268,-1.02,0.055,29.3,40.0,1.908,0,LOW
10.46,210.25,0.372,5,2.923,4.069,2,1,7.31,42.0,111.11,4.5,83.71,16.74,0.338,-2.25,0.057,185.0,596.8,2.554,0,LOW
37.03,214.36,0.206,4,3.078,3.103,1,1,3.33,95.83,248.68,20.11,100.0,44.76,0.807,-0.03,0.106,22.2,638.8,0.207,1,CRITICAL
17.75,279.78,0.026,4,0.825,3.583,2,0,8.11,47.86,147.27,4.55,96.72,25.64,0.543,2.68,0.165,398.2,187.7,1.214,0,MODERATE
9.82,182.13,0.096,1,3.471,0.439,2,0,5.82,1.36,55.45,0.13,63.22,6.31,0.222,-2.24,0.196,136.0,545.3,5.537,0,LOW
10.27,183.38,-0.519,1,5.153,1.674,1,3,9.5,43.0,134.89,7.66,95.27,28.29,0.425,-5.3,0.262,264.9,255.5,3.145,0,LOW
33.85,261.11,0.055,4,7.578,1.456,0,2,9.78,24.28,81.42,2.64,78.67,11.53,0.481,-0.02,0.121,20.8,572.3,0.778,1,CRITICAL
13.18,179.5,0.025,2,4.671,2.416,3,3,9.53,74.65,163.02,7.35,100.0,29.34,0.55,-0.34,0.276,158.1,537.8,2.385,0,MODERATE
16.68,219.06,-0.316,3,3.006,0.852,2,3,6.48,48.18,189.36,4.99,100.0,39.87,0.549,-1.21,0.23,40.2,161.6,1.466,0,LOW
22.64,323.2,-0.188,1,3.915,2.41,0,1,7.25,218.54,464.06,35.71,100.0,95.0,0.98,-9.42,0.346,109.8,12.8,0.719,0,HIGH
18.47,144.52,0.53,2,2.323,2.783,1,2,8.05,59.26,104.87,6.59,83.04,15.68,0.499,-4.37,0.348,58.6,679.5,2.325,0,LOW
6.29,138.65,-0.044,4,0.901,0.643,2,0,9.46,65.06,147.69,8.64,99.29,26.4,0.426,-2.13,0.128,184.0,156.4,3.529,0,MODERATE
30.76,1.28,0.725,2,7.486,0.64,2,2,5.22,47.74,118.34,9.5,82.26,17.52,0.6,-3.69,0.088,627.3,385.3,1.275,0,MODERATE
19.26,220.83,-0.609,3,2.662,0.245,3,0,7.71,24.21,81.66,2.53,75.0,13.93,0.358,-4.18,0.202,141.8,441.5,2.322,0,LOW
26.04,10.72,-0.183,2,3.158,3.22,2,0,11.61,64.73,187.62,12.67,100.0,41.54,0.684,2.87,0.065,655.1,973.4,0.699,1,CRITICAL
31.97,181.49,-0.542,4,16.156,1.457,0,0,6.32,26.31,73.08,4.96,69.77,12.34,0.491,-4.23,0.124,417.6,13.1,0.838,0,HIGH
5.29,289.52,-0.423,4,14.703,1.024,2,2,7.44,82.13,280.1,16.13,100.0,60.27,0.493,0.17,0.175,384.7,342.6,1.638,0,MODERATE
32.13,197.97,-0.29,3,3.089,3.29,1,3,13.25,17.57,80.71,2.26,84.68,14.41,0.538,-0.52,0.2,425.3,452.5,1.273,0,MODERATE
68.0,97.07,0.11,4,0.121,0.687,1,0,6.97,29.79,88.68,4.35,75.92,12.12,0.742,-0.28,0.095,347.3,424.8,0.345,1,CRITICAL
27.56,283.02,0.093,2,1.765,1.851,0,1,4.11,56.95,199.26,10.19,100.0,35.87,0.544,0.51,0.074,63.6,639.8,0.806,1,CRITICAL
43.03,97.1,-0.238,4,9.693,3.154,1,2,7.37,64.36,137.96,5.49,92.42,30.67,0.762,-4.21,0.178,510.3,28.5,0.28,1,CRITICAL
36.37,263.89,-0.78,4,1.19,2.453,3,1,11.18,71.79,205.85,12.41,100.0,45.67,0.773,-3.39,0.256,132.0,117.2,0.208,1,CRITICAL
31.5,219.69,0.517,5,20.0,2.371,2,3,9.82,78.33,231.23,7.58,100.0,41.62,0.699,-1.59,0.215,87.8,460.4,0.374,1,CRITICAL
37.05,61.2,-0.1,2,0.308,0.746,0,0,5.34,24.91,119.43,3.0,82.84,20.8,0.556,-6.32,0.066,501.3,185.4,0.925,1,HIGH
40.39,325.85,-0.391,1,2.939,0.842,2,0,8.41,145.01,281.61,28.04,100.0,68.09,0.98,0.02,0.311,268.9,135.3,0.518,1,CRITICAL
41.24,72.23,0.096,2,2.536,2.488,2,1,7.11,1.98,51.57,0.33,64.31,5.97,0.562,-0.95,0.107,81.7,212.9,1.241,1,HIGH
10.25,356.25,0.072,1,1.032,0.197,3,2,9.29,13.57,90.46,2.27,80.66,13.13,0.267,-3.83,0.058,612.2,905.1,4.536,0,LOW
38.26,2.63,-0.113,2,10.389,3.663,3,0,6.15,4.73,34.23,0.53,57.02,4.08,0.375,1.44,0.056,216.7,107.5,1.42,0,LOW
19.11,94.85,0.052,2,3.379,1.537,0,0,8.59,72.37,245.52,12.56,100.0,44.19,0.579,-2.42,0.317,6.8,724.8,0.986,0,HIGH
42.02,71.95,-0.404,3,0.916,1.808,3,2,11.7,20.78,119.67,2.05,94.36,22.82,0.565,-3.42,0.095,209.5,201.2,0.684,1,CRITICAL
28.87,5.04,0.266,5,1.696,1.16,0,0,2.5,14.44,103.39,3.1,72.59,13.51,0.363,0.88,0.278,868.8,498.1,0.918,1,HIGH
10.15,263.65,-0.349,2,4.471,3.694,0,1,8.8,42.59,158.53,4.91,100.0,33.65,0.39,-7.87,0.119,49.5,70.2,2.831,0,LOW
45.07,249.63,-0.212,5,1.237,2.734,0,3,10.4,62.73,189.3,12.28,100.0,41.6,0.873,-1.41,0.302,100.3,82.3,0.183,1,CRITICAL
13.97,285.25,0.227,4,7.409,1.945,0,2,4.08,62.76,221.85,13.11,100.0,39.93,0.558,0.82,0.076,72.6,63.6,1.141,1,HIGH
18.57,92.41,0.421,5,0.634,2.5,3,1,5.91,52.99,215.62,5.51,100.0,38.81,0.543,-4.34,0.056,69.7,834.5,0.889,1,HIGH
50.64,159.96,0.555,5,1.075,1.66,2,1,6.63,313.73,673.07,25.53,100.0,95.0,0.98,-10.68,0.173,22.5,542.2,0.187,0,HIGH
24.01,237.28,0.37,4,0.548,2.009,2,1,5.89,127.9,294.88,25.89,100.0,53.08,0.894,-2.7,0.065,175.9,957.6,0.333,1,CRITICAL
18.11,158.32,-0.113,4,0.385,1.566,3,2,5.73,17.74,37.12,3.32,57.19,5.95,0.333,-3.25,0.151,477.7,441.3,1.765,0,LOW
21.25,251.04,-0.539,3,1.25,1.784,1,2,6.68,92.42,208.32,9.39,100.0,48.59,0.717,2.57,0.056,76.9,463.1,0.797,0,HIGH
17.88,228.23,0.492,3,20.0,1.391,0,2,9.37,54.75,164.78,10.75,100.0,29.66,0.486,-3.62,0.119,347.7,337.4,1.744,0,LOW
33.82,41.27,0.48,5,0.347,0.418,2,2,10.77,4.75,74.54,0.92,78.24,10.5,0.382,-1.78,0.162,238.3,27.2,0.79,0,HIGH
18.2,281.18,-0.235,3,0.838,0.253,3,0,10.37,3.31,17.48,0.48,59.25,2.26,0.239,0.04,0.052,66.8,16.2,3.008,0,LOW
21.66,259.44,0.322,1,1.109,0.814,3,0,9.69,104.49,301.28,22.21,100.0,54.23,0.763,-7.84,0.089,236.1,306.0,0.745,1,CRITICAL
30.19,236.1,-0.116,4,3.379,1.132,1,2,11.53,51.18,119.78,8.27,94.09,26.43,0.583,-2.07,0.121,207.0,308.7,0.624,0,HIGH
28.41,55.83,0.525,3,4.787,3.751,3,0,11.97,55.06,185.6,7.82,100.0,33.41,0.57,0.5,0.178,71.7,114.0,0.888,1,HIGH
14.68,96.48,-0.18,4,4.879,2.606,3,3,7.87,26.64,85.89,2.18,76.64,15.05,0.367,-1.94,0.224,5.0,399.3,1.866,0,LOW
34.04,141.54,0.693,1,0.05,4.029,0,1,10.65,173.18,510.71,36.95,100.0,91.93,0.98,-7.53,0.186,146.3,1034.8,0.551,1,CRITICAL
16.33,100.77,0.275,4,3.693,1.493,2,1,8.43,81.22,226.67,7.96,100.0,40.8,0.688,-3.91,0.134,109.3,687.1,0.931,1,HIGH
11.71,82.01,0.629,2,3.487,1.747,0,2,7.02,170.82,499.35,20.75,100.0,89.88,0.98,-9.4,0.084,93.1,376.3,1.157,1,CRITICAL
6.73,289.93,-0.162,5,2.552,3.051,1,2,7.39,6.8,86.33,1.24,75.93,12.61,0.21,-2.06,0.078,335.9,137.0,4.281,0,LOW
20.03,229.76,0.142,1,1.669,2.469,3,2,9.73,56.97,163.17,4.6,100.0,29.37,0.522,0.44,0.147,346.1,123.0,1.442,0,LOW
7.74,203.57,-0.339,4,5.589,2.264,2,2,10.72,65.96,182.98,10.29,100.0,40.85,0.494,-4.08,0.153,731.7,802.2,2.102,0,MODERATE
13.46,81.34,0.295,1,1.475,2.46,2,1,8.78,8.75,79.7,0.9,76.3,10.95,0.245,0.37,0.131,7.8,206.5,3.614,0,LOW
21.97,330.51,0.315,1,0.915,2.495,3,3,6.63,27.63,111.63,2.3,82.65,16.61,0.415,-5.46,0.247,675.3,428.3,1.912,0,LOW
39.93,68.83,0.839,2,1.299,3.24,0,3,6.42,15.72,87.11,2.67,74.44,11.67,0.431,3.18,0.202,314.1,975.3,1.097,1,HIGH
18.85,286.18,0.169,2,2.027,2.839,0,1,3.42,270.68,600.3,44.5,100.0,95.0,0.98,-3.79,0.118,301.7,206.7,0.752,1,CRITICAL
8.88,348.0,0.253,4,0.843,4.025,1,2,8.29,50.96,105.79,9.32,83.78,15.95,0.442,-3.45,0.126,1353.9,546.4,3.046,0,LOW
20.85,261.75,-0.165,1,3.274,3.987,2,3,8.14,24.62,121.97,4.1,88.69,22.42,0.462,-5.0,0.222,22.7,727.9,1.74,0,LOW
39.11,357.43,0.189,3,7.546,1.83,3,2,5.2,70.99,134.01,10.07,87.25,21.04,0.717,-3.89,0.068,455.2,72.7,0.838,1,CRITICAL
18.6,234.38,-0.133,2,3.168,0.246,2,2,8.54,70.04,163.44,10.3,100.0,37.82,0.54,-1.9,0.21,251.9,36.4,1.283,1,HIGH
43.52,78.29,0.041,5,2.071,0.145,3,2,8.5,27.73,88.2,3.07,78.53,12.47,0.636,0.96,0.066,49.4,783.6,0.545,1,CRITICAL
21.9,73.38,0.061,1,5.579,0.605,2,0,4.24,331.71,580.4,30.42,100.0,95.0,0.98,-13.11,0.069,412.5,1045.3,0.738,0,HIGH
32.19,116.84,-0.123,3,4.825,0.407,2,0,6.79,107.59,347.16,21.57,100.0,75.4,0.968,-0.34,0.128,124.4,232.3,0.464,0,HIGH
25.0,2.57,0.022,4,1.601,1.631,2,2,10.6,33.24,85.94,5.88,81.58,12.62,0.525,-1.22,0.081,81.6,300.7,1.081,0,MODERATE
42.41,245.41,-0.131,5,3.244,0.317,3,2,6.11,70.13,181.99,6.82,100.0,41.17,0.819,-5.51,0.097,241.1,599.5,0.184,1,CRITICAL
61.01,96.72,-0.133,5,4.581,2.662,0,0,7.54,80.58,190.98,9.43,100.0,44.05,0.915,-9.18,0.11,181.5,96.7,0.216,1,CRITICAL
16.81,293.47,0.377,5,0.986,0.88,0,1,7.85,12.41,75.93,2.49,73.43,10.04,0.289,-1.1,0.264,47.9,6.6,1.742,1,HIGH
24.2,129.3,0.061,1,1.596,2.207,1,0,7.44,136.83,375.51,29.33,100.0,67.59,0.975,-3.39,0.074,367.7,864.7,0.683,1,CRITICAL
39.91,172.78,0.121,4,0.391,0.523,3,3,9.02,113.68,281.35,21.69,100.0,50.64,0.98,-5.01,0.204,104.7,480.5,0.202,1,CRITICAL
25.48,347.65,-0.51,4,15.388,3.494,3,1,9.56,91.6,221.66,14.64,100.0,50.89,0.79,-0.75,0.06,189.6,514.3,0.333,1,CRITICAL
6.49,87.18,0.148,5,0.314,3.298,1,2,10.28,16.37,94.5,3.3,83.75,14.25,0.196,3.56,0.054,95.4,388.5,4.289,0,LOW
18.77,259.65,0.186,2,0.646,1.685,3,0,6.81,9.52,25.96,1.6,55.57,2.6,0.351,-2.39,0.162,162.5,370.4,3.004,0,LOW
25.36,271.84,-0.139,5,2.288,3.833,2,2,8.65,12.94,67.95,2.3,72.32,10.4,0.394,-3.33,0.367,80.4,1651.4,1.117,0,MODERATE
48.54,79.56,0.73,3,7.016,0.861,2,3,9.35,6.35,74.43,1.24,75.64,10.13,0.546,2.97,0.207,183.5,447.5,0.879,1,HIGH
23.48,180.36,-0.801,4,1.54,3.437,3,2,7.24,183.19,358.87,23.73,100.0,86.58,0.98,-5.42,0.077,49.0,67.7,0.272,1,CRITICAL
12.91,126.07,0.275,3,5.123,2.338,2,1,5.92,123.96,262.57,23.53,100.0,47.26,0.843,-2.03,0.204,93.1,140.1,1.575,0,MODERATE
25.69,277.89,0.249,3,3.945,1.451,2,2,7.82,6.19,75.11,0.67,73.1,9.88,0.229,-2.84,0.232,67.2,146.2,1.83,0,LOW
45.98,224.09,0.19,3,3.563,0.446,0,0,6.17,73.65,220.69,7.9,100.0,39.72,0.856,0.18,0.069,125.3,105.5,0.418,1,CRITICAL
15.28,171.35,0.062,3,6.526,0.802,0,0,5.95,18.32,43.72,3.55,59.7,4.7,0.397,-4.68,0.251,496.5,898.2,3.479,0,LOW
16.46,280.57,0.193,4,0.05,3.638,2,1,7.98,1.13,24.83,0.18,57.32,2.56,0.276,-0.86,0.119,191.5,331.0,2.034,0,LOW
15.42,84.66,0.304,4,9.265,2.588,0,0,7.09,22.48,110.96,3.1,83.26,16.63,0.369,-0.91,0.474,154.5,292.8,1.706,0,LOW
9.67,271.3,-0.254,4,6.186,1.072,2,0,7.89,37.69,138.47,5.78,93.5,27.83,0.404,-2.41,0.052,237.9,1953.3,2.244,0,LOW
22.9,311.53,0.105,2,9.725,2.133,2,2,4.09,1.32,52.78,0.29,59.25,5.63,0.35,-2.82,0.173,429.9,18.6,2.33,0,LOW
21.43,316.3,-0.064,5,5.523,0.542,2,1,7.11,25.42,63.44,5.22,68.1,7.78,0.389,2.77,0.055,98.7,269.0,1.402,0,LOW
7.01,282.12,-0.383,4,7.38,0.505,2,3,2.53,78.33,234.46,11.83,100.0,51.6,0.597,-0.74,0.306,460.5,108.5,1.713,0,MODERATE
13.53,146.89,0.251,2,0.794,3.822,3,0,5.2,16.86,104.93,2.64,77.94,14.72,0.315,-3.7,0.281,80.4,250.8,3.316,0,LOW
24.59,353.45,-0.198,4,1.346,1.977,1,3,7.3,43.12,121.0,7.16,86.87,24.09,0.516,-6.77,0.232,527.4,79.5,0.879,1,HIGH
31.79,136.65,-0.524,2,1.325,1.582,2,1,10.17,142.06,320.56,27.09,100.0,74.75,0.98,-0.34,0.083,502.0,69.9,0.514,1,CRITICAL
36.45,229.91,-0.189,1,0.405,3.991,3,1,8.68,1.87,63.28,0.38,70.88,8.3,0.367,-3.55,0.072,250.2,139.9,1.36,0,LOW
33.17,57.99,-0.28,3,4.577,1.736,0,0,7.7,100.11,234.86,10.06,100.0,54.29,0.833,-3.05,0.095,123.5,60.1,0.457,1,CRITICAL
22.15,352.96,0.36,3,0.512,1.479,1,2,6.67,31.48,122.18,5.29,86.1,18.94,0.317,-1.6,0.101,149.8,1330.2,1.781,0,LOW
8.64,253.43,0.054,2,0.189,1.219,2,3,6.95,50.64,157.49,5.66,97.9,27.75,0.376,-1.5,0.268,469.5,60.3,3.87,0,LOW
19.48,271.22,0.484,2,5.228,2.417,2,2,10.37,17.06,62.21,2.85,73.58,8.24,0.319,-5.76,0.143,24.1,282.3,2.554,0,LOW
3.78,23.68,-0.233,5,8.226,2.389,0,0,5.07,56.23,139.85,5.85,88.87,29.12,0.409,-3.2,0.127,432.7,680.2,5.878,0,LOW
24.65,274.83,0.306,2,5.056,0.166,1,1,5.9,85.28,228.3,16.47,100.0,41.09,0.746,-2.94,0.058,40.0,838.2,0.778,1,CRITICAL
14.97,278.9,0.994,2,6.107,2.782,2,1,9.85,14.63,52.11,2.52,69.4,6.51,0.337,-1.63,0.13,473.2,1458.0,3.466,0,LOW
5.18,241.84,0.125,5,3.169,3.332,1,0,6.74,27.33,108.7,5.5,81.92,16.03,0.212,0.04,0.067,648.5,365.5,5.269,0,LOW
27.15,105.09,0.302,2,7.654,2.625,2,3,11.77,54.46,186.1,11.56,100.0,33.5,0.595,-1.88,0.261,201.7,168.2,0.897,1,HIGH
45.69,176.29,0.243,4,2.403,3.667,2,1,9.02,35.05,117.42,7.39,88.81,18.77,0.592,-0.79,0.121,391.4,457.6,0.405,1,CRITICAL
7.81,39.76,-0.498,2,15.575,1.233,2,1,10.04,22.55,84.56,2.26,80.13,14.9,0.209,-3.15,0.096,63.3,405.5,5.749,0,LOW
28.36,169.77,0.205,3,0.382,0.887,1,0,3.92,39.06,99.05,5.19,73.76,13.15,0.538,2.29,0.093,413.6,401.5,1.554,0,LOW
17.62,87.78,0.107,3,5.797,2.959,2,0,9.83,22.34,129.43,3.3,94.11,21.93,0.358,-2.37,0.094,339.8,198.1,2.114,0,LOW
13.96,125.67,-0.091,5,3.589,0.873,2,3,5.63,23.36,57.81,4.45,63.64,6.62,0.353,-0.84,0.221,34.1,948.4,2.24,0,LOW
13.98,58.54,-0.309,3,3.042,0.474,3,0,9.07,61.31,202.12,5.03,100.0,43.74,0.547,-2.14,0.18,196.4,364.3,1.607,0,MODERATE
17.62,82.82,0.243,3,4.529,0.496,2,1,6.7,42.14,152.41,8.83,95.83,26.29,0.428,-0.92,0.103,406.8,417.3,1.933,0,LOW
17.58,27.56,-0.34,5,6.42,3.25,2,2,7.99,73.47,202.36,10.07,100.0,45.24,0.663,0.33,0.106,27.2,255.1,0.806,1,CRITICAL
21.65,331.16,0.747,5,6.954,0.218,0,1,5.07,118.09,246.29,19.88,100.0,44.33,0.818,-5.66,0.066,301.1,119.0,0.63,0,HIGH
13.14,190.95,0.04,1,0.675,1.287,3,1,3.71,186.17,522.23,40.45,100.0,94.0,0.98,-2.86,0.102,452.4,114.4,1.154,1,CRITICAL
14.83,142.83,-0.428,4,0.768,0.63,1,2,7.83,10.67,36.23,2.17,60.69,5.24,0.292,0.43,0.096,119.9,449.2,2.176,0,LOW
29.79,192.61,-0.18,3,0.057,3.195,2,3,6.85,63.96,200.27,8.36,100.0,43.72,0.669,-2.05,0.243,134.7,5.9,0.557,1,CRITICAL
12.43,226.19,-0.097,3,0.495,2.164,1,2,5.53,56.76,222.26,8.39,100.0,40.01,0.443,-1.77,0.097,89.8,1215.8,2.035,0,LOW
25.53,331.88,0.844,3,1.072,0.943,0,3,3.8,131.1,234.54,24.62,100.0,42.22,0.918,-6.71,0.223,58.0,257.8,0.775,1,CRITICAL
18.15,64.33,-0.31,3,4.468,3.177,1,2,2.5,147.05,359.49,27.07,100.0,82.35,0.98,-4.99,0.177,886.6,883.9,0.706,0,HIGH
16.05,106.4,-0.041,2,2.26,3.177,0,0,8.65,92.9,198.16,16.6,100.0,35.67,0.705,-7.83,0.067,340.5,254.3,1.631,0,MODERATE
53.37,351.28,-0.188,3,4.964,2.244,1,0,6.94,58.83,229.16,4.79,100.0,48.31,0.769,-3.14,0.112,15.2,56.0,0.437,1,CRITICAL
9.82,133.63,0.175,3,2.333,1.231,1,2,6.17,14.44,88.59,1.56,74.46,11.87,0.219,-1.65,0.081,735.4,50.4,4.794,0,LOW
47.34,8.12,-0.183,2,2.839,2.504,1,1,7.97,21.05,98.71,2.34,80.93,16.9,0.538,-5.12,0.152,34.4,0.7,0.738,1,CRITICAL
34.25,53.15,-0.399,3,0.412,3.927,0,1,9.73,60.01,176.54,6.91,100.0,38.98,0.568,-1.65,0.144,721.8,154.0,0.522,1,CRITICAL
15.21,9.48,-0.068,5,5.245,0.312,2,3,8.09,9.75,65.25,0.91,70.45,8.27,0.339,1.62,0.296,168.3,254.7,1.989,0,LOW
34.77,356.37,-0.105,4,4.968,1.194,2,0,6.53,13.21,98.28,2.55,78.19,15.42,0.456,-0.93,0.223,186.2,10.9,0.696,1,CRITICAL
3.0,100.39,-0.207,3,1.286,1.268,1,1,12.19,157.56,247.05,20.13,100.0,63.38,0.97,-4.36,0.171,217.5,272.2,4.0,0,MODERATE
14.35,332.48,-0.189,5,1.394,2.69,2,2,6.1,203.49,354.22,38.38,100.0,88.18,0.98,-6.58,0.082,27.6,62.5,0.382,1,CRITICAL
12.53,358.52,0.415,3,0.868,2.77,2,2,4.4,0.34,55.94,0.07,60.82,6.12,0.153,-0.28,0.09,306.1,349.2,4.167,0,LOW
27.33,215.94,-0.112,1,5.884,0.946,1,1,7.72,128.96,408.46,15.97,100.0,89.0,0.92,-6.32,0.212,297.3,430.0,0.627,1,CRITICAL
32.12,11.95,-0.397,3,4.81,0.986,1,1,6.94,180.75,502.68,25.94,100.0,95.0,0.98,-10.84,0.189,241.4,318.9,0.464,1,CRITICAL
27.09,29.37,-0.162,2,3.288,3.906,0,0,9.58,48.49,159.13,4.47,100.0,34.46,0.533,1.78,0.253,612.4,328.0,0.871,0,HIGH
23.75,173.37,0.019,4,0.955,3.201,3,1,6.34,38.73,168.57,4.7,100.0,30.34,0.406,0.43,0.196,182.3,79.7,0.768,1,CRITICAL
35.99,146.22,-0.468,5,0.66,3.931,3,2,7.14,163.2,433.03,25.54,100.0,95.0,0.98,-7.21,0.061,347.1,410.7,0.193,1,CRITICAL
33.32,218.22,0.569,3,0.181,3.502,1,3,5.6,0.49,79.44,0.05,70.49,10.08,0.34,-4.83,0.232,116.0,1693.3,1.383,1,HIGH
14.99,157.99,0.304,3,0.163,1.749,2,0,9.28,119.32,207.2,18.52,100.0,37.3,0.86,-3.32,0.078,723.9,1675.0,1.775,0,MODERATE
16.0,336.27,0.501,3,0.725,0.6,2,2,7.82,22.87,70.51,2.83,71.63,9.09,0.369,-1.5,0.088,753.2,193.3,3.05,0,LOW
32.32,192.51,0.137,2,0.371,2.681,0,2,6.89,66.62,193.98,14.56,100.0,34.92,0.673,-0.49,0.078,184.2,586.6,0.643,1,CRITICAL
21.54,249.74,-0.733,4,2.843,1.543,3,2,7.17,25.37,106.63,3.36,82.03,18.79,0.423,-2.54,0.173,372.9,262.2,1.149,0,MODERATE
22.37,322.73,0.537,4,1.552,1.844,1,1,7.45,48.11,200.38,4.11,100.0,36.07,0.465,0.73,0.147,74.4,66.7,0.716,1,CRITICAL
24.0,52.87,-0.302,1,2.06,1.846,2,1,4.34,107.37,248.88,15.7,100.0,57.68,0.766,-3.89,0.068,288.8,606.8,0.688,1,CRITICAL
6.7,82.7,-0.274,4,3.155,3.94,2,2,10.06,13.0,75.73,1.65,77.34,12.1,0.214,1.57,0.066,24.9,189.7,4.33,0,LOW
14.59,38.63,0.055,2,3.767,0.382,2,3,9.93,70.88,193.06,9.34,100.0,34.75,0.576,-3.07,0.22,555.7,643.9,1.863,0,MODERATE
28.6,50.27,0.482,5,3.656,0.892,2,1,7.59,148.6,317.71,19.6,100.0,57.19,0.98,-6.33,0.08,358.0,214.7,0.218,1,CRITICAL
14.51,184.53,0.369,3,1.058,2.593,2,3,7.35,150.36,368.27,30.58,100.0,66.29,0.98,-5.14,0.292,867.7,86.6,0.862,1,HIGH
19.33,115.62,0.317,4,5.806,3.723,0,2,5.31,145.95,335.55,21.86,100.0,60.4,0.98,-2.48,0.087,421.7,862.9,0.32,1,CRITICAL
28.5,152.34,-0.109,1,8.741,3.864,0,3,11.3,47.5,138.48,5.48,99.66,30.54,0.617,-1.27,0.244,56.6,24.0,0.879,1,HIGH
37.05,353.7,-0.115,2,1.329,2.391,3,0,10.77,94.88,259.57,18.12,100.0,58.11,0.843,-2.97,0.053,176.4,204.8,0.478,1,CRITICAL
39.38,56.41,0.121,4,0.06,0.242,2,2,8.37,38.49,101.96,5.47,82.69,15.18,0.624,-4.58,0.102,218.9,502.4,0.584,1,CRITICAL
40.56,194.69,-0.046,3,8.03,1.588,3,2,9.3,40.07,113.71,4.02,88.14,18.04,0.573,-2.15,0.097,493.6,978.6,0.859,1,HIGH
20.39,35.59,0.311,5,8.999,3.867,2,2,10.21,21.7,70.91,4.77,76.06,9.71,0.335,-3.27,0.142,223.8,79.1,1.421,0,LOW
19.2,114.66,0.291,3,0.183,2.15,2,2,9.76,21.83,138.2,1.83,96.79,24.08,0.379,-3.33,0.068,181.3,45.4,1.83,0,LOW
10.61,189.91,0.207,5,0.05,3.079,2,1,5.62,2.51,63.19,0.45,65.33,7.43,0.153,1.24,0.153,349.5,161.9,2.928,0,LOW
45.83,340.79,-0.884,5,5.933,1.204,1,1,6.82,49.28,118.99,9.79,85.35,24.19,0.673,-4.1,0.151,287.8,133.2,0.344,1,CRITICAL
18.74,140.84,0.045,3,1.256,0.203,2,0,8.53,24.0,80.2,3.11,76.02,10.97,0.391,-3.74,0.128,386.8,533.2,2.494,0,LOW
45.26,23.37,-0.038,3,8.611,2.471,3,1,7.95,13.51,105.63,1.38,83.11,15.8,0.491,-0.69,0.085,180.5,122.1,0.799,1,CRITICAL
25.91,139.74,0.059,4,0.855,3.523,3,1,9.16,8.44,39.59,1.19,64.15,4.57,0.398,-3.66,0.055,360.0,440.1,1.219,0,MODERATE
37.96,52.47,-0.264,2,6.91,4.16,2,0,8.92,27.7,83.62,4.09,77.81,15.03,0.531,-3.14,0.072,992.4,480.2,1.063,1,HIGH
21.17,82.8,-0.464,5,0.249,3.571,1,2,8.04,149.03,419.86,32.78,100.0,93.46,0.98,0.63,0.263,56.1,737.0,0.272,1,CRITICAL
30.03,222.51,0.162,3,1.057,2.371,3,2,2.5,47.22,161.76,3.91,91.26,26.57,0.589,-2.56,0.219,15.0,416.2,1.033,0,HIGH
38.64,24.27,-0.125,4,12.658,2.596,2,0,10.08,52.91,185.28,9.09,100.0,39.7,0.667,-0.57,0.068,236.8,1142.1,0.22,1,CRITICAL
16.51,167.3,0.201,1,0.92,3.479,3,2,9.35,3.63,59.17,0.7,70.76,7.54,0.264,5.02,0.081,48.3,530.1,3.15,0,LOW
40.67,219.41,-0.235,4,0.5,0.181,2,0,12.05,47.69,116.35,7.94,93.93,25.39,0.618,-1.66,0.051,50.5,124.9,0.394,1,CRITICAL
11.53,151.87,0.496,2,6.809,4.002,3,0,6.45,71.59,157.63,12.04,97.05,27.54,0.414,-1.32,0.08,312.2,1265.0,2.893,0,MODERATE
52.64,6.89,0.35,4,0.439,2.278,0,2,3.45,10.62,62.04,2.15,61.05,6.82,0.504,-0.63,0.179,153.5,94.8,0.52,1,CRITICAL
24.05,354.79,0.104,3,0.359,4.003,2,1,7.1,267.0,572.73,42.49,100.0,95.0,0.98,-7.35,0.118,9.3,92.6,0.562,1,CRITICAL
14.72,132.16,-0.075,2,1.367,3.235,0,2,8.5,160.32,474.13,32.61,100.0,85.34,0.98,-4.09,0.213,230.9,610.2,0.935,1,CRITICAL
33.89,280.29,0.298,5,3.531,0.725,2,0,6.53,323.48,882.45,35.4,100.0,95.0,0.98,-8.12,0.311,78.5,329.4,0.198,1,CRITICAL
26.56,117.23,0.137,4,4.342,0.778,2,2,10.52,29.04,76.33,4.42,78.36,10.77,0.428,-4.06,0.07,159.3,78.5,1.048,1,HIGH
6.96,171.01,0.084,5,7.457,1.55,0,0,6.05,112.3,333.39,9.51,100.0,60.01,0.684,-1.36,0.115,11.1,54.4,1.452,0,MODERATE
17.62,139.85,0.365,3,2.725,1.182,2,0,7.28,25.91,104.69,4.99,81.6,15.38,0.387,-6.24,0.163,18.4,83.5,2.451,0,LOW
11.89,123.31,0.499,4,1.75,1.901,0,1,6.96,89.88,193.16,16.97,100.0,34.77,0.656,-2.98,0.128,59.5,1174.5,1.543,0,MODERATE
12.55,7.87,-0.438,4,1.556,2.576,0,2,13.6,191.96,455.95,29.84,100.0,95.0,0.98,-5.74,0.074,354.7,397.4,0.469,1,CRITICAL
12.27,129.61,-0.368,4,6.568,1.89,0,0,5.51,10.95,70.32,1.48,67.41,9.85,0.24,-4.01,0.352,437.0,587.8,2.458,0,LOW
29.27,320.22,-0.273,1,4.503,0.331,2,0,8.78,9.83,94.26,1.3,80.98,14.92,0.284,0.16,0.14,117.9,61.6,1.45,0,LOW
35.28,248.54,-0.526,2,8.254,4.1,0,0,4.86,7.17,56.86,0.78,61.94,7.2,0.428,-3.9,0.051,37.6,214.6,1.438,0,LOW
13.93,52.35,-0.022,5,11.638,1.843,0,1,8.25,104.08,260.32,14.56,100.0,46.86,0.729,-4.3,0.108,771.5,366.3,1.018,0,HIGH
5.71,212.82,0.21,3,1.249,3.589,1,0,5.4,71.4,150.51,8.75,92.88,25.16,0.423,-0.81,0.065,433.3,320.8,6.413,0,MODERATE
3.75,321.2,-0.007,5,2.64,0.403,0,0,9.92,48.02,147.65,7.73,100.0,26.58,0.399,-6.97,0.153,50.5,209.8,6.032,0,LOW
59.1,252.01,-0.187,2,3.497,3.421,1,3,9.5,96.64,335.11,18.37,100.0,71.92,0.98,-0.44,0.205,72.1,45.3,0.522,1,CRITICAL
24.19,53.53,0.394,5,0.626,0.811,2,0,8.1,123.28,223.61,21.84,100.0,40.25,0.938,-3.76,0.083,10.4,516.8,0.606,0,HIGH
34.03,312.42,0.049,4,0.192,2.886,2,1,4.44,194.11,519.65,29.5,100.0,93.54,0.98,-5.85,0.08,647.2,410.0,0.214,1,CRITICAL
19.82,108.56,0.12,4,7.081,2.813,3,3,7.38,14.61,78.9,3.11,73.54,10.44,0.343,-4.94,0.378,758.0,245.5,1.465,0,LOW
4.84,163.47,0.404,3,2.684,3.83,0,0,6.83,37.88,103.71,4.08,80.48,15.03,0.283,-1.73,0.215,24.2,1177.9,9.215,0,LOW
27.73,189.41,-0.043,5,2.96,1.415,3,2,9.33,166.67,446.54,28.27,100.0,80.38,0.98,-4.47,0.189,44.5,634.8,0.223,1,CRITICAL
49.74,306.18,0.721,3,2.833,0.547,1,1,5.51,40.21,120.04,3.71,83.34,18.01,0.694,-0.64,0.16,64.3,204.2,0.644,1,CRITICAL
15.22,335.38,-0.157,4,4.922,3.645,1,3,10.04,43.47,160.09,7.57,100.0,34.03,0.364,-3.24,0.447,55.9,24.4,1.197,0,MODERATE
4.43,334.68,0.699,1,0.55,1.459,1,3,9.63,185.58,413.94,33.69,100.0,74.51,0.98,-7.35,0.217,790.4,725.1,3.319,0,MODERATE
10.57,2.86,-0.341,4,3.332,1.053,0,1,4.48,86.24,289.52,16.35,100.0,62.46,0.613,-2.14,0.187,84.8,261.0,0.681,1,CRITICAL
34.9,331.88,0.181,5,2.219,2.093,2,0,7.02,52.2,149.78,9.03,95.56,25.76,0.599,-3.69,0.14,131.5,287.6,0.523,1,CRITICAL
26.45,19.58,-0.225,2,7.954,0.699,2,1,7.39,28.73,137.43,2.79,92.27,26.27,0.552,-0.51,0.147,19.9,398.3,1.196,1,HIGH
40.76,95.68,0.392,4,2.566,1.318,3,3,9.71,160.5,456.36,13.84,100.0,82.14,0.98,-6.99,0.245,277.2,486.1,0.201,1,CRITICAL
22.28,185.4,-0.167,1,10.022,1.68,3,0,5.99,0.58,47.52,0.11,60.99,5.29,0.292,0.77,0.134,86.6,422.2,2.469,0,LOW
31.83,172.77,0.102,5,1.525,1.237,2,3,7.96,25.16,130.88,4.83,91.2,21.49,0.471,2.02,0.222,78.8,148.7,0.67,1,CRITICAL
17.32,217.7,-0.228,5,11.928,1.946,2,2,9.92,189.81,445.55,16.05,100.0,95.0,0.98,-5.41,0.11,1057.7,88.2,0.323,1,CRITICAL
11.1,172.6,0.328,3,7.282,1.677,2,0,8.05,44.82,91.16,4.53,78.67,12.91,0.396,1.28,0.332,11.0,12.8,4.129,0,LOW
31.88,336.38,-0.23,1,3.072,3.276,3,2,3.41,63.56,145.89,12.12,87.83,30.69,0.609,-0.59,0.142,58.0,5.9,0.794,1,CRITICAL
35.2,86.6,0.589,4,1.528,3.865,2,0,6.41,49.44,160.93,10.65,98.04,28.4,0.65,-1.35,0.14,201.6,988.6,0.457,1,CRITICAL
15.43,98.65,-0.349,1,1.65,0.514,0,1,9.49,32.92,86.36,5.03,79.72,16.34,0.313,-1.89,0.071,231.3,2344.5,2.822,0,LOW
47.4,331.47,-0.471,3,5.186,3.476,2,1,9.21,71.14,195.84,7.22,100.0,43.79,0.792,-3.98,0.197,349.6,199.2,0.42,1,CRITICAL
48.09,27.63,0.333,2,3.042,3.92,1,1,2.55,94.54,270.97,11.82,100.0,48.77,0.932,-0.1,0.256,65.7,107.8,0.463,1,CRITICAL
12.32,219.44,-0.207,3,1.797,2.915,2,1,7.94,29.46,105.47,5.58,83.05,19.3,0.322,0.7,0.059,140.3,229.4,3.327,0,LOW
12.68,245.42,-0.003,1,3.538,4.185,3,1,9.58,58.04,159.27,9.06,100.0,28.67,0.474,-4.97,0.098,94.8,49.0,2.446,0,LOW
13.05,182.0,-0.113,1,4.625,1.474,2,2,8.69,5.61,61.57,0.49,70.34,8.47,0.211,-1.02,0.138,503.7,447.1,3.946,0,LOW
20.63,249.92,-0.459,1,0.081,3.504,3,2,8.94,51.56,170.29,6.35,100.0,36.84,0.529,-4.27,0.222,124.9,114.7,1.08,0,MODERATE
17.81,62.19,-0.027,4,0.33,2.862,3,3,12.04,89.53,144.3,16.6,100.0,25.97,0.656,-1.8,0.262,84.7,171.8,1.192,0,MODERATE
9.56,306.95,0.443,3,0.347,1.426,0,2,7.4,57.2,126.54,7.19,88.82,20.23,0.484,-0.47,0.094,268.6,870.4,4.184,0,LOW
13.29,50.41,0.351,2,0.924,2.989,0,2,8.17,136.98,424.1,19.25,100.0,76.34,0.849,-7.85,0.053,31.8,378.8,1.028,0,HIGH
4.92,144.29,0.081,4,1.949,2.189,1,1,5.43,21.91,84.02,4.53,71.67,10.84,0.185,-1.85,0.114,529.3,65.2,6.072,0,LOW
5.6,27.09,0.389,5,5.697,0.875,3,0,6.1,43.99,143.62,9.58,91.95,23.77,0.308,-1.02,0.082,91.6,45.2,4.286,0,LOW
8.36,196.28,-0.371,2,1.514,0.813,1,0,6.77,5.95,80.06,1.11,72.8,11.21,0.176,-1.09,0.448,486.5,477.8,5.789,0,LOW
57.39,241.11,-0.114,4,0.062,3.025,2,1,9.37,78.26,232.59,8.89,100.0,51.26,0.98,1.69,0.123,1330.9,79.9,0.219,1,CRITICAL
53.76,338.84,0.139,4,2.311,3.019,2,2,5.86,38.02,144.97,4.34,91.93,23.99,0.719,-5.89,0.069,6.0,98.6,0.223,1,CRITICAL
32.87,266.16,-0.046,1,19.923,2.276,2,2,10.22,49.13,116.04,6.02,90.52,18.91,0.586,1.21,0.443,59.7,414.3,1.099,1,HIGH
15.53,194.8,-0.086,3,1.502,2.156,0,3,5.1,8.93,69.63,0.92,66.45,8.33,0.267,-3.59,0.272,384.6,1086.5,3.216,0,LOW
8.27,335.74,-0.42,3,11.378,0.838,1,1,8.91,385.7,607.27,40.51,100.0,95.0,0.98,-14.27,0.167,24.2,350.8,1.469,0,MODERATE
22.01,172.24,-0.728,4,0.374,1.86,1,2,8.71,96.07,155.87,11.13,100.0,39.59,0.671,-2.32,0.328,165.6,284.3,0.661,1,CRITICAL
28.15,202.03,0.286,2,0.665,3.673,2,3,8.07,33.27,121.67,5.74,88.45,19.37,0.442,-2.18,0.311,45.7,880.5,1.33,0,MODERATE
14.07,214.6,0.085,5,4.507,3.604,1,1,9.67,54.85,144.67,9.09,98.69,25.7,0.434,-2.07,0.28,177.6,156.4,1.586,0,LOW
27.33,147.59,0.316,4,2.435,2.81,3,1,5.87,62.67,174.71,8.01,100.0,31.45,0.752,-1.15,0.086,5.0,15.8,0.618,1,CRITICAL
10.5,301.85,-0.153,3,5.07,4.189,1,3,6.47,210.48,407.51,22.63,100.0,95.0,0.98,-4.04,0.204,45.7,367.1,1.166,1,CRITICAL
15.72,66.66,-0.249,1,6.972,3.762,2,2,5.38,95.08,221.44,15.91,100.0,51.27,0.797,-4.43,0.316,90.0,63.6,0.98,1,HIGH
19.11,199.74,0.002,2,1.012,0.695,3,2,7.52,27.97,79.55,2.75,73.99,10.59,0.332,0.27,0.113,61.7,28.1,2.508,0,LOW
54.6,260.0,0.299,3,4.019,1.736,2,3,7.24,247.22,740.48,24.84,100.0,95.0,0.98,-11.19,0.318,125.6,45.9,0.443,1,CRITICAL
13.17,325.43,-0.081,3,3.274,0.641,1,2,9.38,23.35,81.52,3.12,77.98,11.44,0.286,-1.9,0.114,43.8,52.6,3.549,0,LOW
28.07,318.21,0.281,4,6.92,2.011,3,0,8.35,55.92,200.37,8.91,100.0,36.07,0.686,0.51,0.165,481.4,479.8,0.517,1,CRITICAL
11.95,183.15,-0.352,4,1.968,3.283,0,2,9.02,78.4,261.21,14.27,100.0,56.43,0.61,-2.05,0.055,205.7,392.9,0.791,1,CRITICAL
10.93,231.54,-0.057,2,0.186,0.739,1,2,7.07,20.56,110.9,3.62,83.21,16.61,0.241,-1.49,0.056,104.0,173.7,3.94,0,LOW
14.03,141.93,-0.025,3,2.988,3.71,1,0,8.39,203.57,495.2,27.07,100.0,89.14,0.98,-6.13,0.252,98.0,125.3,0.889,1,CRITICAL
22.45,168.54,0.429,1,11.169,2.433,0,1,11.49,15.83,94.17,2.72,85.81,14.55,0.439,-0.65,0.096,78.3,0.3,1.927,0,LOW
50.66,326.26,0.073,3,0.052,3.171,2,1,4.54,37.89,133.98,4.15,86.05,20.75,0.642,-2.66,0.079,197.0,77.9,0.551,1,CRITICAL
15.32,335.05,0.611,4,0.962,0.285,2,2,3.45,12.89,97.17,1.92,72.31,12.65,0.303,0.11,0.247,212.1,385.6,1.863,0,LOW
35.35,322.35,-0.472,3,1.33,0.485,1,0,8.9,135.16,341.01,22.45,100.0,77.6,0.962,-5.2,0.59,1337.4,365.8,0.443,1,CRITICAL
56.02,49.81,0.045,4,5.081,2.646,1,1,5.63,16.28,105.38,3.0,78.86,14.96,0.61,2.29,0.126,277.6,600.0,0.328,1,CRITICAL
25.52,306.03,0.063,5,1.367,3.537,1,2,4.46,2.3,55.31,0.21,60.73,6.05,0.296,0.12,0.116,212.3,15.1,1.204,0,MODERATE
38.79,341.41,0.217,4,0.956,3.683,1,1,8.67,2.58,51.57,0.24,67.12,6.23,0.403,3.28,0.25,10.9,713.4,0.751,1,CRITICAL
13.57,130.05,-0.285,1,3.66,2.922,1,3,5.29,34.71,111.9,3.14,80.33,20.35,0.463,-2.86,0.216,223.6,392.3,2.976,0,LOW
27.66,186.71,0.59,3,0.166,0.924,1,3,10.89,48.09,155.33,7.53,100.0,27.96,0.495,0.9,0.28,191.3,143.4,1.072,0,MODERATE
31.55,280.47,0.005,1,0.655,0.9,2,0,7.84,2.76,20.97,0.44,55.83,2.11,0.355,-4.42,0.181,635.4,257.4,1.855,0,LOW
9.26,202.35,-0.38,4,1.835,3.714,2,0,7.05,6.34,56.22,0.52,65.69,7.41,0.244,0.48,0.158,359.0,722.8,3.389,0,LOW
12.75,357.65,-0.006,4,1.538,0.564,1,0,5.69,6.67,40.78,1.15,58.3,4.28,0.17,-1.62,0.16,182.9,299.2,2.58,0,LOW
18.63,164.06,-0.11,4,1.493,2.913,3,1,7.97,71.77,181.55,13.41,100.0,41.29,0.564,-2.34,0.181,72.5,554.0,0.782,0,HIGH
14.27,257.02,0.974,4,0.402,2.287,1,2,4.0,23.17,116.78,2.23,79.57,16.73,0.386,0.16,0.069,351.0,235.5,1.862,0,LOW
19.89,285.33,0.367,4,1.567,1.828,2,1,2.5,53.74,130.47,6.84,81.25,19.08,0.595,-0.42,0.115,94.7,355.7,1.251,1,HIGH
8.39,177.88,0.017,5,5.598,1.905,0,0,4.08,4.98,37.05,0.99,54.2,3.61,0.17,0.8,0.059,121.9,804.9,3.941,0,LOW
53.12,308.51,-0.039,2,1.87,3.975,2,0,10.0,144.74,282.44,25.5,100.0,50.84,0.98,-3.22,0.058,330.1,308.9,0.479,1,CRITICAL
37.29,196.62,0.333,5,3.088,3.632,2,0,5.47,23.6,84.39,2.89,71.85,10.91,0.594,-0.32,0.186,104.9,372.6,0.705,1,CRITICAL
68.0,148.19,0.35,4,0.625,3.646,2,1,4.34,97.89,210.6,18.0,100.0,37.91,0.98,-3.71,0.184,98.6,246.8,0.286,1,CRITICAL
10.0,38.82,-1.0,2,0.253,1.767,0,2,7.3,113.93,275.24,23.27,100.0,63.21,0.789,-5.09,0.066,163.4,95.2,1.345,0,MODERATE
28.26,141.63,0.225,5,7.42,0.539,1,1,12.39,286.99,535.44,35.39,100.0,95.0,0.98,-6.52,0.117,304.9,1633.1,0.22,1,CRITICAL
14.35,264.22,0.01,5,1.409,4.191,2,0,9.9,87.82,266.72,15.44,100.0,48.01,0.586,-8.32,0.053,796.5,9.4,0.953,0,HIGH
10.89,331.66,-0.459,3,1.51,0.696,2,2,5.74,38.01,151.14,3.54,93.69,30.05,0.377,-0.91,0.087,45.1,59.7,3.015,0,LOW
36.18,90.6,0.308,4,7.354,2.214,1,3,5.7,10.76,75.59,0.95,69.45,9.45,0.431,0.76,0.213,81.5,561.3,0.763,1,CRITICAL
22.86,127.88,0.786,2,4.306,1.185,1,0,5.75,3.19,72.37,0.52,68.51,8.92,0.252,0.29,0.087,1182.6,607.4,2.167,0,LOW
17.9,55.43,0.195,3,4.941,2.194,0,1,5.5,141.3,310.27,21.05,100.0,55.85,0.933,-5.55,0.119,268.8,76.5,0.731,1,CRITICAL
25.95,248.66,0.385,2,4.01,1.35,0,0,8.7,38.47,179.91,7.44,100.0,32.38,0.489,-7.08,0.181,5.0,452.1,0.992,1,HIGH
13.09,345.67,0.631,3,0.391,3.777,0,0,6.76,90.1,327.82,17.05,100.0,59.01,0.669,-1.36,0.108,630.1,972.8,0.95,1,HIGH
12.82,230.74,-0.291,3,11.095,4.07,1,2,5.05,44.58,135.78,5.36,87.54,26.75,0.477,-4.06,0.264,92.8,725.1,2.766,0,LOW
14.67,222.15,-0.65,2,8.394,1.781,2,1,4.56,137.64,396.89,20.88,100.0,87.96,0.958,-7.17,0.059,223.6,2.0,0.939,1,HIGH
40.05,199.26,0.23,4,0.943,0.388,2,2,12.56,90.02,160.9,16.73,100.0,28.96,0.866,-0.63,0.112,128.1,18.5,0.345,1,CRITICAL
38.32,31.84,-0.087,1,5.704,2.82,2,3,9.13,5.81,31.83,0.68,61.61,3.53,0.408,-4.7,0.39,53.6,282.7,1.467,0,LOW
9.7,262.62,-0.481,1,1.843,1.644,2,2,5.62,90.67,207.42,11.85,100.0,48.22,0.698,-3.44,0.071,258.0,195.3,1.617,0,MODERATE
51.91,216.74,-0.027,3,4.029,4.142,2,1,10.17,20.17,94.97,1.78,83.69,14.31,0.611,2.84,0.168,67.8,44.1,0.683,0,HIGH
21.78,238.13,0.255,3,0.634,0.466,2,1,4.96,96.4,230.79,9.47,100.0,41.54,0.726,-4.8,0.074,72.5,96.4,0.999,1,HIGH
28.0,323.57,-0.052,2,2.707,0.588,3,0,7.2,192.82,408.76,31.9,100.0,73.58,0.98,-7.72,0.354,454.4,1289.0,0.555,1,CRITICAL
14.38,282.23,-0.275,2,0.474,2.968,2,2,6.96,172.97,329.71,25.87,100.0,80.1,0.98,-3.39,0.163,288.5,206.4,0.956,1,CRITICAL
22.43,281.13,-0.078,2,2.689,3.21,2,0,7.9,8.68,44.17,0.9,63.36,5.04,0.299,-0.56,0.135,701.7,112.6,2.377,0,LOW
10.85,333.79,-0.007,2,0.977,2.031,3,0,5.43,3.65,52.71,0.3,61.64,5.85,0.178,-5.42,0.215,161.3,79.5,4.932,0,LOW
13.78,356.38,-0.675,3,2.108,1.237,0,0,7.78,97.53,244.94,10.11,100.0,55.79,0.658,-3.02,0.121,196.9,401.5,1.046,1,HIGH
34.58,209.26,-0.05,5,3.859,1.37,2,0,3.65,80.45,212.84,14.88,100.0,38.31,0.798,0.14,0.078,20.1,281.0,0.351,1,CRITICAL
35.02,39.2,-0.471,2,7.337,1.486,0,2,6.67,12.6,70.92,1.17,69.7,10.41,0.497,2.05,0.081,124.9,187.8,1.331,0,MODERATE
28.71,165.29,0.231,4,0.632,1.024,3,3,10.44,75.0,165.23,10.23,100.0,29.74,0.789,-3.35,0.271,14.0,206.6,0.603,1,CRITICAL
17.23,283.54,-0.546,1,7.831,3.588,2,3,9.76,1.01,24.85,0.12,60.51,2.83,0.218,0.02,0.26,120.7,101.6,3.328,0,LOW
9.59,9.98,0.354,3,1.73,0.367,2,2,5.97,64.83,150.88,10.17,94.03,25.54,0.487,-1.14,0.241,147.1,617.4,3.749,0,MODERATE
42.62,20.48,-0.143,2,6.498,1.77,2,0,4.14,116.06,221.18,17.6,100.0,53.74,0.98,-1.0,0.112,53.2,621.5,0.462,1,CRITICAL
36.41,24.18,-0.19,5,2.515,3.165,2,0,2.7,66.74,209.83,14.52,100.0,45.78,0.752,-2.76,0.107,540.9,14.9,0.212,1,CRITICAL
6.25,263.17,0.103,3,6.937,0.116,2,0,8.86,4.4,61.13,0.83,70.51,7.76,0.079,1.95,0.098,115.0,109.1,8.06,0,LOW
35.34,180.42,-0.303,4,3.805,3.7,3,0,8.11,305.99,751.28,64.67,100.0,95.0,0.98,-9.14,0.061,15.8,28.5,0.211,1,CRITICAL
17.89,132.8,0.098,4,2.488,2.996,1,2,8.35,28.61,106.28,4.6,84.04,16.08,0.401,0.18,0.06,138.6,41.3,1.468,0,LOW
32.12,38.02,-0.256,1,1.312,0.401,3,3,11.22,31.12,101.2,5.7,87.58,19.69,0.481,-4.33,0.288,222.4,1419.8,1.123,0,MODERATE
8.47,263.61,-0.195,5,12.148,3.769,2,2,7.84,5.76,84.95,1.18,76.29,12.36,0.175,-5.79,0.099,182.0,273.2,3.402,0,LOW
14.84,115.57,0.142,2,5.649,2.098,1,2,8.0,11.89,99.31,1.02,81.18,14.51,0.328,0.09,0.113,232.0,100.1,2.999,0,LOW
23.37,95.52,-0.399,1,1.68,2.774,0,1,4.43,20.56,73.2,4.28,66.39,11.22,0.387,5.78,0.259,599.6,1515.1,2.093,0,LOW
53.13,234.83,-0.443,2,0.638,3.716,1,1,11.07,104.35,296.24,11.44,100.0,65.85,0.98,-2.49,0.172,8.3,290.9,0.479,1,CRITICAL
23.4,201.24,0.087,2,5.292,3.713,3,3,7.14,76.49,158.04,13.67,98.42,28.0,0.752,-3.25,0.238,436.0,520.1,1.297,0,MODERATE
39.19,130.47,-0.009,1,16.099,1.776,1,2,5.7,56.95,194.69,10.72,100.0,35.04,0.725,0.77,0.17,132.0,1419.8,0.522,1,CRITICAL
25.19,230.94,0.059,4,1.145,1.075,1,1,7.96,129.63,354.01,12.35,100.0,63.72,0.935,-4.9,0.341,135.7,1195.3,0.258,0,HIGH
24.69,97.64,0.115,2,8.664,1.155,2,1,11.9,397.91,802.66,84.93,100.0,95.0,0.98,-13.57,0.064,249.8,1501.7,0.606,1,CRITICAL
29.56,286.14,0.02,4,0.469,3.24,1,0,12.2,31.57,81.63,6.62,83.08,12.21,0.368,0.53,0.232,252.1,823.1,0.895,1,HIGH
21.45,82.55,0.213,1,10.643,3.911,2,2,5.37,32.26,98.66,5.54,76.23,13.54,0.355,2.04,0.085,31.3,543.0,2.13,0,LOW
34.14,57.18,0.034,5,4.787,0.396,1,0,10.09,86.59,205.95,8.81,100.0,37.07,0.845,-2.61,0.156,281.3,105.6,0.377,1,CRITICAL
11.36,281.68,-0.703,2,1.489,0.162,3,1,8.24,67.2,227.85,10.7,100.0,49.08,0.651,-1.76,0.141,54.0,90.8,1.522,0,MODERATE
21.53,254.84,-0.612,4,1.272,3.474,2,2,9.67,0.88,26.82,0.11,60.99,3.05,0.311,-2.74,0.148,97.9,195.7,1.522,0,LOW
55.53,65.75,0.675,4,3.609,1.685,3,2,8.11,69.25,190.66,14.56,100.0,34.32,0.9,-2.99,0.228,185.0,1038.0,0.213,1,CRITICAL
40.06,41.85,0.0,2,3.151,1.233,2,0,8.85,82.65,255.57,11.32,100.0,46.0,0.81,-2.3,0.13,308.2,127.7,0.467,0,HIGH
26.41,301.82,0.333,1,8.794,0.872,1,0,10.41,277.17,652.65,49.09,100.0,95.0,0.98,-6.63,0.067,396.3,106.1,0.641,1,CRITICAL
37.14,279.58,-0.121,2,5.087,1.521,3,2,3.65,57.44,164.13,9.72,94.09,34.69,0.742,-2.26,0.138,355.5,386.1,0.515,1,CRITICAL
47.84,117.81,-0.02,2,2.721,4.083,0,1,8.29,74.97,254.1,8.84,100.0,45.74,0.895,-10.55,0.083,205.7,118.5,0.462,1,CRITICAL
5.66,236.95,-0.159,2,9.188,4.106,1,0,4.93,101.06,315.02,15.66,100.0,68.83,0.654,-2.81,0.297,52.2,389.7,2.343,0,MODERATE
18.89,44.7,0.863,4,3.144,1.459,1,3,6.48,6.56,47.61,0.9,61.9,5.3,0.336,-4.65,0.23,316.3,474.3,1.69,0,LOW
14.81,182.54,0.089,3,6.633,4.051,2,2,7.5,86.24,216.2,11.42,100.0,38.92,0.665,-1.74,0.072,1051.4,196.6,1.725,0,MODERATE
8.88,6.74,-0.187,3,6.435,1.329,1,2,5.28,51.45,120.49,10.34,83.06,24.19,0.454,0.41,0.051,474.5,272.6,4.287,0,LOW
59.75,140.98,-0.578,1,8.805,3.603,2,2,6.22,6.85,37.14,0.68,58.08,4.71,0.661,0.06,0.208,157.9,283.4,1.018,1,HIGH
30.33,26.94,0.691,5,0.245,0.969,3,0,4.42,72.04,216.71,9.9,100.0,39.01,0.656,-5.51,0.248,172.1,57.8,0.441,1,CRITICAL
36.44,171.05,-0.057,2,3.068,3.489,2,3,6.19,17.37,86.75,1.41,73.91,11.54,0.477,-3.63,0.206,864.4,53.7,1.225,0,MODERATE
15.2,151.81,0.26,3,2.211,1.55,1,3,8.63,50.18,144.01,5.85,96.61,25.04,0.478,-2.37,0.243,19.6,72.3,2.319,0,LOW
18.66,159.98,0.3,1,2.36,0.902,2,2,9.4,21.44,105.33,3.58,85.63,16.24,0.296,0.5,0.093,251.6,636.7,2.272,0,LOW
22.1,16.32,-0.162,1,2.156,3.933,3,2,5.81,7.18,44.84,0.66,59.8,5.69,0.258,1.14,0.179,42.6,657.2,2.48,0,LOW
27.51,130.18,0.235,4,6.359,0.978,1,2,10.42,18.77,65.48,2.21,74.71,8.81,0.383,-0.67,0.084,21.9,252.5,1.048,1,HIGH
33.46,272.33,-0.211,4,1.342,4.167,0,2,8.77,37.55,124.13,7.63,90.51,24.73,0.607,-4.36,0.084,93.7,12.3,0.568,1,CRITICAL
6.58,132.81,-0.347,4,2.175,0.545,0,1,10.65,44.3,134.91,7.83,97.35,28.95,0.364,0.85,0.082,73.0,6.2,3.233,0,LOW
32.32,257.46,0.408,3,0.784,0.141,2,1,3.6,10.45,57.64,0.94,59.93,6.22,0.417,-1.47,0.095,13.0,1439.1,1.571,0,LOW
19.38,133.01,-0.055,5,1.015,3.67,2,0,8.18,25.16,102.44,5.51,82.51,15.22,0.396,-2.7,0.132,536.9,117.0,1.371,0,LOW
48.83,152.37,0.181,3,3.78,2.505,2,1,8.84,127.52,271.91,27.07,100.0,48.94,0.98,-4.97,0.327,504.9,82.8,0.422,1,CRITICAL
43.66,203.0,0.144,3,0.435,1.829,2,1,3.72,156.79,482.44,15.65,100.0,86.84,0.98,-8.14,0.11,319.7,39.9,0.419,1,CRITICAL
26.0,342.25,0.223,2,0.728,0.436,2,0,12.81,49.8,157.98,10.41,100.0,28.44,0.56,0.55,0.089,409.5,540.9,1.114,0,MODERATE
22.57,39.19,-0.545,1,2.628,2.457,2,2,6.1,43.81,184.72,6.88,100.0,38.51,0.493,-2.39,0.051,19.3,584.9,0.892,0,HIGH
18.54,11.85,-0.205,3,0.157,1.714,2,1,8.7,56.61,159.94,11.89,100.0,35.58,0.586,-4.06,0.064,89.2,1430.3,1.453,0,LOW
27.6,218.86,-0.114,2,0.475,2.083,1,2,9.54,15.7,94.55,3.38,82.43,15.91,0.375,0.0,0.287,250.8,832.3,1.496,0,LOW
42.44,341.67,-0.291,3,6.966,2.685,1,0,7.72,328.05,876.94,58.1,100.0,95.0,0.98,-5.79,0.074,623.5,11.4,0.42,1,CRITICAL
22.86,356.3,0.15,2,6.551,2.724,1,1,10.55,88.89,223.12,10.74,100.0,40.16,0.699,-7.31,0.068,343.6,755.8,0.903,0,HIGH
15.93,174.3,0.415,4,1.496,4.038,3,2,11.89,17.73,67.91,3.71,78.13,9.55,0.302,2.32,0.065,5.0,1540.0,1.852,0,LOW
22.58,168.51,0.471,5,1.497,2.786,2,1,5.06,20.65,101.0,3.31,76.43,13.89,0.419,3.94,0.121,76.5,335.7,1.197,1,HIGH
26.26,232.19,-0.119,2,9.649,1.492,1,2,7.76,67.94,111.84,8.68,84.75,25.21,0.768,-2.3,0.09,145.1,80.4,1.279,0,MODERATE
10.88,200.03,0.102,4,0.092,1.451,0,2,9.51,25.34,87.47,3.66,80.11,12.61,0.217,-1.11,0.12,272.3,118.9,2.617,0,LOW
9.15,228.27,0.156,5,3.039,2.056,2,1,3.91,28.53,142.7,3.91,87.7,22.53,0.359,4.21,0.342,306.0,818.0,2.673,0,LOW
16.18,314.64,0.217,5,3.184,1.163,1,1,9.84,98.7,268.47,20.82,100.0,48.32,0.747,-5.91,0.056,264.3,1528.6,0.818,1,CRITICAL
48.78,268.67,-0.307,2,5.427,1.643,1,0,11.25,20.18,55.11,3.93,72.89,9.65,0.568,-2.91,0.062,20.6,1405.3,0.921,1,HIGH
41.18,178.88,0.637,4,10.61,3.553,0,2,10.32,79.4,185.14,6.7,100.0,33.33,0.844,-1.33,0.118,397.1,308.2,0.263,1,CRITICAL
7.79,166.27,0.324,2,1.539,3.625,0,2,8.46,177.55,400.31,14.45,100.0,72.06,0.98,-1.88,0.064,310.5,431.6,1.713,0,MODERATE
12.46,230.26,0.333,4,2.016,2.674,1,2,10.89,8.62,95.7,0.77,85.22,14.68,0.203,-1.28,0.137,67.2,497.5,2.188,0,LOW
33.15,164.05,0.421,4,3.894,2.49,1,0,8.29,10.13,63.48,1.68,70.23,8.03,0.437,-3.44,0.185,192.0,248.5,0.867,0,HIGH
17.4,164.8,0.187,4,11.968,1.851,2,0,4.6,186.06,315.4,36.1,100.0,56.77,0.98,-1.7,0.154,82.9,1256.4,0.474,1,CRITICAL
28.42,5.87,-0.36,2,7.751,2.707,3,0,6.35,14.79,44.06,2.25,60.53,6.58,0.409,-1.52,0.081,324.8,769.2,1.831,0,LOW
8.1,62.66,-0.049,4,3.849,3.405,1,0,6.94,1.37,76.82,0.21,72.07,9.97,0.138,-1.22,0.196,68.1,65.0,3.716,0,LOW
22.32,175.86,-0.578,3,6.8,3.125,1,1,7.36,131.87,401.25,14.99,100.0,88.05,0.915,-1.51,0.107,5.7,63.9,0.595,1,CRITICAL
21.03,296.16,0.145,2,0.312,0.245,1,0,7.29,21.56,80.88,3.11,74.01,10.77,0.43,2.13,0.172,158.2,370.2,2.262,0,LOW
36.54,100.34,-0.059,3,1.657,3.098,2,2,6.76,23.03,99.15,2.67,78.89,14.08,0.449,-1.06,0.311,12.3,345.5,1.12,0,MODERATE
27.52,188.15,-0.014,5,0.05,3.052,2,3,7.98,16.73,53.16,1.98,66.38,6.35,0.402,-0.34,0.25,12.4,8.5,1.094,1,HIGH
24.0,124.19,0.421,5,0.684,0.506,1,0,10.81,162.3,387.91,21.87,100.0,69.82,0.98,-1.83,0.1,59.4,273.5,0.247,1,CRITICAL
6.87,37.73,-0.16,4,3.485,0.716,0,3,7.97,96.79,219.44,8.39,100.0,51.11,0.652,-3.7,0.223,357.5,1332.0,1.778,0,MODERATE
56.48,344.99,-0.088,1,7.587,3.33,2,2,8.88,59.04,196.49,12.62,100.0,35.37,0.817,-3.75,0.06,801.2,265.3,0.555,1,CRITICAL
31.87,307.68,0.008,1,3.506,2.392,2,3,2.67,39.25,116.81,8.16,77.19,16.23,0.569,-2.9,0.306,201.3,501.6,1.293,0,MODERATE
14.43,28.26,-0.644,1,3.819,3.469,1,0,7.78,10.07,96.08,1.93,79.74,15.0,0.214,-3.7,0.16,317.3,547.9,3.101,0,LOW
23.66,259.12,-0.093,1,0.384,0.857,0,3,9.89,169.23,450.32,27.01,100.0,81.06,0.98,-7.3,0.255,14.2,13.9,0.695,1,CRITICAL
17.71,125.13,-0.87,3,3.826,0.226,2,3,10.24,90.02,179.19,17.45,100.0,43.06,0.771,2.55,0.313,437.5,147.1,1.241,0,MODERATE
19.7,358.15,-0.205,2,2.12,0.764,1,3,10.02,21.25,117.11,4.6,90.51,21.63,0.396,-3.86,0.222,166.5,1251.8,1.89,0,LOW
40.84,108.86,0.299,1,3.689,1.956,1,2,8.17,191.55,377.37,22.93,100.0,67.93,0.98,-4.35,0.05,184.4,321.2,0.516,1,CRITICAL
12.43,85.95,0.157,5,1.382,2.246,2,0,8.41,177.86,349.79,23.3,100.0,62.96,0.98,-4.97,0.053,454.4,1735.3,0.667,1,CRITICAL
32.59,204.44,-0.208,4,3.049,3.617,1,0,6.02,70.03,190.74,12.75,100.0,42.74,0.671,0.02,0.115,34.7,1014.2,0.297,1,CRITICAL
41.75,300.65,0.014,4,1.931,3.036,3,3,9.36,273.0,462.16,46.41,100.0,83.19,0.98,-6.37,0.204,170.3,148.2,0.2,1,CRITICAL
29.88,69.31,-0.376,3,2.863,4.161,2,0,6.03,13.48,67.74,2.63,67.53,9.85,0.384,2.0,0.192,217.0,139.7,1.579,0,LOW
20.27,255.38,-0.001,3,0.557,0.423,1,1,9.0,85.44,236.84,10.99,100.0,42.63,0.66,-3.23,0.15,266.1,197.2,1.06,1,HIGH
13.81,22.11,1.0,2,1.764,0.634,2,0,7.59,10.73,39.79,1.32,61.4,4.4,0.258,-0.8,0.217,344.2,320.1,3.948,0,LOW
15.0,330.82,0.646,3,1.641,0.446,2,2,7.53,76.48,207.57,12.39,100.0,37.36,0.572,-0.85,0.143,279.2,1022.8,1.77,0,MODERATE
23.93,29.19,0.018,4,4.667,2.308,1,2,9.7,164.05,381.88,16.47,100.0,68.74,0.98,-3.98,0.055,526.9,313.2,0.268,1,CRITICAL
22.83,329.12,0.056,3,4.289,1.194,0,3,8.73,49.93,146.43,4.27,97.58,25.72,0.553,-0.88,0.231,1124.7,688.5,1.448,1,HIGH
34.79,176.69,-0.343,4,8.384,2.903,2,3,8.12,93.6,194.44,10.69,100.0,46.23,0.833,-2.36,0.235,5.0,389.2,0.212,1,CRITICAL
8.5,161.31,-0.281,5,3.499,0.644,2,1,6.41,10.04,38.64,1.03,58.89,5.3,0.076,-4.93,0.119,149.3,117.0,3.794,0,LOW
40.56,350.39,0.127,3,1.322,0.523,2,2,11.03,65.19,138.47,5.28,99.15,24.71,0.707,-0.59,0.313,147.3,246.4,0.665,1,CRITICAL
68.0,356.54,-0.184,2,5.351,1.987,0,1,8.23,4.24,79.24,0.8,75.18,11.23,0.611,1.66,0.168,388.7,239.4,0.809,1,CRITICAL
21.38,234.06,0.316,5,2.405,1.641,3,0,9.14,2.44,34.94,0.38,62.64,3.94,0.302,-1.57,0.073,96.1,2190.8,1.49,0,LOW
19.54,45.76,0.549,4,0.753,3.5,2,3,7.68,65.34,179.47,11.35,100.0,32.3,0.547,-3.02,0.208,5.0,359.2,0.934,0,HIGH
20.62,182.22,0.116,4,4.816,3.534,2,1,5.97,55.28,159.9,5.68,96.92,27.89,0.516,-1.57,0.232,21.7,35.4,0.976,1,HIGH
23.47,190.5,0.036,4,0.498,0.581,2,1,8.28,25.96,125.71,3.01,90.13,20.4,0.46,3.15,0.119,720.2,384.7,0.992,1,HIGH
18.66,185.2,-0.588,1,0.687,3.431,1,0,6.19,46.76,145.28,4.13,92.63,29.83,0.444,-2.85,0.063,701.0,376.1,1.601,0,LOW
5.74,205.02,0.262,1,4.977,2.413,3,2,8.46,74.95,226.63,16.46,100.0,40.79,0.531,-1.14,0.195,82.9,294.6,3.859,0,MODERATE
20.36,6.74,-0.4,2,5.146,2.165,0,1,2.5,67.27,220.17,6.35,100.0,47.7,0.568,-2.98,0.13,769.6,174.0,0.771,0,HIGH
24.26,256.04,-0.146,1,5.475,0.489,2,0,6.62,4.97,76.62,0.46,71.43,10.45,0.295,0.19,0.226,584.4,128.2,2.009,0,LOW
42.9,256.46,0.336,3,1.215,3.132,1,3,7.47,73.68,279.31,12.23,100.0,50.28,0.753,-5.86,0.315,327.0,103.6,0.419,1,CRITICAL
12.32,41.57,0.36,2,7.05,0.344,3,0,5.4,70.03,169.68,8.86,99.02,30.24,0.523,1.89,0.109,78.6,43.1,2.518,0,MODERATE
51.96,205.29,-0.163,5,4.489,1.239,2,1,8.3,71.99,214.18,14.7,100.0,47.19,0.901,-1.72,0.116,35.3,213.9,0.189,1,CRITICAL
17.92,204.61,-0.143,3,6.284,0.491,2,2,6.57,122.18,375.54,24.0,100.0,82.26,0.806,-4.34,0.109,51.4,572.2,0.714,1,CRITICAL
13.26,245.68,-0.245,3,4.316,2.276,3,2,7.49,55.88,168.11,11.26,100.0,36.97,0.45,-2.95,0.054,61.7,390.0,2.049,0,LOW
31.88,30.74,-0.419,1,3.033,2.745,3,2,6.29,180.64,433.5,33.04,100.0,95.0,0.98,-4.12,0.268,460.8,6.8,0.57,1,CRITICAL
16.73,225.54,-0.222,3,0.405,3.753,0,3,9.64,254.31,571.32,25.04,100.0,95.0,0.98,-1.28,0.551,108.3,808.8,0.758,0,HIGH
21.62,101.07,-0.565,1,4.344,3.109,0,0,8.7,90.59,220.3,8.05,100.0,50.53,0.743,0.85,0.079,317.3,229.8,0.746,1,CRITICAL
22.46,182.52,0.239,4,4.104,4.041,2,3,8.16,28.87,80.72,2.57,75.51,10.97,0.393,-2.45,0.337,409.6,545.8,1.266,0,MODERATE
30.9,278.4,0.138,4,1.311,3.22,3,0,7.64,10.04,96.48,1.93,79.62,13.83,0.449,-1.17,0.531,159.1,649.2,0.83,1,CRITICAL
21.25,254.03,0.196,3,4.659,1.322,1,0,13.07,111.51,261.03,19.18,100.0,46.99,0.888,-3.07,0.052,67.4,291.3,0.85,0,HIGH
19.95,42.81,-0.334,1,2.798,2.345,0,0,7.15,10.31,98.67,2.24,79.45,15.35,0.281,-6.29,0.081,180.2,707.4,2.198,0,LOW
17.65,212.83,-0.418,4,2.869,1.978,2,3,5.97,10.27,66.94,1.75,67.16,9.32,0.346,-1.98,0.268,40.3,423.4,1.702,0,LOW
29.24,348.88,0.019,2,1.604,2.42,0,1,4.92,163.4,333.41,18.77,100.0,60.01,0.98,-3.94,0.09,473.2,716.3,0.54,1,CRITICAL
16.22,56.44,0.022,2,0.435,2.446,2,1,9.49,53.34,197.66,4.94,100.0,35.58,0.393,-4.54,0.325,459.6,517.1,1.615,0,LOW
43.65,307.05,-0.052,3,0.856,2.979,1,0,11.09,22.57,100.68,2.96,87.18,15.8,0.605,2.67,0.067,760.7,80.4,0.826,1,CRITICAL
22.6,252.92,-0.101,5,5.126,0.44,2,0,5.63,214.27,649.84,23.13,100.0,95.0,0.98,-8.3,0.09,467.7,124.0,0.259,1,CRITICAL
7.13,278.64,0.599,2,1.108,3.162,3,2,6.87,79.87,259.4,13.42,100.0,46.69,0.623,-5.34,0.156,293.1,248.8,2.766,0,MODERATE
26.25,101.5,0.149,5,0.05,0.689,2,0,6.71,49.75,116.31,4.65,84.3,17.65,0.519,-0.47,0.178,132.8,214.4,0.934,1,HIGH
28.64,103.64,0.69,1,20.0,0.207,0,2,7.23,25.98,92.7,4.89,77.67,12.96,0.489,-1.02,0.059,192.2,167.5,1.568,0,LOW
43.92,326.17,0.444,1,0.828,2.228,2,2,3.61,73.38,132.4,13.03,83.87,19.99,0.73,-3.8,0.07,57.8,279.8,0.732,1,CRITICAL
14.19,129.54,0.596,4,3.729,2.484,1,2,9.27,85.32,296.71,15.62,100.0,53.41,0.696,-0.39,0.061,313.5,331.4,0.727,1,CRITICAL
12.94,22.69,-0.376,2,9.157,0.243,2,2,10.12,80.94,228.64,17.41,100.0,50.87,0.612,-2.21,0.105,504.1,1083.8,1.207,0,MODERATE
31.45,216.21,0.208,2,3.205,2.213,2,0,3.31,14.13,59.21,2.42,59.9,6.38,0.487,3.14,0.111,334.5,160.5,1.655,0,LOW
40.13,44.93,-0.151,1,5.616,2.292,2,0,11.37,77.66,275.3,14.79,100.0,58.87,0.774,-7.2,0.157,880.6,25.4,0.519,1,CRITICAL
13.85,286.77,-0.582,2,13.109,0.315,3,2,11.06,56.61,130.65,5.21,96.71,29.54,0.504,-3.64,0.215,1011.9,169.1,2.281,0,LOW
25.73,231.03,0.524,2,6.89,3.017,1,2,2.5,123.35,329.46,26.15,100.0,59.3,0.98,0.47,0.062,333.9,566.8,0.588,1,CRITICAL
21.46,314.9,-0.103,4,2.857,0.962,3,1,2.72,63.71,183.07,7.05,98.47,40.09,0.589,-1.27,0.11,383.8,216.4,0.677,1,CRITICAL
14.15,282.54,-0.369,4,1.582,3.357,0,2,7.21,10.28,64.62,1.53,68.65,9.22,0.286,-1.67,0.102,111.0,97.1,2.139,0,LOW
20.75,40.36,-0.145,5,2.305,1.374,2,1,10.4,24.93,77.39,5.33,78.48,13.92,0.426,-2.71,0.231,12.9,220.5,1.307,0,MODERATE
38.62,137.19,-0.279,4,6.454,2.059,0,0,8.14,88.52,225.05,9.3,100.0,51.13,0.774,-2.1,0.11,547.2,572.8,0.204,1,CRITICAL
22.65,278.84,-0.243,4,6.719,3.757,1,1,7.55,87.55,258.28,7.44,100.0,57.0,0.693,-5.81,0.071,326.1,44.2,0.295,1,CRITICAL
20.13,150.24,-0.078,4,6.545,3.405,2,0,8.76,16.38,58.88,1.99,69.61,7.38,0.4,-5.11,0.258,937.3,535.3,1.517,0,LOW
30.57,350.05,0.606,5,3.183,3.306,0,1,5.72,28.46,57.19,2.9,63.6,6.55,0.384,-0.36,0.264,5.0,65.6,0.976,1,HIGH
40.49,264.87,-0.233,2,2.268,0.758,0,0,10.31,1.0,50.22,0.17,69.63,6.42,0.485,0.92,0.061,352.2,1758.3,1.231,0,MODERATE
12.19,5.58,0.581,2,1.306,0.297,1,0,7.27,26.2,97.83,3.12,79.4,13.98,0.299,0.63,0.203,87.5,264.3,3.721,0,LOW
26.32,316.79,0.297,4,0.05,2.584,2,3,3.91,1.73,79.42,0.15,67.45,9.64,0.422,-2.31,0.345,164.5,223.6,1.103,0,MODERATE
17.99,36.29,0.139,2,5.061,1.784,0,0,5.75,134.07,250.8,27.49,100.0,45.14,0.936,-5.05,0.121,168.2,396.0,1.027,0,HIGH
22.71,50.59,0.262,5,1.135,3.827,2,0,8.31,71.41,184.4,6.21,100.0,33.19,0.599,-2.64,0.101,10.2,70.2,0.789,1,CRITICAL
31.87,264.42,0.005,3,1.4,1.533,2,3,6.86,226.11,665.86,26.68,100.0,95.0,0.98,-8.21,0.216,535.0,182.0,0.466,1,CRITICAL
18.82,311.39,0.45,2,6.491,1.783,1,2,6.63,144.62,365.47,16.43,100.0,65.78,0.98,-2.43,0.069,25.9,381.7,0.753,1,CRITICAL
21.16,193.09,0.198,4,0.188,2.257,0,2,7.95,60.13,196.87,5.01,100.0,35.44,0.6,-3.14,0.074,855.1,32.2,0.782,1,CRITICAL
36.95,104.06,-0.583,2,9.19,3.365,2,2,8.29,45.44,167.09,4.69,100.0,35.53,0.6,-2.28,0.057,237.0,133.5,0.479,1,CRITICAL
28.26,126.47,0.104,5,0.05,1.2,2,1,4.79,139.87,302.07,27.15,100.0,54.37,0.98,-4.44,0.15,89.9,309.5,0.26,1,CRITICAL
20.89,123.44,0.274,5,9.799,3.961,2,0,10.19,23.04,78.8,1.96,78.56,11.14,0.336,-0.38,0.054,285.0,503.7,1.351,0,LOW
23.95,117.6,-0.101,4,2.123,2.314,2,1,7.21,16.44,49.17,1.37,63.71,7.61,0.427,-0.81,0.058,734.2,168.1,1.269,0,MODERATE
22.99,87.45,0.044,1,0.377,3.548,1,2,8.42,34.3,107.02,5.79,84.41,16.26,0.335,2.88,0.064,424.9,441.6,1.821,0,LOW
6.77,219.19,-0.215,2,3.925,2.255,2,3,7.71,3.55,36.78,0.33,60.66,4.44,0.178,-2.23,0.293,50.7,130.3,8.093,0,LOW
24.18,324.15,-0.482,3,7.917,3.265,0,0,6.6,23.37,89.72,3.08,75.59,15.01,0.382,2.81,0.06,103.9,256.6,1.786,0,LOW
9.81,110.55,-0.543,5,2.017,0.311,1,0,9.51,5.68,64.07,0.46,72.61,9.06,0.138,-5.84,0.066,32.2,247.0,3.074,0,LOW
39.89,67.21,-0.538,2,4.115,3.377,0,1,7.68,3.52,59.82,0.46,67.96,7.74,0.502,-0.05,0.271,367.9,16.3,1.224,0,MODERATE
9.66,301.89,0.234,1,13.582,2.248,3,2,7.66,52.1,150.68,6.49,97.01,26.31,0.33,-6.21,0.077,62.8,1267.1,3.492,0,LOW
17.47,267.04,-0.872,1,0.964,1.943,2,0,2.5,80.05,177.09,13.27,96.17,40.26,0.709,-5.36,0.145,383.3,630.2,1.194,1,HIGH
15.59,335.1,-0.233,3,6.011,0.558,3,3,9.3,50.01,147.86,7.49,99.06,32.37,0.398,-4.64,0.416,39.6,398.0,1.92,0,LOW
47.73,59.59,-0.268,5,1.225,3.14,3,3,7.12,4.76,56.94,0.83,66.05,7.34,0.558,-3.93,0.203,402.6,175.8,0.561,1,CRITICAL
39.01,51.93,-0.099,1,1.945,0.638,3,2,9.16,32.66,102.0,6.89,84.13,15.45,0.536,-3.37,0.1,202.3,785.4,1.001,0,HIGH
4.19,194.91,-0.65,2,1.158,0.889,0,3,11.12,7.64,49.5,1.46,70.85,7.23,0.074,4.15,0.261,510.9,548.7,12.319,0,LOW
22.02,221.2,0.141,4,2.067,0.618,2,0,9.31,68.25,178.02,14.38,100.0,32.04,0.595,-4.76,0.164,204.9,67.3,0.811,1,CRITICAL
10.93,172.86,-0.446,4,0.05,0.127,1,2,7.62,113.82,328.62,9.97,100.0,72.81,0.785,-7.51,0.316,80.0,373.7,0.534,1,CRITICAL
24.23,215.63,0.396,4,1.266,2.814,2,2,6.87,8.07,64.79,1.76,68.1,7.94,0.289,-0.13,0.053,319.9,137.8,1.238,0,MODERATE
31.48,64.94,-0.218,4,2.063,1.21,1,0,13.06,4.5,54.6,0.56,75.97,8.01,0.387,-0.68,0.088,100.0,582.9,0.91,1,HIGH
25.36,172.66,-0.033,1,3.501,0.713,0,1,8.56,33.85,110.54,4.02,85.79,17.07,0.507,3.66,0.095,27.0,247.0,1.597,0,LOW
32.51,236.91,0.001,3,3.55,1.412,2,1,7.96,23.51,105.13,3.21,82.97,15.7,0.552,-1.77,0.322,490.9,131.7,1.23,1,HIGH
19.12,155.77,0.085,5,3.068,2.146,3,2,7.1,19.63,83.73,3.72,74.57,11.24,0.354,-7.31,0.164,366.1,1127.1,1.494,0,LOW
25.81,244.6,0.013,5,1.214,2.164,2,3,5.53,15.44,90.0,3.3,73.75,11.95,0.442,-2.58,0.419,16.6,1087.3,1.067,1,HIGH
31.89,162.43,-0.149,4,10.308,1.606,1,2,3.21,24.77,123.23,3.9,80.21,20.76,0.521,-2.81,0.062,732.7,773.9,0.69,1,CRITICAL
17.09,120.1,0.12,4,1.741,2.129,3,2,10.85,218.61,415.7,22.21,100.0,74.83,0.98,-8.65,0.052,63.7,45.3,0.354,1,CRITICAL
13.14,109.3,0.163,5,0.856,1.852,1,0,5.79,126.72,320.49,13.94,100.0,57.69,0.896,-5.14,0.333,381.1,633.0,0.774,1,CRITICAL
15.08,147.92,-0.268,3,2.83,3.473,3,2,7.08,59.78,201.21,8.18,100.0,43.39,0.564,-2.77,0.082,6.2,38.1,1.488,0,LOW
20.73,8.31,0.149,1,4.837,0.221,3,2,7.27,104.77,357.55,13.75,100.0,64.36,0.781,-3.45,0.136,182.5,49.7,0.772,0,HIGH
22.35,240.67,0.417,4,0.05,3.659,2,0,10.65,0.96,45.48,0.11,68.73,5.63,0.319,-4.67,0.064,83.1,79.8,1.394,1,HIGH
26.62,304.24,0.247,5,1.132,1.1,2,3,5.81,7.68,35.34,1.53,56.78,3.61,0.365,0.17,0.264,226.8,525.8,1.197,1,HIGH
14.19,127.67,0.326,4,6.1,3.059,2,1,8.07,22.49,131.39,2.68,91.56,21.65,0.353,2.44,0.277,88.2,218.1,1.685,0,LOW
32.39,16.57,0.06,4,2.476,1.761,2,2,8.63,67.12,209.68,10.94,100.0,37.74,0.789,-1.84,0.147,192.3,834.8,0.378,1,CRITICAL
53.44,355.24,-0.328,3,1.838,1.307,0,1,4.45,139.69,279.29,20.55,100.0,67.03,0.98,-1.23,0.098,5.0,616.7,0.437,1,CRITICAL
15.65,94.93,-0.283,1,9.353,2.623,2,3,4.25,17.09,76.12,3.58,67.0,11.23,0.323,-1.09,0.404,667.7,656.5,3.163,0,LOW
68.0,45.58,0.112,2,0.328,3.252,0,0,5.93,9.74,46.32,1.64,60.49,5.04,0.694,-4.01,0.061,462.8,1202.4,0.937,0,HIGH
57.19,133.11,0.33,5,3.346,1.945,2,1,8.04,122.42,247.1,15.48,100.0,44.48,0.98,-2.97,0.101,7.1,406.2,0.201,1,CRITICAL
22.31,265.88,0.975,3,1.466,2.013,2,0,7.76,34.2,137.73,5.79,93.03,23.06,0.427,-3.14,0.118,1204.8,863.5,1.597,0,LOW
20.38,105.81,0.344,1,0.257,0.341,1,0,7.24,78.15,259.54,9.74,100.0,46.72,0.626,-5.54,0.051,736.6,133.3,0.783,1,CRITICAL
14.95,206.89,-0.41,5,0.842,3.888,3,0,8.94,51.62,158.6,4.79,100.0,34.74,0.474,-2.43,0.051,301.6,1125.0,1.249,0,MODERATE
34.93,149.6,-0.269,3,3.46,3.572,1,1,5.62,12.58,78.52,1.86,70.23,11.44,0.466,0.6,0.127,140.3,1261.1,1.281,0,MODERATE
23.16,42.4,0.797,4,0.1,1.732,2,2,7.12,78.38,225.77,15.71,100.0,40.64,0.654,-3.62,0.135,602.9,222.8,0.596,1,CRITICAL
24.53,118.9,-0.075,3,3.14,3.236,0,1,7.25,35.49,169.73,7.36,100.0,30.55,0.341,2.94,0.37,546.9,182.7,1.173,0,MODERATE
13.31,260.95,0.017,1,11.001,1.384,1,2,5.67,22.06,72.61,3.44,68.45,8.95,0.269,0.74,0.08,153.2,159.4,3.857,0,LOW
35.46,220.32,-0.336,4,5.548,3.095,0,3,12.56,151.45,290.35,26.95,100.0,70.44,0.98,-5.6,0.234,341.7,295.0,0.21,1,CRITICAL
19.47,43.12,0.548,5,1.484,2.218,1,2,2.75,0.39,54.16,0.06,57.28,5.58,0.335,-2.65,0.122,465.6,488.1,1.624,0,LOW
11.45,58.8,0.175,1,0.521,1.989,1,0,10.23,33.73,145.09,6.53,99.84,26.08,0.335,3.49,0.158,476.2,318.0,2.91,0,LOW
21.34,230.66,-0.271,4,2.19,0.332,0,0,9.26,23.23,121.21,2.19,90.45,22.52,0.477,-2.51,0.109,1016.6,337.4,1.063,0,MODERATE
13.85,292.83,-0.348,2,1.747,4.058,2,0,9.28,3.64,59.95,0.5,70.89,8.09,0.213,-0.36,0.127,450.7,28.1,3.655,0,LOW
43.95,125.81,0.108,3,12.481,3.533,2,0,7.71,5.45,74.71,0.63,72.79,9.79,0.402,-0.25,0.068,226.6,1023.3,1.007,0,HIGH
56.8,214.31,0.015,3,16.072,3.353,2,1,10.43,12.29,79.86,0.99,79.34,11.4,0.601,-5.76,0.151,456.4,86.2,0.685,0,HIGH
21.68,61.43,0.291,5,1.85,1.35,2,2,6.51,45.71,107.05,8.97,80.98,15.6,0.538,-6.39,0.091,100.7,576.1,1.209,0,MODERATE
38.44,112.1,0.191,3,0.564,1.287,3,0,8.36,21.59,53.17,2.13,67.07,6.42,0.487,0.51,0.119,79.5,162.4,1.276,0,MODERATE
37.94,7.3,-0.093,3,8.452,2.45,0,1,7.66,118.25,349.21,14.81,100.0,62.86,0.98,-6.18,0.136,98.3,285.7,0.431,0,HIGH
3.0,276.58,-0.19,4,5.522,3.57,2,1,6.99,17.84,98.44,3.59,79.08,16.15,0.227,-1.53,0.051,220.0,3.2,9.137,0,LOW
15.1,144.36,-0.056,1,2.506,3.932,3,2,7.77,82.79,148.66,14.98,96.55,25.84,0.62,-6.63,0.119,248.7,762.6,2.213,0,MODERATE
23.72,293.81,-0.193,1,1.591,1.203,0,3,5.41,15.35,97.61,2.45,75.98,15.19,0.405,-2.33,0.429,108.1,1459.9,1.851,0,LOW
17.35,255.01,-0.046,1,2.081,2.59,2,3,6.04,2.83,29.47,0.35,55.3,2.93,0.314,-0.72,0.208,184.1,59.3,3.343,0,LOW
14.4,298.35,0.006,4,8.126,3.068,2,2,10.98,19.98,81.25,3.04,80.76,11.81,0.324,-6.75,0.059,241.0,96.2,1.983,0,LOW
39.28,102.84,-0.314,3,0.714,1.028,0,1,13.84,118.14,219.55,10.38,100.0,53.7,0.98,-3.43,0.068,91.0,33.8,0.427,1,CRITICAL
16.95,66.64,0.221,5,5.754,1.771,1,2,8.64,5.58,34.5,1.01,61.6,3.82,0.191,-1.04,0.058,16.4,37.0,1.904,0,LOW
26.66,349.89,-0.13,3,0.064,0.869,2,2,9.33,27.45,93.52,3.11,81.73,17.05,0.52,-2.92,0.204,31.2,358.6,1.517,0,LOW
37.48,258.24,-0.295,2,8.865,2.966,2,1,8.05,0.52,75.82,0.08,73.76,10.13,0.376,-3.96,0.22,265.6,80.5,1.223,0,MODERATE
45.3,300.26,-0.123,4,2.428,3.642,1,2,8.5,64.67,139.64,6.03,94.99,31.63,0.743,-3.43,0.101,713.6,112.7,0.222,1,CRITICAL
11.49,4.73,0.085,2,0.9,3.698,2,1,8.7,185.93,512.1,33.38,100.0,92.18,0.98,-5.86,0.175,165.2,270.2,1.178,0,MODERATE
12.13,127.61,0.029,5,0.05,2.847,2,3,9.78,31.53,138.8,6.48,97.01,24.24,0.335,2.98,0.229,198.9,294.8,1.909,0,LOW
25.07,267.41,0.148,2,2.87,1.523,1,0,10.88,55.91,134.98,8.04,97.78,23.76,0.545,-2.62,0.106,11.5,152.6,1.33,0,MODERATE
5.69,28.07,0.314,2,0.981,2.81,2,1,5.55,39.13,130.9,3.59,86.88,20.47,0.326,-3.14,0.112,852.2,1793.3,7.072,0,LOW
12.5,204.24,0.457,3,3.492,3.643,2,1,13.72,235.58,706.34,50.02,100.0,95.0,0.98,-6.22,0.079,547.1,54.1,0.99,0,HIGH
41.54,154.47,0.1,1,1.155,2.666,1,2,7.8,86.57,242.04,12.34,100.0,43.57,0.83,-1.87,0.121,187.5,95.6,0.515,0,HIGH
31.06,6.34,-0.374,1,0.322,1.793,2,0,7.8,2.94,73.47,0.27,72.56,9.95,0.414,-0.29,0.198,598.8,252.3,1.553,0,LOW
20.73,84.95,-0.094,3,2.462,3.871,1,1,6.59,7.48,55.75,0.8,64.71,6.49,0.362,-0.23,0.282,160.8,154.2,2.46,0,LOW
28.62,102.53,-0.352,2,2.909,3.524,1,2,6.6,41.33,168.85,4.0,100.0,35.35,0.539,-0.52,0.079,171.2,805.3,0.775,1,CRITICAL
32.2,40.27,0.594,1,2.109,3.718,1,2,8.86,64.93,207.52,6.99,100.0,37.35,0.648,-6.15,0.257,321.7,87.6,0.567,0,HIGH
9.07,227.35,0.696,2,2.144,3.803,3,1,8.9,22.3,132.73,2.27,93.5,22.34,0.305,-0.35,0.129,109.4,564.1,4.174,0,LOW
16.77,87.26,0.228,3,3.118,1.715,3,1,8.74,72.98,243.54,15.27,100.0,43.84,0.504,-2.2,0.123,597.3,60.5,1.294,0,MODERATE
44.49,99.94,0.3,3,2.616,3.625,2,2,6.5,55.85,145.77,6.1,93.35,24.49,0.794,-3.87,0.06,67.3,140.3,0.584,0,HIGH
25.32,323.37,0.088,1,0.498,2.438,2,2,2.5,37.12,165.52,5.27,92.47,27.55,0.485,-1.68,0.149,905.8,606.1,1.186,0,MODERATE
26.14,168.16,0.128,3,0.768,0.256,0,3,3.55,56.74,122.03,10.34,80.44,17.67,0.541,-2.61,0.229,732.9,41.9,1.54,0,LOW
21.71,141.17,-0.559,4,0.535,2.707,2,2,7.53,161.36,397.34,28.2,100.0,90.88,0.98,-4.48,0.094,118.7,1072.1,0.289,1,CRITICAL
6.8,260.59,-0.026,4,4.137,2.03,1,0,8.24,18.11,59.12,3.87,68.75,7.32,0.247,-1.13,0.062,302.6,174.5,4.611,0,LOW
15.5,327.46,-0.308,3,2.632,1.228,2,2,6.58,101.82,211.84,21.92,100.0,50.35,0.712,-7.43,0.071,192.2,182.9,1.136,0,MODERATE
27.7,9.01,0.098,1,1.967,4.079,3,0,5.98,0.78,67.35,0.13,67.31,8.16,0.428,-0.56,0.128,245.9,120.2,1.845,0,LOW
17.01,161.37,-0.021,3,5.604,0.326,0,1,8.15,5.76,34.53,1.07,60.73,3.77,0.239,0.31,0.126,53.1,923.1,3.152,0,LOW
11.75,219.88,0.681,5,1.38,3.978,2,1,7.26,194.32,296.74,26.05,100.0,53.41,0.98,-4.48,0.099,386.6,459.7,1.022,1,CRITICAL
12.74,114.68,0.321,3,2.939,0.753,2,3,6.45,77.77,176.29,10.89,100.0,31.73,0.625,-4.57,0.28,199.9,20.3,2.416,0,MODERATE
44.97,278.07,0.1,2,0.271,1.646,1,0,3.95,65.21,157.67,6.17,92.56,26.27,0.743,-4.66,0.211,30.8,1111.9,0.516,1,CRITICAL
16.47,349.73,-0.093,1,4.775,1.811,2,2,5.64,26.43,131.19,4.61,87.14,20.58,0.357,-1.27,0.053,449.6,1206.9,2.359,0,LOW
40.33,339.63,0.587,5,4.158,3.097,2,0,9.55,13.24,91.67,1.56,81.53,13.45,0.476,0.54,0.068,649.8,359.6,0.589,1,CRITICAL
26.2,95.75,-0.01,4,5.675,0.984,2,3,5.38,31.06,129.69,2.83,86.19,20.12,0.377,1.45,0.228,5.0,170.2,0.884,1,HIGH
19.41,81.48,0.116,2,7.554,4.143,0,1,8.96,59.3,189.55,5.56,100.0,34.12,0.454,-0.47,0.119,460.4,78.9,1.364,1,HIGH
13.99,344.7,0.015,2,4.966,3.171,1,2,10.55,65.4,184.47,11.85,100.0,33.2,0.43,-1.23,0.138,234.6,136.3,2.033,0,MODERATE
31.5,165.11,-0.141,5,6.514,3.339,3,2,5.76,12.08,74.94,1.35,69.35,10.8,0.39,-7.8,0.114,14.5,940.8,0.872,1,HIGH
37.77,74.99,0.013,2,1.484,0.536,2,1,6.52,38.33,141.76,7.2,92.1,23.5,0.544,-3.5,0.146,165.2,104.0,0.792,1,CRITICAL
33.11,254.52,-0.687,3,1.472,2.053,2,3,9.67,54.37,92.34,11.25,81.96,20.15,0.59,-1.51,0.247,150.4,72.8,1.098,1,HIGH
9.7,102.39,-0.542,4,10.107,3.977,1,2,10.21,209.16,616.23,26.71,100.0,95.0,0.98,-7.08,0.178,59.7,178.4,0.598,0,HIGH
16.45,96.21,0.122,3,8.61,1.207,0,1,6.08,51.82,111.28,9.9,81.56,16.34,0.491,-4.56,0.056,125.0,161.5,2.595,0,LOW
17.62,316.53,0.549,1,2.783,0.696,3,1,3.93,56.48,143.61,7.91,88.04,22.76,0.508,-4.99,0.127,195.7,606.2,2.084,0,LOW
5.88,58.49,0.122,2,1.598,2.09,0,3,10.26,94.18,231.2,17.72,100.0,41.62,0.583,1.33,0.204,223.0,218.1,3.999,0,MODERATE
28.47,23.18,-0.252,5,7.035,3.915,3,0,8.78,35.29,104.39,4.34,84.22,20.06,0.601,-5.16,0.071,44.2,102.4,0.811,1,CRITICAL
30.65,96.91,-0.505,3,1.367,2.096,0,1,8.38,31.48,104.78,6.62,83.62,19.55,0.493,-2.36,0.055,247.3,70.0,1.218,0,MODERATE
30.09,218.5,0.275,4,0.584,1.76,0,2,9.51,58.1,102.84,12.68,85.04,15.74,0.681,-4.18,0.122,83.0,308.1,0.816,0,HIGH
27.49,44.31,-0.199,3,3.571,2.766,1,0,4.89,99.4,259.75,13.33,100.0,58.68,0.755,-5.35,0.069,49.9,1327.4,0.511,1,CRITICAL
18.5,169.77,0.225,5,0.152,3.941,2,2,8.36,65.97,139.83,7.12,94.8,23.86,0.645,-1.49,0.058,112.5,241.0,1.225,1,HIGH
13.66,225.84,0.136,5,1.668,0.301,2,1,6.87,13.39,74.19,2.36,71.11,9.5,0.249,0.59,0.169,283.6,16.9,2.185,0,LOW
18.46,305.55,0.167,3,5.77,0.729,3,0,8.83,32.96,87.34,5.33,78.84,12.39,0.553,-4.8,0.05,899.0,143.9,2.463,0,LOW
26.32,82.75,0.012,2,1.225,0.644,1,2,9.26,46.71,201.06,10.22,100.0,36.19,0.479,-2.0,0.114,487.3,179.1,0.854,0,HIGH
42.29,294.24,0.134,4,9.374,0.45,0,2,9.65,48.22,163.58,9.34,100.0,29.44,0.626,-2.45,0.251,561.5,434.7,0.297,1,CRITICAL
23.15,84.57,-0.042,4,10.919,1.339,2,1,8.82,26.97,106.6,5.31,84.98,16.31,0.411,-2.87,0.174,68.3,910.0,1.099,0,MODERATE
22.72,243.64,-0.222,3,5.921,1.04,2,0,8.05,48.04,138.7,8.73,93.88,29.2,0.504,-4.49,0.124,173.3,1498.1,1.365,1,HIGH
6.26,155.04,-0.337,4,15.377,2.35,1,1,8.13,72.65,262.4,9.38,100.0,55.95,0.455,0.12,0.059,165.6,120.6,1.648,0,MODERATE
27.26,41.29,-0.835,2,2.648,1.442,0,3,8.31,41.02,116.19,8.66,87.13,23.15,0.597,-4.61,0.325,172.8,864.8,1.272,0,MODERATE
43.9,257.13,-0.063,2,2.947,1.761,1,0,6.13,39.02,93.62,5.67,75.99,12.8,0.715,-5.24,0.083,62.4,45.0,0.946,0,HIGH
20.83,78.39,0.532,4,6.331,3.962,2,0,6.68,105.13,306.96,14.29,100.0,55.25,0.775,-0.56,0.063,519.1,373.1,0.384,1,CRITICAL
19.95,63.58,0.256,2,2.376,0.738,2,3,8.39,91.91,189.35,9.85,100.0,34.08,0.77,-2.54,0.557,112.9,190.9,1.321,0,MODERATE
17.81,129.0,0.08,3,1.827,1.693,2,3,8.93,35.68,119.53,4.37,89.33,19.22,0.492,-4.87,0.208,180.1,58.5,2.225,0,LOW
32.07,235.18,-0.257,5,3.339,1.154,1,2,6.07,359.11,635.83,28.84,100.0,95.0,0.98,-8.58,0.151,126.1,97.4,0.204,1,CRITICAL
6.05,84.24,0.349,4,3.752,2.352,3,0,5.13,4.47,25.25,0.77,52.32,2.38,0.137,-2.85,0.085,119.5,140.8,5.646,0,LOW
40.35,66.12,-0.042,5,4.865,3.119,0,0,3.81,25.64,68.45,4.23,63.77,7.86,0.615,2.01,0.197,266.5,568.2,0.69,0,HIGH
19.46,3.58,0.551,4,3.861,3.45,1,0,4.73,2.44,83.59,0.33,70.25,10.57,0.324,-1.85,0.113,1389.7,2099.9,1.5,0,LOW
27.53,169.79,-0.343,4,4.793,2.213,2,2,6.31,118.9,273.4,25.61,100.0,63.48,0.852,-2.25,0.227,605.4,14.6,0.242,1,CRITICAL
33.4,154.31,-0.262,3,3.929,3.605,2,1,6.52,91.59,269.61,16.21,100.0,59.52,0.896,-3.09,0.115,735.9,722.1,0.455,1,CRITICAL
12.64,84.19,-0.297,1,2.292,3.319,1,0,6.88,74.81,257.87,8.53,100.0,55.39,0.524,0.9,0.081,159.4,322.2,1.197,0,MODERATE
21.92,19.31,-0.519,3,0.507,0.744,3,0,4.85,15.69,46.91,2.09,58.74,6.84,0.373,-1.01,0.309,59.1,55.5,2.343,0,LOW
19.22,154.53,-0.328,2,5.387,1.106,2,3,3.51,79.95,227.03,12.17,100.0,50.46,0.613,0.09,0.249,5.0,118.9,0.74,1,CRITICAL
10.83,283.75,0.036,5,0.109,2.854,1,2,7.78,28.53,93.41,4.46,78.89,13.26,0.337,-0.42,0.202,12.5,249.7,2.607,0,LOW
37.62,257.5,-0.249,2,17.125,4.097,2,2,7.78,131.9,316.15,15.64,100.0,72.73,0.98,-5.22,0.197,362.9,579.8,0.476,1,CRITICAL
18.34,309.89,-1.0,2,6.17,1.642,2,0,8.87,14.46,103.66,1.66,84.13,17.43,0.431,-1.48,0.116,126.4,124.0,2.262,0,LOW
10.55,3.45,0.376,4,3.89,1.042,2,3,9.29,15.97,109.58,1.95,86.79,17.12,0.183,-2.05,0.256,296.8,459.3,2.497,0,LOW
22.67,347.91,-0.589,3,11.898,3.663,3,1,8.36,210.19,355.51,45.16,100.0,89.21,0.98,-6.84,0.078,225.3,143.8,0.588,1,CRITICAL
8.75,122.91,0.206,1,3.318,0.918,2,1,7.75,47.31,160.9,6.17,100.0,28.96,0.383,-4.84,0.116,1093.7,783.1,3.58,0,LOW
17.01,356.54,0.011,1,0.203,2.959,1,3,9.43,38.43,122.97,5.09,91.32,20.21,0.445,1.43,0.268,349.2,164.2,2.263,0,LOW
26.03,90.94,0.741,4,2.869,0.24,2,0,10.63,28.18,88.19,5.1,82.36,13.07,0.434,-6.92,0.072,1135.1,777.9,1.023,1,HIGH
8.15,169.75,0.349,3,1.136,0.178,2,2,6.01,115.64,209.96,11.89,100.0,37.79,0.634,-0.18,0.181,100.0,174.7,3.361,0,MODERATE
30.99,127.41,-0.177,1,1.614,1.951,2,2,9.19,28.27,99.07,4.81,83.25,18.24,0.526,-5.11,0.083,112.8,357.9,1.242,0,MODERATE
23.32,128.07,-0.246,3,2.154,2.792,1,0,6.13,28.62,109.1,4.96,80.94,19.33,0.496,-0.41,0.162,199.8,704.2,1.696,0,LOW
33.51,303.22,0.526,2,5.215,0.684,3,1,7.98,8.56,84.08,0.76,76.27,11.54,0.432,-2.84,0.404,192.2,45.5,1.337,1,HIGH
33.31,268.71,-0.517,2,2.447,3.232,2,3,9.85,47.81,160.12,5.1,100.0,34.56,0.583,-6.32,0.632,205.8,82.4,0.617,1,CRITICAL
16.67,357.17,0.067,5,2.253,0.628,2,0,6.9,167.29,373.12,24.31,100.0,67.16,0.98,-1.68,0.209,535.1,1411.8,0.349,1,CRITICAL
16.94,220.87,-0.046,3,1.258,2.288,1,1,5.41,205.35,599.81,40.44,100.0,95.0,0.98,-11.31,0.206,350.7,90.1,0.75,1,CRITICAL
28.63,166.77,-0.12,1,2.717,1.364,2,2,6.49,351.46,818.58,64.15,100.0,95.0,0.98,-6.24,0.181,54.9,1023.7,0.608,1,CRITICAL
11.44,32.43,0.124,5,0.999,3.184,1,1,5.4,41.64,146.03,8.42,91.46,24.04,0.425,-1.71,0.146,247.5,324.7,2.057,0,LOW
11.49,358.76,0.066,4,1.059,3.397,3,1,5.14,96.94,232.52,19.31,100.0,41.85,0.65,-0.51,0.066,53.9,51.7,1.348,0,MODERATE
15.34,198.55,0.16,2,4.955,0.371,0,0,10.15,52.27,188.28,7.92,100.0,33.89,0.488,-0.68,0.059,153.1,291.6,1.803,0,LOW
9.26,252.17,0.049,3,1.468,0.89,2,0,8.67,51.61,157.04,8.62,100.0,28.27,0.484,-0.7,0.118,672.7,370.0,3.622,0,LOW
10.47,146.43,0.146,5,0.185,3.76,2,3,5.92,106.67,250.2,22.29,100.0,45.04,0.775,-1.09,0.29,21.3,75.5,1.464,0,MODERATE
10.69,197.18,0.033,3,1.474,1.804,2,2,5.33,117.26,343.35,21.55,100.0,61.8,0.768,-1.45,0.091,925.4,651.1,1.147,0,MODERATE
18.38,339.33,-0.231,3,3.562,2.055,2,1,5.49,1.3,46.76,0.17,59.84,5.19,0.361,-0.1,0.288,70.1,55.8,2.864,0,LOW
17.9,59.91,0.001,3,5.887,0.789,0,1,5.92,185.97,358.88,24.0,100.0,64.6,0.98,-5.76,0.073,54.0,48.9,0.715,1,CRITICAL
36.2,105.25,-0.25,3,11.44,4.179,2,1,10.04,112.55,293.79,14.78,100.0,66.39,0.979,-4.02,0.073,183.4,383.2,0.439,1,CRITICAL
18.57,54.74,-0.273,4,4.8,3.884,3,1,7.26,83.0,218.37,12.39,100.0,49.27,0.644,-2.59,0.213,630.0,807.4,0.601,0,HIGH
21.0,285.2,-0.118,3,1.96,0.108,2,2,12.19,124.2,292.7,16.24,100.0,67.59,0.871,-4.35,0.107,58.2,429.1,0.625,1,CRITICAL
51.46,22.34,-0.042,1,1.244,2.358,1,0,7.41,50.09,180.48,5.32,100.0,32.49,0.772,3.26,0.053,5.0,21.4,0.524,1,CRITICAL
4.31,29.39,0.012,4,0.486,3.676,3,3,6.23,96.46,267.85,15.75,100.0,48.21,0.611,-3.35,0.217,152.0,258.8,3.142,0,MODERATE
24.69,107.46,0.321,1,3.458,1.865,2,1,9.54,59.34,112.47,11.97,88.17,17.85,0.679,-5.26,0.117,238.6,576.1,1.603,0,LOW
19.47,185.11,-0.174,3,2.496,1.891,1,3,3.83,50.89,166.08,7.58,95.03,34.52,0.463,-2.52,0.232,385.1,137.7,1.437,0,LOW
26.06,146.26,0.069,3,3.963,1.655,2,1,7.91,15.45,41.76,1.71,62.61,4.71,0.411,-3.61,0.104,16.1,536.6,2.001,0,LOW
15.91,16.13,0.041,4,0.947,0.218,1,2,4.83,122.2,380.83,23.69,100.0,68.55,0.738,1.25,0.176,206.7,225.4,0.377,1,CRITICAL
18.5,344.7,-0.213,3,1.369,3.34,0,2,2.7,139.95,426.65,26.0,100.0,93.59,0.967,-3.75,0.105,51.1,1521.9,0.695,1,CRITICAL
41.27,343.03,0.026,4,1.209,1.973,3,1,7.24,230.56,652.53,41.05,100.0,95.0,0.98,-4.22,0.1,157.4,297.8,0.2,1,CRITICAL
28.42,100.57,0.351,1,5.592,2.277,0,2,9.34,8.34,69.2,1.46,73.95,9.21,0.441,-0.08,0.065,976.3,852.8,1.725,1,HIGH
19.03,263.35,0.065,4,0.657,1.148,2,2,7.97,22.41,73.53,4.25,72.88,9.65,0.335,0.72,0.063,1093.2,192.8,1.549,0,LOW
13.85,208.29,0.079,4,3.282,3.315,2,1,7.71,75.17,221.59,14.75,100.0,39.89,0.551,-2.11,0.095,1182.5,605.9,1.153,1,HIGH
11.42,85.49,-0.247,5,0.185,3.354,3,1,2.5,125.62,320.49,25.85,100.0,72.76,0.871,-4.71,0.069,126.4,177.8,0.473,1,CRITICAL
16.5,94.38,0.689,3,2.791,2.367,0,1,7.16,90.45,266.25,14.96,100.0,47.92,0.744,-2.89,0.091,339.9,150.7,1.151,1,HIGH
20.0,176.82,-0.227,2,0.231,3.809,1,1,7.18,39.52,115.63,5.34,84.93,22.42,0.446,-5.06,0.117,577.1,86.8,1.864,0,LOW
51.36,150.93,-0.584,2,0.677,0.575,2,1,8.87,84.15,224.54,7.79,100.0,50.51,0.834,-3.26,0.06,197.3,460.4,0.472,1,CRITICAL
23.72,104.84,0.301,2,0.42,3.325,2,0,5.17,4.87,85.76,0.88,71.75,11.08,0.261,3.19,0.067,180.2,293.2,1.994,0,LOW
14.85,290.7,-0.04,3,1.49,2.39,3,3,9.33,70.61,192.08,7.04,100.0,34.57,0.567,-0.77,0.356,358.7,201.3,1.917,0,MODERATE
4.33,173.33,-0.106,2,1.474,1.047,0,2,6.38,0.52,61.67,0.11,66.22,7.41,0.066,-1.48,0.13,195.7,25.7,12.029,0,LOW
13.62,235.75,-0.191,5,6.129,0.642,2,1,6.84,3.17,55.31,0.43,65.01,6.85,0.261,3.77,0.159,244.4,484.5,2.287,0,LOW
16.51,68.14,0.655,5,0.895,1.334,0,0,8.66,92.03,196.87,18.65,100.0,35.44,0.654,-4.56,0.104,168.9,520.7,1.101,0,MODERATE
24.98,192.06,0.124,1,0.316,3.611,2,2,4.88,42.21,124.79,6.44,83.72,18.81,0.507,-1.19,0.143,368.1,173.6,1.574,0,LOW
16.87,114.47,0.192,3,3.238,3.329,0,0,9.31,3.99,67.17,0.57,73.26,8.86,0.31,-2.04,0.095,530.7,484.7,2.887,0,LOW
52.62,189.51,0.057,4,4.07,2.745,3,2,4.52,42.74,164.11,5.59,95.65,28.26,0.753,-2.57,0.061,169.4,954.8,0.214,1,CRITICAL
19.23,281.1,0.095,2,1.223,0.47,0,0,8.94,4.21,24.51,0.37,58.94,2.6,0.372,-0.3,0.096,189.1,192.3,2.91,0,LOW
36.85,276.81,0.49,3,3.232,4.015,2,2,6.98,27.61,91.57,2.25,76.87,12.67,0.603,-0.31,0.129,716.9,572.4,1.15,1,HIGH
7.7,127.52,-0.088,3,5.237,1.352,1,1,7.16,11.13,95.58,1.68,78.48,13.5,0.165,-1.93,0.073,231.9,840.5,5.933,0,LOW
21.27,249.94,-0.51,2,1.495,2.589,2,2,2.5,16.1,54.73,3.32,57.01,7.55,0.38,-3.61,0.147,180.4,259.1,2.457,0,LOW
13.7,338.86,0.304,4,2.608,3.393,2,0,6.2,14.15,42.32,2.29,59.7,4.55,0.288,3.1,0.061,989.7,75.2,2.384,0,LOW
37.38,225.24,0.174,5,0.555,0.645,1,0,7.04,30.21,84.63,6.07,74.75,11.39,0.609,-1.55,0.071,19.2,18.0,0.692,1,CRITICAL
17.51,53.43,0.038,3,0.084,2.774,1,0,10.91,7.42,41.61,1.63,67.95,5.09,0.303,-3.94,0.153,273.2,605.9,2.961,0,LOW
41.87,244.7,0.165,3,13.94,0.232,0,1,7.42,48.76,123.71,5.12,87.94,19.58,0.654,-4.73,0.071,7.2,332.9,0.786,1,CRITICAL
30.77,37.77,-0.13,2,1.247,0.517,0,0,6.06,33.98,105.3,5.86,79.61,19.17,0.54,3.1,0.129,166.9,87.0,1.241,1,HIGH
16.21,313.96,0.007,5,1.144,3.065,1,0,9.33,119.06,309.62,16.47,100.0,55.73,0.807,2.58,0.148,109.8,5.4,0.639,1,CRITICAL
11.29,186.0,-0.046,5,12.674,0.736,2,1,6.39,113.64,240.6,12.41,100.0,43.31,0.726,-2.63,0.069,159.7,250.3,1.408,1,HIGH
14.2,138.65,-0.207,2,4.56,1.918,2,2,9.77,113.03,227.17,12.85,100.0,54.45,0.773,-5.0,0.106,653.3,252.5,0.967,0,HIGH
18.51,20.52,0.416,5,3.081,1.118,2,2,8.07,41.22,97.96,4.71,80.88,14.26,0.467,-1.19,0.278,199.3,1619.1,1.465,0,LOW
30.66,137.08,-0.494,2,4.206,1.827,0,3,5.52,22.33,93.58,4.07,74.88,15.29,0.522,-2.41,0.272,245.5,67.7,1.377,0,LOW
21.67,325.15,0.826,1,4.332,0.417,1,1,9.56,34.89,159.59,4.53,100.0,28.73,0.423,-0.46,0.053,111.9,92.9,1.337,0,MODERATE
33.62,7.55,0.307,4,5.044,3.195,2,1,8.82,75.58,279.77,8.75,100.0,50.36,0.651,-1.84,0.067,1180.5,1379.7,0.216,1,CRITICAL
43.58,170.87,-0.622,3,0.243,0.424,2,2,9.47,49.05,192.43,10.01,100.0,40.52,0.684,-2.26,0.187,1030.2,43.8,0.419,1,CRITICAL
22.31,335.22,-0.078,3,1.864,3.535,0,1,7.1,63.63,250.82,5.4,100.0,45.15,0.61,-2.68,0.102,575.1,764.0,0.85,1,CRITICAL
12.06,142.14,-0.059,4,1.224,2.817,1,2,8.82,76.91,208.9,14.07,100.0,37.6,0.59,-3.29,0.056,344.8,794.6,1.423,1,HIGH
26.71,154.14,0.137,1,0.256,1.808,1,3,11.73,162.86,396.17,34.93,100.0,71.31,0.98,-2.09,0.236,156.4,112.0,0.636,1,CRITICAL
55.65,208.28,-0.346,2,1.862,3.653,0,1,7.88,187.33,497.79,31.39,100.0,95.0,0.98,-5.43,0.15,37.9,202.1,0.494,1,CRITICAL
34.62,166.66,0.011,3,3.351,0.863,2,1,6.62,119.31,229.55,18.7,100.0,41.32,0.98,1.55,0.159,671.6,1092.8,0.454,1,CRITICAL
25.62,60.7,-0.042,2,0.688,1.185,1,2,10.9,4.37,66.08,0.39,75.76,9.01,0.357,4.08,0.121,213.8,456.3,1.881,0,LOW
13.02,6.68,-0.258,1,1.274,0.662,3,2,8.97,252.16,470.13,37.93,100.0,95.0,0.98,-7.19,0.161,231.0,825.9,1.164,0,MODERATE
19.61,219.53,-0.307,1,3.568,1.664,3,1,6.51,79.05,219.13,10.32,100.0,48.93,0.643,-3.68,0.094,30.3,772.8,0.808,0,HIGH
8.03,331.49,0.322,4,3.031,4.146,2,0,11.32,76.84,204.72,14.52,100.0,36.85,0.542,-2.86,0.102,440.4,326.4,2.224,0,MODERATE
10.87,38.29,-0.594,5,7.108,0.76,1,3,4.85,1.52,38.57,0.29,56.08,4.08,0.279,-2.83,0.245,225.0,29.8,3.012,0,LOW
27.0,75.94,0.167,2,5.483,3.507,1,1,8.66,42.43,127.51,4.39,91.4,20.98,0.523,0.08,0.078,83.7,348.6,1.332,0,MODERATE
6.9,133.28,0.279,2,11.795,2.773,2,1,10.02,64.01,204.01,9.8,100.0,36.72,0.442,0.48,0.134,52.8,12.6,3.902,0,MODERATE
18.0,291.15,-0.076,4,3.183,0.165,1,3,9.86,21.22,104.94,4.25,86.33,16.31,0.314,1.58,0.287,266.5,178.1,1.447,0,LOW
10.14,96.93,0.018,5,4.196,3.974,3,3,5.52,5.65,83.77,0.95,71.74,10.82,0.258,-1.83,0.36,558.5,61.4,2.91,0,LOW
11.21,317.54,0.407,2,6.894,4.081,0,1,4.77,49.42,131.31,7.28,85.61,20.23,0.408,-2.74,0.081,208.5,245.5,3.58,0,LOW
22.54,19.78,-0.247,5,6.414,3.892,2,1,8.0,38.42,142.17,7.9,94.9,28.9,0.43,-6.95,0.132,551.9,43.9,0.886,1,HIGH
14.22,338.74,-0.211,3,4.439,2.157,2,2,9.05,2.93,37.73,0.63,63.36,4.65,0.274,-2.9,0.084,58.1,231.2,3.718,0,LOW
8.91,201.87,-0.173,5,2.428,1.004,3,1,5.13,47.63,164.4,5.38,96.84,34.37,0.429,-4.48,0.238,225.7,15.5,2.203,0,LOW
15.88,237.16,0.408,1,1.117,1.704,2,0,8.16,7.41,27.17,0.78,58.39,2.86,0.252,-4.12,0.081,162.9,171.9,3.631,0,LOW
8.71,132.37,0.452,5,7.341,2.618,2,3,4.29,35.92,100.83,7.22,74.99,13.61,0.283,-3.14,0.324,109.2,228.1,3.261,0,LOW
40.53,281.52,-0.489,3,5.247,1.653,3,2,9.83,20.49,79.37,2.34,78.1,13.62,0.554,-2.38,0.193,29.5,108.9,0.999,1,HIGH
31.56,59.96,0.352,5,6.369,3.004,0,2,6.24,228.95,533.22,45.49,100.0,95.0,0.98,-5.84,0.086,64.7,1442.9,0.206,0,HIGH
31.49,17.61,0.287,3,0.531,3.362,0,2,7.14,2.3,20.26,0.28,54.33,1.98,0.316,2.15,0.069,613.7,154.5,1.746,0,LOW
13.42,142.39,0.544,3,1.323,0.959,1,2,9.4,53.37,138.46,4.41,96.23,23.98,0.492,0.65,0.056,125.9,423.7,2.704,0,LOW
27.48,307.33,0.135,4,1.936,1.76,2,3,9.2,10.71,53.87,1.49,68.79,6.67,0.368,-4.23,0.393,546.5,147.3,1.098,1,HIGH
24.35,271.77,-0.015,4,6.378,4.027,0,1,8.54,25.0,130.51,2.14,92.14,21.65,0.376,-0.63,0.135,471.1,714.8,0.923,0,HIGH
14.02,186.18,0.401,4,7.819,1.124,0,2,9.76,13.21,79.04,1.44,77.87,11.08,0.256,-3.46,0.187,101.8,520.2,2.069,0,LOW
20.92,205.97,0.245,3,1.174,1.52,0,2,8.4,346.33,877.28,50.95,100.0,95.0,0.98,-7.76,0.127,182.1,696.1,0.627,1,CRITICAL
7.78,46.76,0.786,4,4.059,0.246,2,3,10.68,2.14,59.88,0.18,73.39,7.91,0.107,2.03,0.214,169.1,80.2,3.967,0,LOW
11.47,302.65,0.336,5,0.284,1.463,2,2,3.74,50.67,127.93,4.29,82.66,19.03,0.474,-3.43,0.079,636.6,194.6,2.252,0,LOW
20.6,283.31,0.054,1,1.844,1.621,3,3,7.37,60.88,198.13,6.19,100.0,35.66,0.534,-4.89,0.233,267.2,101.7,1.131,1,HIGH
16.41,236.33,-0.411,3,2.334,0.509,1,0,7.28,96.14,250.31,13.92,100.0,56.59,0.678,-2.99,0.095,161.1,549.6,0.797,1,CRITICAL
26.2,167.83,-0.203,5,5.078,0.106,2,0,7.02,63.92,166.66,13.83,100.0,37.67,0.654,0.82,0.054,205.2,511.4,0.581,1,CRITICAL
14.25,347.21,-0.503,4,7.789,2.459,2,0,8.59,17.1,97.32,1.59,81.61,16.35,0.277,3.47,0.139,515.8,1664.3,1.869,0,LOW
17.81,316.45,-0.075,4,1.44,1.336,2,0,7.97,59.24,194.47,9.9,100.0,35.0,0.528,-3.93,0.075,103.0,1046.5,0.976,0,HIGH
21.56,231.99,0.324,5,2.626,0.173,1,0,9.31,239.69,617.84,35.86,100.0,95.0,0.98,-5.66,0.102,150.6,1242.5,0.268,1,CRITICAL
13.55,133.85,-0.001,4,3.649,3.626,0,0,4.9,122.65,360.97,10.84,100.0,64.97,0.783,-2.96,0.055,39.2,389.8,0.436,1,CRITICAL
17.64,222.49,0.358,4,1.395,2.496,3,3,12.54,39.27,127.08,3.33,98.24,22.47,0.412,-5.54,0.296,235.0,72.4,1.295,0,MODERATE
24.26,207.16,0.118,5,14.827,0.802,3,0,6.64,42.18,114.07,4.68,83.45,17.14,0.504,-5.73,0.113,980.0,1217.9,1.034,1,HIGH
46.49,141.93,-0.141,5,7.3,3.648,1,1,8.13,9.27,49.81,1.63,65.57,6.99,0.518,-0.57,0.238,118.1,929.4,0.586,1,CRITICAL
13.6,110.4,0.031,4,1.23,1.14,3,2,7.05,54.85,168.57,11.78,100.0,30.34,0.509,-3.24,0.068,791.3,240.3,1.468,0,LOW
16.46,146.52,0.165,1,2.482,1.033,1,0,7.68,21.37,52.86,3.37,65.73,6.25,0.367,-5.13,0.303,457.1,362.4,3.268,0,LOW
34.44,206.61,0.049,2,0.919,3.768,1,1,6.32,7.44,79.62,0.64,71.86,10.3,0.474,0.37,0.239,440.3,46.7,1.349,0,MODERATE
38.92,154.13,0.053,3,2.529,0.836,2,0,7.95,41.79,148.51,4.85,96.84,25.89,0.545,-1.88,0.078,379.9,208.1,0.695,1,CRITICAL
28.88,94.89,-0.269,4,4.025,3.704,1,0,8.78,3.0,68.87,0.64,72.83,9.39,0.392,-1.23,0.233,399.4,732.8,0.987,0,HIGH
38.4,273.95,-0.152,2,0.313,3.392,1,3,2.5,8.32,56.54,0.68,57.59,6.86,0.432,-4.1,0.228,115.1,1695.2,1.342,0,MODERATE
13.15,191.33,0.79,1,7.144,1.37,1,3,6.78,16.07,61.15,2.64,66.77,7.35,0.318,-5.79,0.233,499.9,298.4,4.024,0,LOW
36.5,24.36,0.43,2,3.153,0.241,2,3,6.69,303.6,531.37,31.89,100.0,95.0,0.98,-8.77,0.392,1019.2,150.0,0.481,1,CRITICAL
32.15,132.59,-0.516,4,15.982,0.439,0,3,12.61,107.43,299.71,9.59,100.0,66.84,0.865,-3.23,0.324,30.9,670.1,0.221,1,CRITICAL
11.11,318.57,-0.828,5,0.091,0.549,0,0,9.39,50.72,145.72,5.86,98.54,31.93,0.519,-3.99,0.097,38.0,867.6,1.824,0,LOW
17.96,271.89,0.027,5,6.233,3.752,3,2,10.8,17.21,60.09,3.63,73.67,7.97,0.368,-4.29,0.06,5.0,454.8,1.67,0,LOW
5.09,116.37,0.313,3,5.495,1.757,1,2,8.73,47.56,154.68,8.88,100.0,27.84,0.4,-3.08,0.1,339.1,296.5,6.703,0,LOW
23.3,337.75,-0.182,3,0.499,0.233,0,3,7.68,68.05,164.5,7.08,100.0,37.78,0.736,-2.47,0.349,21.1,1007.7,1.026,1,HIGH
36.15,27.58,0.358,3,1.429,2.382,2,0,8.3,0.3,74.67,0.03,73.84,9.92,0.342,2.33,0.122,206.6,507.4,1.253,1,HIGH
15.97,346.04,0.021,3,7.564,0.953,1,1,9.97,286.91,513.04,42.76,100.0,92.35,0.98,-6.56,0.054,326.0,0.4,0.79,1,CRITICAL
11.92,88.45,-0.057,4,2.558,1.064,0,0,11.35,64.06,227.76,5.6,100.0,41.0,0.544,-6.15,0.092,252.8,1607.4,1.324,0,MODERATE
11.42,3.27,0.265,3,1.795,0.759,3,0,8.16,288.83,731.02,39.45,100.0,95.0,0.98,-12.03,0.146,261.7,562.7,1.077,1,CRITICAL
21.39,156.17,-0.186,1,8.257,3.224,3,2,6.13,41.15,126.97,7.9,86.66,24.75,0.444,-8.16,0.221,911.7,296.5,1.61,0,LOW
28.74,129.23,-0.1,3,0.343,0.103,0,0,9.53,63.5,204.69,9.53,100.0,44.46,0.697,-1.62,0.352,100.4,6.9,0.576,0,HIGH
47.0,194.07,0.235,2,2.243,1.9,3,1,5.62,40.23,115.09,8.27,81.95,16.98,0.652,-4.64,0.195,271.1,20.9,0.74,1,CRITICAL
4.79,286.84,-0.011,1,3.698,0.456,3,2,8.36,0.62,57.65,0.12,68.49,7.11,0.185,0.03,0.214,275.9,1548.9,11.102,0,LOW
44.03,303.28,0.668,3,3.283,2.365,2,0,9.0,123.27,300.85,19.44,100.0,54.15,0.98,-0.72,0.069,90.4,715.7,0.418,1,CRITICAL
23.98,144.44,0.243,2,1.074,1.519,2,0,7.26,38.74,138.2,7.39,92.3,22.96,0.587,-0.5,0.207,101.0,45.9,1.46,0,LOW
35.26,154.74,0.22,3,2.9,0.216,1,3,5.51,41.38,167.84,3.86,98.63,29.8,0.472,-2.6,0.409,378.1,620.3,0.715,1,CRITICAL
31.16,53.34,-0.017,2,4.315,1.99,0,2,6.5,29.01,85.77,3.14,74.15,11.45,0.545,2.84,0.13,105.8,85.3,1.463,0,LOW
22.12,17.12,0.306,4,3.077,2.439,2,2,6.8,36.84,127.14,6.56,87.93,20.12,0.474,-3.09,0.103,73.9,221.0,1.074,0,MODERATE
21.66,230.84,-0.113,5,4.037,1.115,3,3,5.18,84.04,177.81,6.79,100.0,42.09,0.617,-5.14,0.333,1151.6,317.5,0.671,1,CRITICAL
26.6,23.2,0.099,3,1.035,3.239,2,0,6.65,78.39,172.96,6.32,100.0,31.13,0.694,-1.93,0.127,27.3,1054.9,1.039,1,HIGH
18.75,264.18,-0.321,4,6.261,1.621,0,0,4.31,107.4,260.99,14.31,100.0,59.86,0.691,-1.41,0.191,105.0,24.0,0.351,1,CRITICAL
19.6,194.07,0.364,5,2.09,3.172,1,0,8.8,238.92,424.16,48.12,100.0,76.35,0.98,-12.44,0.098,514.4,64.9,0.29,1,CRITICAL
3.0,71.49,0.102,3,15.261,2.474,2,1,8.23,32.25,137.75,7.01,93.9,23.28,0.255,0.93,0.066,63.5,665.3,12.619,0,LOW
29.49,194.23,0.694,2,0.082,3.664,2,2,8.08,26.91,75.95,4.6,73.86,10.1,0.373,-5.8,0.25,83.2,2497.2,1.596,0,LOW
13.57,65.88,0.837,2,1.675,2.342,0,0,6.65,44.22,140.4,9.42,91.9,23.22,0.438,-7.21,0.326,49.6,673.9,2.718,0,LOW
37.0,157.95,0.267,3,0.697,0.861,2,0,6.95,10.9,43.06,2.17,61.28,4.75,0.458,-2.28,0.338,246.4,676.6,1.391,0,LOW
35.41,287.84,0.024,4,2.839,3.473,2,2,5.68,92.23,260.86,9.98,100.0,46.96,0.95,-5.7,0.299,5.0,339.8,0.21,1,CRITICAL
16.5,166.29,-0.331,1,0.975,3.31,0,1,8.61,56.56,165.98,7.72,100.0,36.66,0.556,-1.29,0.104,583.8,190.0,1.431,0,LOW
29.64,53.53,0.317,5,4.681,4.087,1,3,4.51,15.43,83.53,2.58,69.85,10.5,0.295,-0.62,0.279,131.8,68.6,0.939,1,HIGH
27.67,260.58,0.074,1,7.476,0.484,1,0,7.68,129.7,255.8,13.12,100.0,46.04,0.943,-3.02,0.22,194.8,90.5,0.621,1,CRITICAL
15.53,67.24,0.188,5,0.829,2.524,3,2,6.11,62.73,194.26,7.77,100.0,34.97,0.593,0.61,0.052,80.1,263.6,1.192,0,MODERATE
30.8,265.88,0.605,5,0.613,2.116,1,2,11.37,2.25,72.64,0.42,78.7,10.29,0.276,-2.03,0.064,12.0,1491.0,0.886,1,HIGH
45.69,172.57,-0.289,5,7.288,2.851,2,3,8.66,14.22,43.22,1.82,64.42,6.72,0.498,-0.57,0.214,918.2,420.5,0.604,1,CRITICAL
37.66,163.35,-0.324,4,1.569,4.119,2,1,7.5,144.12,386.34,30.21,100.0,86.84,0.98,-8.26,0.07,595.4,905.2,0.205,0,HIGH
8.84,306.52,-0.083,1,1.996,2.282,1,0,5.07,31.18,94.51,4.27,74.36,12.65,0.3,0.58,0.092,90.6,126.1,5.407,0,LOW
28.18,255.1,0.287,4,0.874,2.912,0,0,4.5,270.23,757.71,29.93,100.0,95.0,0.98,-7.86,0.1,29.3,224.5,0.239,1,CRITICAL
34.54,11.85,0.194,2,1.939,1.524,2,2,8.59,49.04,182.38,5.37,100.0,32.83,0.631,-2.89,0.09,167.5,591.5,0.622,1,CRITICAL
14.95,106.62,-0.313,5,0.921,1.326,2,1,11.46,15.15,44.6,2.67,69.89,7.43,0.297,-2.36,0.219,224.0,31.9,2.048,0,LOW
37.01,313.53,0.265,2,3.837,1.475,1,2,8.4,58.57,158.78,7.7,100.0,28.58,0.643,-2.62,0.074,236.6,145.1,0.652,1,CRITICAL
13.97,6.6,-0.42,2,2.418,0.258,0,0,7.89,7.02,85.01,0.79,76.4,12.53,0.192,-2.26,0.157,695.9,374.0,3.339,0,LOW
18.64,196.29,-0.293,5,5.43,1.267,2,1,7.92,107.1,205.96,18.97,100.0,49.92,0.79,-8.75,0.345,313.0,541.2,0.649,1,CRITICAL
14.29,262.02,-0.04,1,1.313,0.809,2,1,7.73,64.25,174.31,8.93,100.0,31.38,0.532,0.62,0.135,268.1,257.6,1.995,0,MODERATE
12.93,223.87,-0.194,2,2.465,1.975,0,3,7.95,215.98,393.58,42.86,100.0,95.0,0.98,-7.15,0.204,25.0,906.3,1.054,0,MODERATE
26.57,273.79,0.311,3,1.052,1.989,2,2,5.99,76.15,226.46,11.94,100.0,40.76,0.705,-3.66,0.06,208.3,395.1,0.768,1,CRITICAL
9.36,261.25,0.1,4,9.539,3.237,3,1,5.36,3.28,48.47,0.71,60.16,5.25,0.194,-1.75,0.196,225.4,474.0,3.476,0,LOW
19.23,249.13,0.618,4,2.583,2.159,0,2,7.74,42.06,153.68,5.57,98.11,27.14,0.449,-0.73,0.086,278.3,142.0,1.072,1,HIGH
26.58,295.75,-0.087,4,0.667,1.999,2,0,10.79,49.26,157.13,5.89,100.0,28.28,0.619,-3.42,0.091,49.1,178.8,0.697,1,CRITICAL
14.41,232.45,-0.043,5,1.115,1.05,2,2,9.21,161.6,465.96,27.51,100.0,83.87,0.98,-1.77,0.223,907.1,18.6,0.381,0,HIGH
40.32,144.87,0.424,1,0.303,3.595,1,0,4.79,36.82,146.75,6.6,90.57,23.92,0.595,2.75,0.148,237.8,35.1,0.692,1,CRITICAL
20.09,169.89,-0.032,3,0.099,0.473,2,2,6.94,58.51,200.39,4.82,100.0,36.07,0.61,1.72,0.15,150.8,1492.4,1.302,0,MODERATE
49.45,258.02,0.523,4,2.612,4.127,3,2,9.1,13.37,56.66,2.32,69.52,7.09,0.555,-0.83,0.139,305.1,359.9,0.543,1,CRITICAL
8.69,315.47,0.189,4,1.439,2.052,3,1,10.84,18.24,102.47,1.92,87.3,16.1,0.241,-3.01,0.13,43.8,58.4,3.087,0,LOW
27.14,98.0,-0.823,3,11.613,0.863,1,1,11.44,51.7,158.31,11.08,100.0,34.7,0.517,-3.74,0.163,160.4,167.9,0.912,1,HIGH
24.31,123.15,0.412,1,0.658,1.553,3,0,7.04,77.61,201.92,12.47,100.0,36.34,0.686,-3.68,0.147,357.4,452.7,0.879,0,HIGH
17.5,335.07,0.319,1,5.528,0.163,1,1,9.31,37.16,132.08,3.63,94.03,22.36,0.472,-4.07,0.058,790.2,879.6,2.07,0,LOW
22.19,208.26,0.333,1,1.329,0.783,1,3,8.05,36.84,94.96,3.22,79.87,13.65,0.441,-0.9,0.22,165.7,30.6,2.026,0,LOW
29.29,64.43,-0.669,2,0.886,1.475,0,1,7.24,19.22,56.67,3.9,66.16,9.05,0.364,-2.15,0.059,278.8,272.2,1.675,0,LOW
32.23,238.93,-0.232,1,12.231,2.373,3,1,7.64,77.85,267.33,15.5,100.0,57.46,0.798,-2.8,0.182,157.8,32.0,0.566,1,CRITICAL
20.46,356.67,-0.206,3,5.678,0.631,1,2,7.66,0.36,74.69,0.05,72.7,9.82,0.318,-1.98,0.122,207.8,279.1,2.334,0,LOW
27.33,296.44,-0.294,2,3.486,2.871,3,1,10.09,46.74,167.21,4.31,100.0,35.71,0.582,-1.01,0.318,195.7,576.1,0.822,0,HIGH
13.53,268.47,0.61,4,4.18,3.562,0,1,4.41,0.23,25.91,0.03,51.23,2.39,0.214,-0.56,0.151,333.8,668.4,2.513,0,LOW
32.56,74.9,-0.004,5,16.638,2.447,2,0,8.53,58.51,150.51,10.91,98.52,26.69,0.674,-3.25,0.105,296.7,144.4,0.563,1,CRITICAL
44.42,315.41,-0.013,3,3.148,1.317,0,2,10.89,2.04,21.77,0.35,61.56,2.41,0.388,-1.61,0.266,5.0,140.0,1.203,0,MODERATE
33.87,189.28,0.193,3,0.376,0.598,0,2,10.65,182.94,411.99,36.79,100.0,74.16,0.98,-5.23,0.32,24.4,1993.7,0.452,1,CRITICAL
14.31,320.14,0.199,5,0.235,0.164,3,3,8.75,42.25,92.17,7.82,80.25,13.31,0.459,-0.37,0.279,400.2,55.8,1.95,0,LOW
12.26,118.74,-1.0,3,3.845,3.1,0,0,5.83,74.89,260.67,9.45,100.0,55.91,0.589,-4.64,0.129,49.3,466.5,1.2,1,HIGH
65.38,22.34,-0.226,5,3.751,2.677,2,0,9.21,124.89,252.65,15.96,100.0,60.46,0.98,-4.86,0.119,411.0,600.1,0.242,1,CRITICAL
42.9,171.35,-0.494,1,4.827,2.053,3,3,10.41,17.45,54.96,2.98,71.34,9.15,0.607,-6.3,0.207,473.1,668.1,1.117,0,MODERATE
32.29,97.14,0.14,5,0.403,0.518,3,2,6.37,50.48,210.09,6.23,100.0,37.82,0.549,-4.9,0.166,764.3,493.6,0.409,1,CRITICAL
45.94,257.48,-0.101,3,10.145,0.949,2,3,8.29,129.42,401.67,26.07,100.0,87.83,0.98,-4.38,0.367,470.8,241.5,0.418,1,CRITICAL
21.79,344.56,0.005,1,2.804,3.442,2,1,7.05,50.16,177.67,6.31,100.0,31.98,0.512,-3.3,0.115,213.5,56.7,1.198,1,HIGH
31.98,248.75,-0.727,5,3.67,2.067,2,1,6.15,32.43,88.05,4.81,74.25,15.66,0.496,-6.75,0.067,66.4,381.3,0.778,1,CRITICAL
40.1,319.3,-0.108,5,0.124,4.048,0,1,6.81,29.92,110.58,2.57,82.64,20.04,0.694,-0.49,0.184,38.6,400.3,0.506,1,CRITICAL
18.74,163.09,0.39,3,11.352,4.2,1,0,7.78,31.5,102.24,3.04,81.73,15.04,0.329,-4.03,0.23,580.0,475.6,2.308,0,LOW
28.17,277.79,0.493,5,2.894,3.383,1,1,5.48,62.12,154.01,6.12,94.15,26.1,0.627,-6.49,0.181,138.6,1180.8,0.709,1,CRITICAL
37.81,303.5,0.252,1,2.9,1.159,1,0,5.12,3.04,82.55,0.39,70.63,10.5,0.406,-0.35,0.069,15.0,260.1,1.246,1,HIGH
11.74,255.92,-0.467,4,10.061,1.048,1,1,5.54,34.89,147.39,3.36,92.14,28.63,0.371,0.19,0.07,119.5,1432.8,1.811,0,LOW
17.7,182.8,0.441,2,9.275,1.14,1,2,8.22,53.45,176.47,7.7,100.0,31.77,0.41,-8.36,0.099,568.5,108.9,1.623,0,LOW
37.37,225.31,0.253,2,0.871,4.146,1,1,4.28,100.33,184.65,11.81,100.0,33.24,0.852,-1.5,0.064,231.3,132.2,0.521,1,CRITICAL
24.66,252.18,-0.041,4,9.363,1.475,1,0,2.62,49.08,107.17,5.8,74.02,14.28,0.545,-2.72,0.143,287.2,60.7,1.085,0,MODERATE
22.92,91.11,-0.709,3,4.67,2.996,2,3,10.52,169.39,386.44,24.12,100.0,89.89,0.98,-5.23,0.299,81.8,35.1,0.583,1,CRITICAL
21.45,291.45,0.334,1,0.067,4.032,0,0,5.27,38.13,151.99,7.61,93.12,25.48,0.51,-4.76,0.394,5.5,280.6,1.532,0,LOW
39.39,342.12,-0.207,3,0.96,3.46,2,1,7.07,68.39,196.19,12.76,100.0,43.52,0.786,-2.96,0.088,696.1,452.9,0.426,1,CRITICAL
12.52,167.49,0.121,2,1.864,2.55,3,2,9.53,1.15,81.57,0.23,78.25,11.49,0.127,-1.45,0.153,21.6,224.5,3.776,0,LOW
17.02,252.38,0.024,4,3.06,0.793,1,0,4.34,17.71,80.52,3.87,68.57,9.94,0.313,4.08,0.105,2029.0,361.3,1.748,0,LOW
9.31,265.33,0.538,2,4.229,0.817,0,2,4.33,109.84,197.31,8.96,100.0,35.52,0.742,-2.09,0.064,569.5,230.9,2.954,0,MODERATE
18.42,238.41,-0.044,4,0.826,2.119,2,2,6.11,57.36,219.18,10.15,100.0,39.45,0.465,-2.35,0.244,34.5,20.7,0.835,1,CRITICAL
24.01,196.96,-0.005,2,6.343,4.003,3,1,9.61,189.93,510.52,18.38,100.0,91.89,0.98,-2.04,0.055,2048.6,86.1,0.619,1,CRITICAL
6.27,317.39,0.553,3,6.541,3.808,0,3,7.45,90.86,283.36,19.19,100.0,51.01,0.557,-0.8,0.203,462.2,140.4,3.025,0,MODERATE
13.66,161.61,-0.23,2,3.527,0.781,0,2,7.48,38.82,170.27,4.34,100.0,35.31,0.538,-5.61,0.075,527.8,453.4,1.973,0,LOW
24.64,22.0,0.285,4,8.888,1.28,0,2,6.85,98.04,261.14,12.65,100.0,47.01,0.842,-1.51,0.67,464.5,901.3,0.427,1,CRITICAL
27.94,304.04,-0.07,1,5.868,2.514,2,1,8.74,41.0,142.8,8.9,96.42,24.78,0.498,-1.78,0.052,740.2,90.3,1.114,0,MODERATE
51.3,242.63,-0.351,3,0.877,2.057,3,0,10.65,26.05,129.94,5.25,95.75,25.52,0.574,-3.47,0.094,395.7,115.4,0.445,1,CRITICAL
30.16,305.73,0.0,2,5.61,0.589,2,1,14.06,3.14,34.69,0.27,71.42,4.46,0.316,-3.85,0.108,209.2,565.1,1.73,0,LOW
20.02,49.88,0.242,5,10.717,1.614,2,0,7.17,130.46,292.28,11.29,100.0,52.61,0.98,-4.18,0.08,5.0,1406.5,0.535,1,CRITICAL
23.66,11.07,0.474,1,0.518,4.014,2,0,10.86,35.29,118.49,6.87,92.46,19.72,0.567,-1.93,0.148,91.7,195.9,1.584,0,LOW
24.11,336.37,0.516,4,13.471,4.001,1,0,9.7,75.12,256.25,6.75,100.0,46.13,0.628,0.17,0.087,256.7,173.7,0.46,1,CRITICAL
17.03,53.18,-0.103,2,0.089,2.394,2,0,8.09,10.8,74.72,2.15,73.47,11.18,0.306,-7.05,0.137,104.8,201.7,2.802,0,LOW
25.21,291.47,-0.346,1,2.585,2.705,1,0,2.64,114.78,360.65,24.04,100.0,78.69,0.863,-6.64,0.084,147.8,83.9,0.663,1,CRITICAL
16.56,296.36,-0.112,2,5.204,1.01,1,0,6.67,113.0,345.98,9.42,100.0,75.84,0.861,-2.97,0.063,32.0,305.0,0.842,1,CRITICAL
25.89,255.13,-0.414,1,5.47,3.142,1,2,6.76,42.77,165.68,4.74,100.0,34.95,0.466,-2.4,0.116,1095.0,352.9,0.849,1,CRITICAL
21.44,47.25,-0.076,3,4.644,0.315,2,0,8.29,72.49,215.26,6.03,100.0,38.75,0.683,-2.37,0.114,34.2,77.0,1.112,0,MODERATE
19.53,240.26,-0.12,5,2.638,1.005,2,1,7.07,47.91,138.36,4.32,91.99,28.66,0.429,-3.3,0.074,20.7,114.0,1.062,1,HIGH
19.84,320.07,0.255,1,3.684,0.124,2,1,6.26,52.23,131.52,8.08,88.36,20.92,0.567,-1.62,0.086,245.9,101.6,1.906,0,LOW
32.8,153.19,-0.772,3,4.213,1.681,0,2,11.97,142.77,435.9,26.02,100.0,95.0,0.98,-8.03,0.096,272.1,418.9,0.459,1,CRITICAL
31.16,148.87,-0.257,3,2.388,3.586,0,2,10.38,221.57,490.1,32.6,100.0,95.0,0.98,-0.39,0.116,208.1,559.5,0.472,1,CRITICAL
18.97,159.43,-0.254,2,3.169,4.128,1,3,3.05,29.77,100.49,3.99,72.65,16.71,0.368,-0.75,0.282,122.0,164.1,2.288,0,LOW
32.14,29.62,0.415,2,6.556,2.838,1,2,6.88,26.2,91.62,2.85,76.71,12.65,0.586,-0.58,0.061,722.7,652.4,1.369,0,LOW
21.21,321.13,-0.39,5,1.313,3.154,1,0,8.89,23.54,105.86,2.66,84.87,19.0,0.437,-4.34,0.063,117.8,1079.4,1.165,0,MODERATE
21.39,312.91,0.079,1,2.592,1.177,0,1,10.43,95.74,310.19,15.47,100.0,55.84,0.729,-4.59,0.087,104.2,328.7,0.752,1,CRITICAL
17.04,359.25,-0.045,4,0.05,2.233,2,2,6.58,83.42,152.35,16.67,95.59,26.21,0.612,-1.59,0.093,813.0,1082.0,1.26,0,MODERATE
48.52,210.67,0.365,2,4.07,3.12,2,1,7.03,2.91,60.98,0.4,67.16,7.37,0.568,-2.13,0.082,605.3,443.0,1.007,1,HIGH
45.89,270.43,0.209,3,0.761,2.139,1,1,7.71,6.02,58.0,1.27,67.44,7.04,0.327,-0.65,0.133,181.4,97.9,1.04,1,HIGH
15.01,72.96,0.042,3,2.295,0.463,2,2,8.96,67.54,227.49,5.9,100.0,40.95,0.582,-4.5,0.315,84.6,133.6,1.607,0,MODERATE
18.34,240.31,-0.194,2,0.826,3.138,0,0,4.12,20.9,62.06,4.1,62.28,9.47,0.303,-4.96,0.124,38.8,401.4,2.744,0,LOW
26.96,233.9,-0.648,1,0.083,1.0,1,3,3.07,6.24,89.46,0.8,69.15,11.88,0.46,1.45,0.215,449.3,114.8,1.76,0,LOW
29.62,324.44,0.086,1,2.31,0.501,3,1,10.26,34.7,85.45,7.0,80.81,12.43,0.647,-4.14,0.082,362.7,1.7,1.511,1,HIGH
11.89,299.09,0.186,2,1.936,2.06,2,2,5.32,136.47,254.36,28.48,100.0,45.79,0.879,-1.65,0.113,31.3,135.5,1.647,0,MODERATE
13.13,337.85,-0.551,4,1.938,0.406,0,3,12.17,29.65,88.36,5.28,85.18,17.11,0.335,-3.89,0.23,377.6,23.8,1.997,0,LOW
3.0,312.78,-0.432,1,0.82,2.681,3,2,5.6,77.32,267.72,10.03,100.0,57.47,0.514,-3.14,0.1,638.1,1025.9,4.889,0,MODERATE
29.67,312.73,0.088,4,10.295,2.726,2,1,7.09,150.04,296.15,21.6,100.0,53.31,0.98,-5.17,0.119,16.1,522.3,0.231,1,CRITICAL
8.79,22.94,0.119,2,0.05,1.152,2,3,8.31,12.06,44.12,1.9,64.08,5.09,0.191,-1.97,0.298,148.0,13.5,6.126,0,LOW
15.09,304.55,-0.347,5,7.775,4.055,2,2,2.81,61.15,110.14,8.85,75.3,22.27,0.538,-0.53,0.071,147.0,22.3,1.633,0,MODERATE
34.7,218.69,-0.201,3,4.673,3.48,0,1,13.8,154.85,316.67,29.54,100.0,75.58,0.98,-0.22,0.101,465.5,13.2,0.447,1,CRITICAL
33.87,136.96,-0.643,2,0.661,0.549,2,3,6.63,13.97,95.41,2.63,77.47,14.98,0.447,-1.96,0.242,35.5,717.0,1.224,1,HIGH
47.14,20.35,0.482,5,2.237,3.169,2,0,5.66,291.46,664.67,23.83,100.0,95.0,0.98,-6.73,0.058,46.0,693.7,0.184,1,CRITICAL
55.32,243.96,-0.455,2,15.737,1.548,3,1,4.93,29.53,102.47,2.99,76.67,17.68,0.659,-2.46,0.124,135.2,602.3,0.594,1,CRITICAL
68.0,118.15,0.19,3,3.612,3.176,0,1,8.3,15.94,71.42,2.09,72.79,9.36,0.677,-1.3,0.171,534.5,73.3,0.748,1,CRITICAL
18.04,168.4,-0.012,3,0.477,3.383,1,2,8.14,118.24,314.75,20.59,100.0,56.65,0.788,-5.36,0.202,1208.7,1941.8,0.71,1,CRITICAL
15.68,245.42,0.451,3,2.141,0.721,3,0,5.01,41.01,154.86,4.6,93.57,26.08,0.469,-4.61,0.056,221.2,840.2,2.22,0,LOW
27.52,328.24,-0.277,5,2.21,2.814,1,2,4.48,72.2,236.42,9.04,100.0,51.22,0.685,-1.83,0.117,48.1,463.4,0.327,1,CRITICAL
9.45,297.16,0.021,4,5.673,3.637,3,1,9.82,43.72,134.35,6.33,95.67,23.13,0.404,-1.52,0.399,652.7,512.8,2.487,0,LOW
19.32,162.21,-0.594,4,8.676,1.426,0,0,6.06,67.05,215.97,10.9,100.0,46.92,0.607,0.3,0.163,49.6,217.9,0.621,0,HIGH
23.98,139.6,-0.678,5,0.3,0.429,0,3,3.71,2.34,76.75,0.48,66.24,9.43,0.301,-1.12,0.271,128.4,380.4,1.218,0,MODERATE
28.63,86.32,0.209,3,1.319,0.212,1,0,7.17,28.02,137.44,5.4,91.9,22.73,0.475,-1.88,0.052,378.0,190.2,1.2,0,MODERATE
30.27,134.07,-0.625,1,1.241,0.551,2,1,6.62,69.61,198.15,9.07,100.0,44.02,0.755,-1.3,0.055,17.2,563.9,0.587,0,HIGH
18.99,39.98,-0.08,4,19.367,0.117,0,0,11.79,28.08,86.46,5.27,83.89,13.06,0.431,0.7,0.054,185.7,184.1,1.445,0,LOW
10.37,349.6,0.354,3,2.867,1.44,1,2,6.35,97.18,251.39,19.1,100.0,45.25,0.66,-3.54,0.176,146.4,1354.8,2.138,0,MODERATE
11.79,206.61,0.261,2,7.416,1.327,0,2,6.82,210.68,541.28,32.26,100.0,95.0,0.98,-11.85,0.113,814.0,1545.6,1.149,0,MODERATE
5.74,46.01,-0.233,3,1.943,0.552,1,3,7.98,2.48,70.66,0.3,71.98,9.45,0.21,-3.88,0.229,221.2,131.3,8.552,0,LOW
16.01,127.01,-0.556,5,4.49,2.77,2,1,6.24,125.66,293.12,26.64,100.0,67.84,0.873,-1.04,0.217,612.1,780.4,0.356,1,CRITICAL
9.31,196.93,0.178,2,1.182,4.167,1,1,8.47,12.04,34.31,2.58,61.23,3.78,0.219,2.82,0.184,26.0,48.0,5.919,0,LOW
16.65,191.84,0.47,4,8.498,3.794,1,2,5.26,162.04,357.05,18.06,100.0,64.27,0.979,-1.11,0.17,228.5,133.5,0.362,1,CRITICAL
27.37,12.78,-0.232,3,2.125,1.137,1,2,6.97,190.68,331.31,36.21,100.0,82.52,0.98,-6.11,0.169,329.7,137.7,0.512,0,HIGH
10.52,342.3,-0.281,1,5.699,3.257,2,2,8.39,54.73,128.49,4.7,91.23,27.67,0.402,-3.12,0.067,45.9,438.8,3.165,0,LOW
23.25,99.14,-0.184,4,1.034,3.941,0,2,10.0,42.38,143.92,3.4,99.06,30.75,0.512,-0.2,0.217,528.0,1127.9,0.784,1,CRITICAL
18.88,5.83,0.2,5,4.14,3.816,2,0,6.21,92.36,226.55,11.93,100.0,40.78,0.804,-1.55,0.068,591.7,158.5,0.83,0,HIGH
26.61,27.52,0.43,2,1.818,3.727,1,0,6.18,162.58,299.34,23.53,100.0,53.88,0.98,-10.67,0.209,317.2,249.2,0.574,0,HIGH
29.97,208.87,-0.434,2,0.112,3.324,1,2,10.89,17.2,93.17,2.69,84.42,16.22,0.423,-1.44,0.228,205.7,222.4,1.342,0,MODERATE
18.22,49.6,-0.524,3,1.865,1.301,3,1,6.29,31.33,116.09,4.17,83.46,21.2,0.445,-1.96,0.15,331.7,215.4,2.133,0,LOW
22.19,15.02,0.819,4,2.795,0.443,3,1,7.38,35.13,114.3,3.44,84.85,17.46,0.394,-4.78,0.149,94.0,386.4,1.13,1,HIGH
18.92,136.67,-0.062,1,0.576,2.1,1,1,11.27,121.53,346.5,15.59,100.0,62.37,0.775,-5.12,0.074,32.9,503.4,0.833,1,CRITICAL
16.95,224.19,0.089,2,0.711,0.325,2,1,7.65,9.57,47.26,1.87,63.89,5.43,0.266,-0.73,0.08,224.9,228.3,3.144,0,LOW
14.64,40.26,-0.242,4,2.188,4.194,2,2,6.95,63.42,198.37,8.05,100.0,43.32,0.538,-3.01,0.118,184.5,739.2,0.986,1,HIGH
28.52,112.8,0.171,3,1.469,1.569,3,1,7.12,28.1,84.95,4.58,75.0,11.47,0.472,0.57,0.118,155.7,399.0,1.584,0,LOW
42.83,150.39,0.336,2,2.034,4.029,3,2,5.87,140.87,259.33,24.7,100.0,46.68,0.98,0.38,0.083,58.7,142.7,0.461,1,CRITICAL
40.19,57.41,0.105,5,2.162,3.27,2,0,8.49,26.99,138.79,4.93,94.7,23.66,0.509,0.62,0.231,59.1,209.0,0.438,1,CRITICAL
9.91,182.19,0.609,5,0.528,1.786,3,2,5.47,247.93,672.97,36.77,100.0,95.0,0.98,-5.04,0.061,1180.5,1492.4,0.541,1,CRITICAL
42.42,30.68,-0.114,5,0.7,0.585,3,2,9.21,1.02,20.94,0.1,58.28,2.32,0.52,-1.59,0.089,733.0,415.2,0.728,1,CRITICAL
12.69,16.75,-0.092,2,6.597,1.072,2,2,7.53,17.8,76.64,3.67,73.08,10.08,0.277,0.43,0.074,81.7,312.6,3.858,0,LOW
23.98,187.14,0.081,5,0.622,2.859,2,1,8.02,39.73,91.9,4.63,78.84,13.04,0.59,-3.55,0.262,17.3,127.7,1.129,1,HIGH
26.31,89.24,0.163,4,3.837,3.503,2,0,11.31,19.25,110.01,2.45,90.55,17.93,0.395,-2.95,0.062,109.9,342.7,0.908,1,HIGH
8.34,34.33,0.08,2,1.898,4.116,1,0,4.31,86.91,219.04,16.37,100.0,39.43,0.567,-6.02,0.101,522.3,38.3,2.973,0,MODERATE
20.06,152.61,-0.45,4,12.073,0.642,2,0,7.55,109.52,328.09,20.47,100.0,72.2,0.806,-7.27,0.053,70.8,229.9,0.308,1,CRITICAL
43.79,329.45,0.109,1,0.239,0.739,2,0,8.9,77.72,155.94,15.97,100.0,28.07,0.852,0.45,0.171,1159.4,906.0,0.511,1,CRITICAL
4.42,260.71,-0.131,4,6.21,0.274,0,2,6.14,228.8,593.4,19.38,100.0,95.0,0.98,-5.1,0.137,63.8,254.5,1.292,0,MODERATE
68.0,293.62,-0.203,4,2.367,1.167,3,3,9.59,39.58,132.51,8.01,94.67,27.33,0.862,-0.66,0.348,228.6,830.0,0.299,1,CRITICAL
5.56,313.89,0.011,4,0.05,3.466,3,0,6.3,253.54,697.85,48.4,100.0,95.0,0.98,-6.59,0.078,1361.8,18.4,1.031,1,CRITICAL
25.95,350.15,-0.337,2,1.071,0.913,0,0,8.14,8.65,41.83,1.33,63.04,5.79,0.414,3.35,0.114,39.0,67.1,2.024,0,LOW
8.61,274.77,-0.397,4,1.833,2.346,2,3,7.23,121.58,271.69,12.44,100.0,63.49,0.802,0.77,0.454,61.6,595.1,0.819,1,CRITICAL
28.18,219.03,-0.915,2,1.32,1.93,1,2,7.86,2.55,59.03,0.4,68.03,7.53,0.339,-1.29,0.073,250.0,613.9,1.781,0,LOW
39.27,131.55,0.612,5,1.575,1.436,2,1,7.66,49.34,112.77,5.29,84.88,17.23,0.645,-2.26,0.237,436.1,467.2,0.556,1,CRITICAL
33.79,65.39,0.195,4,8.697,2.635,2,3,7.43,43.07,130.07,9.26,90.0,21.07,0.626,-2.61,0.436,339.3,1144.0,0.615,1,CRITICAL
8.8,247.2,-0.041,1,1.567,2.16,2,2,6.46,126.1,250.99,22.6,100.0,45.18,0.802,-6.51,0.088,249.1,337.7,2.078,0,MODERATE
36.72,358.18,-0.234,2,1.899,1.473,2,2,6.04,78.42,247.48,12.82,100.0,53.96,0.763,-3.79,0.082,157.6,583.7,0.48,1,CRITICAL
18.97,168.25,-1.0,4,5.011,2.924,3,2,8.2,37.81,116.34,7.33,86.98,22.75,0.405,-2.74,0.077,432.1,142.6,1.219,0,MODERATE
8.97,260.52,-0.255,3,5.527,1.248,2,0,7.62,146.91,396.97,22.7,100.0,89.08,0.941,-9.68,0.198,42.4,428.6,1.357,1,HIGH
43.63,178.23,0.251,4,0.307,2.737,1,1,5.98,141.08,315.8,12.48,100.0,56.84,0.98,-9.72,0.142,78.7,668.2,0.199,1,CRITICAL
59.95,155.5,0.33,2,4.262,4.025,2,0,8.26,1.63,75.46,0.19,74.01,10.05,0.573,-1.39,0.069,436.1,538.2,0.729,1,CRITICAL
23.32,147.71,0.225,4,2.306,3.089,3,1,6.48,133.13,226.27,28.95,100.0,40.73,0.98,-1.78,0.205,92.4,744.7,0.588,1,CRITICAL
17.76,181.66,0.055,2,0.503,1.815,0,0,10.92,48.61,170.63,9.68,100.0,30.71,0.539,-4.1,0.067,41.7,232.2,1.662,1,HIGH
13.8,132.08,0.456,3,1.076,3.165,1,1,12.98,118.7,220.38,24.91,100.0,39.67,0.834,0.8,0.104,518.4,149.5,1.83,0,MODERATE
32.64,269.56,-0.115,5,0.161,3.418,3,1,10.56,13.0,75.93,1.22,78.3,12.26,0.469,-2.16,0.06,410.0,145.1,0.8,1,CRITICAL
37.64,314.74,0.38,4,1.563,1.436,2,0,10.43,10.65,91.4,1.22,83.03,13.66,0.49,-3.53,0.134,285.2,733.3,0.643,1,CRITICAL
17.76,317.84,-0.135,1,1.032,2.991,3,0,9.29,83.26,182.54,7.4,100.0,42.85,0.659,-6.42,0.136,298.7,866.1,1.017,1,HIGH
48.61,81.97,-0.308,5,1.685,1.881,0,2,7.04,20.94,110.45,4.08,83.01,19.02,0.613,-1.37,0.086,305.2,105.1,0.37,1,CRITICAL
31.21,322.53,-0.352,2,3.039,3.456,3,1,3.32,53.19,135.06,5.55,84.2,26.85,0.707,-7.29,0.059,367.2,209.3,0.983,1,HIGH
23.18,122.96,-0.373,4,4.613,1.311,2,2,5.24,75.88,289.91,10.43,100.0,61.29,0.655,-4.59,0.113,106.0,1139.2,0.275,1,CRITICAL
26.41,111.35,0.231,3,3.254,3.945,3,2,6.01,61.27,122.49,7.21,85.02,18.75,0.563,-2.31,0.253,561.5,6.3,1.47,0,MODERATE
12.0,261.63,-0.26,2,3.97,2.457,2,0,10.16,78.03,186.11,16.41,100.0,42.86,0.46,-6.25,0.175,84.2,192.2,1.809,0,MODERATE
32.45,109.69,-0.362,2,7.025,1.549,0,1,8.06,62.95,189.25,10.4,100.0,41.62,0.771,-3.77,0.118,149.5,428.1,0.508,1,CRITICAL
12.49,19.07,0.25,2,7.245,1.819,2,2,6.05,30.98,102.45,5.95,78.67,14.51,0.454,-1.76,0.056,200.0,71.6,3.605,0,LOW
16.46,134.5,0.115,5,6.899,1.526,1,1,3.44,6.17,86.4,1.01,68.84,10.71,0.213,-4.37,0.135,459.5,520.3,1.779,1,HIGH
21.27,259.73,0.337,5,0.582,0.7,2,3,12.6,125.67,259.57,20.83,100.0,46.72,0.963,-2.09,0.234,159.0,155.7,0.6,1,CRITICAL
55.01,117.71,0.179,3,1.012,0.381,2,2,8.67,121.61,220.82,16.25,100.0,39.75,0.98,-1.28,0.157,198.6,1287.6,0.445,1,CRITICAL
25.27,226.64,-0.264,1,2.442,1.419,2,2,9.5,0.37,12.9,0.04,56.23,1.35,0.336,-3.73,0.053,535.5,34.9,2.34,0,LOW
13.26,237.64,0.027,5,1.555,1.981,1,2,6.32,119.47,252.0,15.38,100.0,45.36,0.829,-4.09,0.103,2302.0,906.9,1.12,0,MODERATE
26.46,264.14,0.044,3,0.494,1.583,2,0,7.2,10.64,40.07,1.29,60.77,4.38,0.328,-1.72,0.085,441.3,413.3,1.986,0,LOW
30.21,322.97,-0.322,3,1.188,0.157,0,2,6.74,26.31,111.82,4.65,82.92,19.85,0.48,-0.86,0.051,100.5,434.5,1.234,0,MODERATE
40.9,155.72,-0.387,3,12.972,2.474,0,0,7.64,34.67,134.01,4.82,91.64,26.26,0.618,-2.64,0.101,32.6,7.2,0.648,0,HIGH
21.87,59.92,-0.238,3,1.491,0.694,1,0,11.56,73.99,156.74,11.62,100.0,37.09,0.648,-4.49,0.063,332.4,1063.6,1.138,1,HIGH
14.47,114.81,0.713,3,1.9,0.965,2,0,4.85,6.3,54.04,1.18,61.03,5.94,0.245,-3.97,0.052,325.1,852.0,3.609,0,LOW
62.66,155.58,-0.144,4,0.05,0.595,3,2,7.41,113.91,210.74,13.36,100.0,51.6,0.98,-1.39,0.126,187.9,267.9,0.244,1,CRITICAL
26.49,257.0,0.432,3,4.448,2.234,2,2,8.29,185.92,351.44,25.9,100.0,63.26,0.98,-6.37,0.396,361.1,298.4,0.524,1,CRITICAL
13.31,4.72,-0.164,5,1.868,0.49,3,0,7.24,198.33,433.41,30.29,100.0,95.0,0.98,-7.11,0.141,18.2,154.4,0.41,1,CRITICAL
21.76,113.68,0.311,2,0.381,1.151,0,2,9.69,6.26,78.73,0.55,77.63,11.0,0.352,1.29,0.221,1450.1,179.6,2.153,0,LOW
16.47,280.74,0.316,3,12.108,1.952,3,0,3.68,163.67,330.91,16.58,100.0,59.56,0.98,-4.11,0.061,185.4,291.9,0.769,1,CRITICAL
42.2,241.51,0.333,2,5.259,0.788,3,0,11.64,54.53,215.28,4.85,100.0,38.75,0.769,-4.85,0.078,234.4,36.8,0.462,1,CRITICAL
30.06,263.43,0.136,4,4.533,1.93,2,3,4.48,84.37,225.74,15.64,100.0,40.63,0.702,-3.38,0.317,212.9,36.5,0.389,1,CRITICAL
18.49,292.25,0.482,1,11.085,1.505,0,0,5.01,173.41,489.69,21.15,100.0,88.14,0.98,-7.09,0.066,220.3,763.1,0.849,1,CRITICAL
37.65,281.96,0.132,2,1.832,3.628,2,0,6.51,70.31,166.43,9.79,99.98,29.95,0.788,-5.56,0.122,427.1,213.4,0.597,0,HIGH
20.78,245.59,0.6,4,4.437,3.359,0,0,6.08,39.66,107.58,6.91,80.36,15.56,0.492,-3.36,0.101,20.8,1751.8,1.268,0,MODERATE
21.48,158.28,-0.567,2,0.808,4.171,2,0,8.43,48.4,161.13,10.42,100.0,34.81,0.533,-2.68,0.124,709.4,41.1,1.18,1,HIGH
14.23,354.1,0.122,4,4.18,2.269,0,1,8.18,74.98,174.41,14.51,100.0,31.39,0.635,-4.24,0.321,117.8,1244.0,1.366,0,MODERATE
14.17,204.87,0.099,5,0.05,2.459,2,0,7.75,188.17,528.95,16.58,100.0,95.0,0.98,-3.61,0.166,274.7,472.7,0.387,1,CRITICAL
60.47,73.0,-0.328,3,0.473,3.981,1,1,4.38,143.36,303.46,17.6,100.0,71.83,0.98,-2.44,0.411,16.7,165.6,0.488,1,CRITICAL
36.71,105.41,0.203,2,1.938,1.738,0,1,7.19,55.94,151.64,4.86,96.47,26.33,0.688,-4.09,0.06,187.8,139.3,0.735,1,CRITICAL
6.39,249.68,-0.522,2,0.05,2.378,1,2,7.54,15.41,59.77,1.37,67.71,9.13,0.192,-1.95,0.1,472.3,1400.1,7.916,0,LOW
12.31,332.91,-0.229,4,2.169,1.654,0,3,10.21,27.67,96.54,2.71,84.27,17.96,0.39,-2.93,0.223,105.3,186.3,2.111,0,LOW
10.77,64.34,-0.7,3,2.589,2.338,2,0,7.94,29.19,147.82,3.65,96.59,29.21,0.368,-4.26,0.138,124.8,336.2,3.074,0,LOW
22.92,29.64,0.546,4,3.401,0.431,1,1,8.34,22.19,88.06,2.49,78.19,12.39,0.346,-1.25,0.051,289.4,1394.4,1.204,1,HIGH
17.39,317.35,-0.081,4,0.37,3.314,2,1,11.82,89.27,253.92,11.54,100.0,45.71,0.685,-7.69,0.229,20.1,104.3,0.744,1,CRITICAL
46.63,329.5,0.758,3,0.699,4.14,2,0,4.95,117.51,384.63,22.92,100.0,69.23,0.98,-5.95,0.124,135.5,90.6,0.419,1,CRITICAL
18.34,99.5,0.281,4,3.325,0.37,0,2,6.65,25.05,61.47,4.8,66.63,7.37,0.419,-4.61,0.139,425.9,109.3,1.681,0,LOW
57.24,135.82,0.157,2,3.757,3.384,1,2,5.0,121.66,270.94,15.71,100.0,48.77,0.98,-5.89,0.177,309.7,121.0,0.505,1,CRITICAL
21.14,237.67,-0.205,3,0.092,1.091,2,0,11.03,86.18,264.97,14.86,100.0,58.04,0.644,-5.64,0.16,220.6,549.3,0.622,1,CRITICAL
63.77,118.77,-0.366,4,2.721,0.91,3,0,11.18,37.82,155.83,5.0,100.0,32.59,0.782,-6.0,0.143,246.6,85.2,0.251,1,CRITICAL
19.74,315.78,0.183,2,5.38,2.943,1,1,10.86,77.97,164.65,10.45,100.0,29.64,0.677,-3.49,0.286,82.4,18.4,1.512,0,MODERATE
19.96,38.73,-0.025,2,0.251,0.281,2,2,8.7,95.34,166.35,16.65,100.0,29.94,0.751,-4.03,0.072,823.6,572.3,1.481,0,MODERATE
36.29,13.67,-0.469,4,1.866,1.999,2,2,8.34,53.52,153.33,7.16,99.07,33.77,0.633,-2.3,0.058,1577.4,1489.4,0.353,1,CRITICAL
33.52,75.06,-0.531,4,1.383,0.106,3,1,6.49,38.05,151.03,5.97,95.01,30.4,0.553,-1.37,0.13,49.9,354.8,0.473,1,CRITICAL
9.65,102.99,-0.336,3,8.573,2.373,3,0,9.19,6.97,65.99,0.67,72.67,9.47,0.197,-0.33,0.055,22.1,203.3,5.065,0,LOW
23.23,40.65,0.637,4,0.719,1.995,2,1,4.68,0.09,15.62,0.01,48.42,1.36,0.24,-3.21,0.115,53.4,14.1,1.468,0,LOW
17.3,23.65,0.775,3,1.341,3.853,0,2,4.67,179.96,368.98,33.09,100.0,66.42,0.98,-4.64,0.146,106.2,380.4,0.736,1,CRITICAL
16.61,272.02,0.072,5,8.005,3.053,2,1,6.58,20.23,72.89,4.13,70.16,9.21,0.334,-2.26,0.14,347.6,178.8,1.793,0,LOW
23.17,59.14,0.052,4,1.405,0.617,0,0,11.65,70.7,157.76,7.11,100.0,28.4,0.668,-2.88,0.083,215.4,472.2,0.831,0,HIGH
18.77,329.01,-0.118,2,2.653,1.554,1,0,6.37,186.62,399.28,25.66,100.0,94.26,0.98,-6.08,0.141,16.1,1401.8,0.755,1,CRITICAL
24.53,132.48,-0.327,3,0.118,3.919,2,1,6.67,110.85,250.77,16.41,100.0,58.44,0.953,-5.42,0.083,195.7,10.2,0.554,1,CRITICAL
11.97,241.42,0.481,4,14.676,3.074,2,0,8.13,8.5,73.16,1.76,73.05,9.62,0.208,-1.98,0.181,253.8,528.1,2.506,0,LOW
8.22,81.14,0.656,5,6.099,2.537,2,2,9.48,105.24,295.86,12.21,100.0,53.25,0.69,-4.5,0.214,40.1,503.1,1.52,1,HIGH
37.03,86.52,-0.313,2,3.522,2.392,0,0,10.25,84.24,257.95,8.69,100.0,56.54,0.842,-2.14,0.138,25.2,404.7,0.478,1,CRITICAL
40.06,206.9,-0.029,3,0.219,1.732,3,3,5.04,25.97,93.06,2.59,73.84,12.37,0.572,0.64,0.279,152.3,584.7,1.058,1,HIGH
35.81,201.83,-0.157,1,0.272,2.499,0,2,7.29,76.04,270.63,7.73,100.0,57.84,0.754,-5.07,0.077,417.9,210.9,0.538,1,CRITICAL
22.6,276.74,-0.147,2,2.756,3.264,0,1,7.99,113.62,250.29,22.92,100.0,58.69,0.846,-4.82,0.1,50.6,59.1,0.648,1,CRITICAL
17.95,272.81,0.415,4,1.174,0.623,2,2,8.21,22.39,76.55,3.73,74.28,10.23,0.351,4.15,0.071,38.6,2.0,1.629,1,HIGH
15.32,241.45,-0.459,1,3.412,4.076,3,0,9.4,132.13,223.88,18.35,100.0,56.15,0.917,-8.39,0.147,512.6,229.8,1.003,1,HIGH
13.67,161.69,0.163,4,3.191,1.081,2,0,9.3,5.34,33.34,1.07,62.42,3.75,0.201,-5.33,0.134,82.9,736.7,2.405,0,LOW
21.15,320.63,0.255,5,6.385,1.936,2,3,7.56,48.73,134.95,5.93,91.79,22.3,0.391,0.46,0.209,35.5,402.1,1.089,0,MODERATE
39.55,224.13,-0.05,5,1.156,0.193,2,2,10.04,17.26,101.84,3.62,85.65,15.7,0.486,3.24,0.232,663.1,71.9,0.569,1,CRITICAL
14.57,356.47,0.313,2,3.018,2.356,0,0,9.63,84.63,249.19,15.76,100.0,44.85,0.724,0.74,0.402,135.4,172.4,1.35,0,MODERATE
39.58,294.97,0.052,4,5.258,1.666,2,1,9.45,12.49,47.32,1.04,67.16,5.72,0.519,-0.66,0.062,151.3,489.8,0.74,1,CRITICAL
8.51,15.95,0.426,5,2.362,1.124,1,0,6.34,27.15,96.33,3.93,77.23,13.39,0.225,-2.82,0.076,966.8,1170.5,3.335,0,LOW
25.23,115.41,-0.533,1,6.215,4.141,3,0,9.07,8.86,36.33,1.75,62.95,5.18,0.38,-2.06,0.188,341.9,880.9,2.167,0,LOW
28.12,205.88,-0.122,3,0.493,1.855,0,0,10.15,108.61,302.79,14.71,100.0,67.54,0.878,-2.37,0.09,678.4,450.1,0.503,1,CRITICAL
16.29,259.73,-0.025,5,4.634,1.799,1,0,6.37,9.22,49.17,2.01,62.2,5.5,0.258,0.95,0.055,101.5,110.9,1.942,0,LOW
11.49,198.12,-0.935,2,10.025,1.999,2,2,7.79,83.48,204.69,16.57,100.0,46.86,0.555,-1.53,0.244,261.1,916.2,1.644,0,MODERATE
34.47,283.01,-0.38,5,1.412,0.576,2,2,10.94,79.84,201.95,14.81,100.0,45.93,0.734,-7.83,0.11,175.3,1140.6,0.248,1,CRITICAL
22.69,101.76,-0.285,3,1.597,1.712,1,1,8.37,9.98,42.06,0.99,63.53,6.01,0.303,-4.34,0.053,1945.0,1079.9,2.262,0,LOW
68.0,66.21,0.332,1,0.305,1.479,1,1,7.31,54.26,178.56,5.16,100.0,32.14,0.98,-1.59,0.096,185.9,375.8,0.736,1,CRITICAL
39.86,19.41,-0.247,3,3.59,2.007,0,0,10.72,44.65,123.36,7.58,93.76,26.18,0.674,-5.55,0.194,325.6,922.6,0.672,1,CRITICAL
40.03,206.39,-0.286,2,2.814,3.612,3,0,6.46,58.67,160.66,10.13,98.05,35.39,0.678,-7.13,0.09,63.0,709.2,0.475,1,CRITICAL
3.71,247.9,0.286,2,0.144,0.89,1,2,3.77,179.94,289.94,18.11,100.0,52.19,0.98,-2.61,0.061,42.4,434.2,4.342,0,MODERATE
14.74,117.41,-0.566,3,4.883,2.592,2,2,5.79,5.46,78.94,1.09,70.67,10.7,0.243,-0.66,0.053,29.2,1809.9,3.251,0,LOW
10.65,220.89,-0.725,3,6.187,0.254,2,0,10.0,111.64,255.36,22.59,100.0,59.36,0.722,0.44,0.171,237.9,126.1,1.2,0,MODERATE
5.52,18.78,-0.127,3,8.318,1.399,2,1,8.65,128.78,332.42,17.81,100.0,75.29,0.789,-1.35,0.107,579.3,440.3,2.185,0,MODERATE
21.69,35.75,-0.507,1,2.762,2.038,2,3,7.65,8.77,99.27,1.45,80.54,15.44,0.31,-2.93,0.231,579.6,12.1,1.999,0,LOW
34.01,252.63,-0.493,4,2.109,0.405,2,2,9.83,69.38,200.58,10.51,100.0,44.43,0.724,-1.97,0.19,20.1,269.7,0.241,1,CRITICAL
12.2,132.51,0.201,3,7.31,2.33,1,0,7.87,78.72,253.93,6.69,100.0,45.71,0.491,-4.75,0.06,442.9,807.1,1.765,0,MODERATE
5.76,241.68,0.307,4,1.78,1.372,2,0,7.01,51.71,138.53,4.79,91.95,22.93,0.445,-6.27,0.064,593.7,120.6,4.165,0,LOW
12.84,299.42,0.276,4,3.729,4.171,1,3,9.34,45.44,112.28,8.6,87.74,17.73,0.402,0.88,0.239,461.0,626.8,2.015,0,LOW
20.24,306.94,0.388,2,3.344,2.687,2,0,6.66,24.86,103.99,3.69,80.26,15.02,0.432,-2.18,0.053,6.9,644.7,2.153,0,LOW
19.4,61.98,0.434,1,1.629,1.101,1,1,8.58,75.93,171.05,12.57,100.0,30.79,0.745,0.65,0.204,342.4,453.1,1.435,0,MODERATE
22.3,175.06,-0.745,5,0.318,0.521,0,1,5.75,21.86,47.68,3.62,60.61,7.82,0.315,-1.37,0.099,129.9,1007.7,1.36,1,HIGH
27.8,264.21,0.158,4,0.076,0.267,2,1,5.18,40.05,125.63,5.33,84.53,19.11,0.528,-1.31,0.122,364.4,268.5,0.842,1,CRITICAL
21.99,278.63,-0.185,1,1.957,0.472,1,0,5.6,126.59,246.97,10.65,100.0,59.64,0.888,-2.29,0.054,171.9,105.4,0.736,1,CRITICAL
35.02,282.48,-0.262,4,2.297,2.888,3,2,7.44,6.1,94.43,1.16,78.61,14.09,0.43,-1.78,0.211,310.4,474.4,0.708,1,CRITICAL
12.34,82.14,0.196,1,6.054,3.605,1,0,6.07,48.85,181.39,7.11,100.0,32.65,0.338,-2.77,0.329,89.6,1336.2,2.254,0,LOW
18.94,69.31,-0.606,1,1.873,0.743,3,2,6.14,43.27,103.57,4.3,79.19,19.95,0.45,-1.46,0.225,44.2,447.5,2.118,0,LOW
30.28,212.4,-0.613,3,1.155,1.749,2,1,7.16,30.91,116.01,2.56,85.02,21.46,0.456,1.3,0.142,713.2,949.1,1.18,0,MODERATE
25.86,266.79,0.222,1,2.17,1.552,0,0,7.34,59.16,197.08,4.88,100.0,35.47,0.684,-1.12,0.176,355.2,904.4,0.833,0,HIGH
53.73,114.89,0.171,5,0.951,2.743,0,2,4.09,1.02,40.52,0.09,55.32,4.04,0.628,-1.18,0.201,805.2,2.7,0.543,0,HIGH
12.67,37.69,0.048,5,0.335,0.849,0,3,2.5,44.08,165.67,4.48,92.51,27.59,0.407,-3.11,0.22,460.8,36.3,1.74,0,LOW
30.58,258.03,-0.308,4,0.42,4.009,0,3,8.38,43.22,142.92,4.86,95.82,29.84,0.503,-2.36,0.212,72.9,361.6,0.556,1,CRITICAL
15.21,107.89,0.26,1,1.345,3.087,1,0,7.81,47.18,139.86,5.41,93.81,23.61,0.416,-4.3,0.068,337.7,870.7,2.341,0,LOW
14.22,59.89,0.238,2,0.05,4.016,1,1,4.49,15.52,88.35,2.62,71.35,11.35,0.293,-3.97,0.225,230.0,217.7,3.383,0,LOW
38.61,53.18,0.03,3,0.871,1.237,0,2,8.46,15.12,46.53,1.72,65.12,5.45,0.414,-2.1,0.083,90.7,988.8,1.299,0,MODERATE
21.85,113.37,-0.412,3,5.421,2.51,1,2,8.46,67.72,122.07,11.81,89.28,27.74,0.639,-2.54,0.063,562.9,195.4,1.502,0,MODERATE
25.62,213.36,-0.149,2,0.936,3.102,1,2,6.84,6.33,38.65,1.24,59.67,4.91,0.327,0.49,0.674,423.4,242.7,2.097,0,LOW
15.91,129.02,0.293,3,0.411,3.015,2,3,11.81,23.74,124.7,3.18,96.16,21.59,0.364,-4.5,0.215,38.5,176.0,2.359,0,LOW
16.46,7.44,0.465,3,10.421,0.188,0,1,10.29,115.49,204.36,20.85,100.0,36.78,0.829,-3.48,0.06,236.3,262.4,1.617,0,MODERATE
8.11,34.89,-0.114,5,3.409,4.193,3,2,6.62,7.12,84.61,0.67,73.99,12.12,0.269,-0.28,0.194,409.5,276.3,3.577,0,LOW
24.51,104.58,-0.087,5,0.217,3.905,2,0,6.66,41.03,81.13,5.17,72.96,10.65,0.533,-4.47,0.199,49.2,294.9,1.154,0,MODERATE
11.6,237.49,-0.057,3,0.225,0.591,2,3,4.29,71.79,227.48,12.6,100.0,40.95,0.566,-3.79,0.264,1345.0,151.4,2.138,0,MODERATE
20.45,35.47,0.096,4,3.315,2.329,0,2,10.19,9.93,27.19,2.09,62.05,3.04,0.326,0.5,0.076,259.9,218.8,1.604,0,LOW
35.0,201.84,-0.203,1,2.719,1.39,2,1,8.04,24.35,124.83,4.05,89.42,23.01,0.403,-1.83,0.079,554.0,417.1,0.898,1,HIGH
6.63,43.16,-1.0,2,0.248,3.703,1,2,9.31,53.18,104.11,6.96,85.07,22.32,0.428,-7.31,0.079,221.3,3.9,5.888,0,LOW
68.0,76.18,0.417,5,0.889,2.96,3,2,2.81,25.76,102.8,3.19,72.95,13.5,0.803,0.22,0.211,103.4,356.7,0.326,1,CRITICAL
14.05,61.99,0.628,4,9.26,1.016,3,2,9.21,7.57,93.71,1.02,81.57,13.76,0.244,-1.13,0.051,505.3,8.3,1.973,0,LOW
20.78,24.2,-0.214,2,2.97,0.239,2,3,6.38,17.19,51.32,2.95,62.9,7.87,0.435,-5.56,0.299,166.1,420.6,2.467,0,LOW
25.6,241.68,-0.373,3,2.031,1.296,2,0,8.79,7.53,61.91,0.95,70.62,8.77,0.268,-3.55,0.298,244.7,214.0,1.881,0,LOW
13.76,166.83,-0.048,5,1.008,0.256,2,3,8.65,267.01,771.35,38.93,100.0,95.0,0.98,-6.86,0.312,240.0,280.1,0.397,1,CRITICAL
16.8,299.18,-0.066,2,0.502,0.679,0,0,7.45,17.47,72.05,3.25,71.47,9.27,0.29,-0.77,0.104,17.0,748.2,2.942,0,LOW
39.27,35.6,0.348,2,1.803,2.708,2,1,5.97,49.15,183.76,5.57,100.0,33.08,0.66,0.39,0.057,116.0,502.0,0.469,1,CRITICAL
33.0,52.1,0.019,5,8.945,3.155,0,0,8.38,36.37,149.46,6.56,97.91,26.34,0.513,-4.18,0.052,113.6,1198.3,0.558,1,CRITICAL
19.17,110.32,-0.277,3,0.175,2.019,2,0,5.66,54.78,121.76,10.22,84.15,25.02,0.465,-3.42,0.069,12.5,127.2,1.876,0,LOW
22.14,275.71,-0.461,3,16.479,2.561,0,2,9.81,44.81,138.76,9.0,97.06,29.62,0.483,0.11,0.126,31.0,228.0,1.377,0,LOW
23.96,110.07,0.303,2,0.815,0.739,1,0,5.91,84.43,222.51,7.04,100.0,40.05,0.765,-0.28,0.098,237.0,113.1,0.847,1,CRITICAL
29.86,147.03,0.21,5,1.839,1.399,2,3,7.55,134.14,264.97,12.87,100.0,47.69,0.98,-4.69,0.274,108.8,89.6,0.324,1,CRITICAL
31.01,108.58,0.371,4,0.161,3.023,1,0,5.86,21.83,124.44,4.67,85.37,19.12,0.423,-2.97,0.057,195.1,495.0,0.732,1,CRITICAL
30.57,28.88,-0.339,3,3.076,1.596,2,0,7.85,13.19,78.55,1.29,74.26,12.08,0.392,-0.21,0.191,185.0,481.8,1.454,0,LOW
17.44,338.2,0.643,1,2.313,1.53,2,3,5.23,270.18,466.03,40.07,100.0,83.88,0.98,-11.78,0.291,297.4,304.7,0.894,0,HIGH
23.54,197.47,-0.61,3,3.846,0.895,3,2,5.72,130.68,378.33,13.51,100.0,83.78,0.879,-3.85,0.131,530.5,71.3,0.571,1,CRITICAL
37.07,283.62,0.248,2,2.738,2.539,1,2,12.55,29.41,98.39,5.7,89.07,15.77,0.565,-1.86,0.065,72.1,376.9,1.027,0,HIGH
62.58,237.01,-0.668,1,1.777,3.419,2,0,9.36,146.36,331.29,13.69,100.0,77.2,0.98,-5.3,0.113,125.7,320.3,0.625,1,CRITICAL
23.17,185.13,-0.277,3,4.685,2.025,3,2,8.31,72.17,207.36,6.64,100.0,45.98,0.679,-1.46,0.074,228.1,378.4,0.778,1,CRITICAL
16.09,32.28,0.546,1,0.089,0.574,1,1,8.63,37.39,83.64,5.63,77.3,11.64,0.507,0.78,0.266,378.8,268.0,2.965,0,LOW
13.61,231.38,0.291,5,2.726,3.537,2,3,8.17,134.35,346.78,15.23,100.0,62.42,0.899,-6.33,0.25,135.4,38.4,0.609,1,CRITICAL
30.7,55.93,-0.191,1,0.423,0.393,1,2,7.3,73.11,237.5,12.62,100.0,51.52,0.742,-4.48,0.079,86.3,238.1,0.582,1,CRITICAL
7.86,149.18,-0.182,3,2.005,2.034,0,2,9.16,113.83,198.54,20.02,100.0,49.4,0.762,-1.81,0.291,315.0,170.5,2.521,0,MODERATE
30.87,226.48,0.035,2,5.481,1.17,0,2,5.68,35.16,126.16,5.7,85.6,19.44,0.498,-5.53,0.068,305.3,141.4,1.2,0,MODERATE
31.16,281.6,0.18,4,0.538,3.939,2,2,11.01,104.2,246.33,20.51,100.0,44.34,0.889,-4.62,0.104,396.0,489.0,0.304,1,CRITICAL
16.44,246.62,0.438,1,9.611,3.124,0,2,7.76,29.72,102.89,5.28,81.9,15.17,0.396,3.63,0.065,192.7,499.8,2.683,0,LOW
25.29,241.75,-0.16,3,7.678,2.422,0,2,9.26,86.34,258.06,9.17,100.0,56.81,0.703,-2.45,0.058,22.0,1636.2,0.541,1,CRITICAL
19.53,53.66,-0.564,4,1.876,2.838,2,0,10.96,37.17,134.89,3.38,97.9,28.23,0.316,-2.65,0.054,248.7,453.1,1.03,1,HIGH
9.37,124.61,0.055,5,0.05,2.284,1,1,8.58,33.77,84.73,6.24,77.56,11.83,0.291,-6.19,0.051,105.6,159.0,3.086,0,LOW
29.67,15.45,-0.16,4,5.458,0.705,2,1,5.72,103.53,178.26,19.01,100.0,44.51,0.808,-9.29,0.149,1722.5,343.4,0.336,1,CRITICAL
28.25,259.01,-0.455,1,7.447,3.007,0,2,10.18,8.68,98.71,1.73,84.92,16.13,0.394,1.28,0.089,243.9,453.0,1.447,0,LOW
17.2,342.93,0.104,1,0.672,2.12,0,2,11.23,171.21,474.33,18.55,100.0,85.38,0.98,-7.53,0.254,163.4,237.8,0.904,1,CRITICAL
62.06,95.08,-0.075,4,8.677,2.701,1,2,3.22,46.19,112.68,5.14,76.85,15.59,0.921,-2.01,0.129,401.9,457.3,0.288,1,CRITICAL
22.25,31.57,0.107,2,8.591,0.285,2,2,7.28,65.7,141.59,10.56,93.4,23.8,0.688,0.67,0.182,1070.4,768.3,1.557,0,MODERATE
6.19,171.21,-0.313,3,2.231,0.682,3,1,8.14,33.78,102.54,3.44,82.47,19.27,0.371,-3.12,0.077,190.5,448.4,6.708,0,LOW
38.1,308.41,0.17,5,5.599,2.516,2,0,6.92,67.48,194.27,8.2,100.0,34.97,0.717,-3.7,0.069,112.7,84.1,0.323,1,CRITICAL
33.51,198.71,-0.461,4,2.06,1.984,3,0,4.76,80.43,230.43,15.58,100.0,51.13,0.666,-1.07,0.097,183.9,176.0,0.216,1,CRITICAL
35.61,16.84,-0.29,4,2.906,1.03,1,0,5.56,131.86,414.4,16.72,100.0,90.42,0.98,-0.45,0.191,331.4,1486.5,0.21,1,CRITICAL
12.0,350.74,-0.085,5,1.349,1.087,2,0,3.43,125.24,274.13,10.22,100.0,49.34,0.785,-1.59,0.102,313.2,202.1,1.126,1,HIGH
24.92,298.31,0.61,4,0.608,2.69,2,0,9.6,28.79,120.59,4.93,90.87,19.73,0.483,1.9,0.114,382.6,797.9,0.935,1,HIGH
22.04,47.37,0.275,4,4.804,0.342,2,2,10.52,62.19,208.26,6.55,100.0,37.49,0.617,-8.21,0.086,271.1,68.0,0.702,1,CRITICAL
20.07,331.85,0.377,3,0.05,1.88,3,0,10.49,98.59,308.97,10.59,100.0,55.61,0.732,-2.12,0.122,864.2,1892.7,0.649,0,HIGH
43.37,162.25,0.496,5,3.033,2.245,2,0,7.43,94.09,296.65,7.75,100.0,53.4,0.856,0.13,0.106,127.1,106.9,0.184,1,CRITICAL
22.42,133.88,1.0,2,7.001,1.363,1,3,8.1,144.03,368.97,23.18,100.0,66.41,0.98,-2.95,0.25,5.0,1464.2,0.652,1,CRITICAL
17.55,165.98,0.015,3,0.875,3.464,3,3,9.85,115.92,255.09,18.39,100.0,45.92,0.742,-3.88,0.264,45.3,22.9,1.143,0,MODERATE
17.45,300.45,0.497,2,1.417,0.333,0,2,6.99,82.25,206.54,7.69,100.0,37.18,0.665,-5.91,0.093,12.6,386.8,1.414,0,MODERATE
11.44,237.41,0.354,1,3.099,3.65,0,0,5.41,89.81,296.36,7.82,100.0,53.34,0.664,-4.83,0.174,46.2,88.6,1.314,0,MODERATE
23.63,21.33,0.349,3,0.992,3.065,1,2,6.24,107.08,202.51,15.92,100.0,36.45,0.791,0.41,0.056,67.7,466.6,1.048,1,HIGH
45.12,344.74,0.621,3,6.582,1.93,1,1,7.89,118.27,239.3,22.4,100.0,43.07,0.977,-3.66,0.085,88.8,1032.8,0.418,1,CRITICAL
18.38,53.2,-0.147,3,1.598,3.89,1,0,5.93,28.27,145.05,6.04,92.09,27.44,0.47,-3.34,0.162,7.0,159.3,1.824,0,LOW
25.69,268.4,-0.175,3,3.05,2.979,3,2,8.54,98.96,228.95,8.96,100.0,53.09,0.774,-7.06,0.086,92.7,231.7,0.535,1,CRITICAL
19.89,229.01,0.112,3,0.897,3.917,1,0,4.52,193.7,365.97,34.7,100.0,65.87,0.98,-3.91,0.101,45.1,21.5,0.653,1,CRITICAL
21.11,67.51,-0.064,1,0.148,2.038,2,3,6.97,17.24,100.63,1.84,79.74,14.44,0.41,-3.56,0.24,25.2,385.8,2.105,0,LOW
34.3,61.46,0.111,3,0.668,1.957,1,2,8.39,3.21,28.8,0.27,59.32,3.08,0.362,-1.34,0.084,243.7,416.1,1.554,0,LOW
11.35,313.32,0.547,4,0.166,2.276,1,0,7.79,4.88,22.53,0.62,56.24,2.28,0.177,3.02,0.114,60.0,433.0,2.985,0,LOW
8.39,151.09,-0.167,2,2.213,0.368,1,1,5.88,15.88,122.05,2.55,84.64,20.5,0.347,0.47,0.064,23.8,1103.3,4.801,0,LOW
38.13,235.65,-0.107,3,3.092,3.825,2,1,9.12,164.0,377.33,26.93,100.0,87.6,0.98,-1.21,0.096,55.4,43.7,0.43,1,CRITICAL
16.18,181.47,0.061,3,0.16,2.838,1,3,8.08,8.81,93.59,0.77,79.49,13.39,0.334,-1.02,0.312,566.7,286.7,2.779,0,LOW
17.67,261.85,-0.08,5,0.332,2.632,2,1,2.9,89.49,263.73,18.78,100.0,47.47,0.696,-1.21,0.051,211.1,158.3,0.751,0,HIGH
68.0,172.53,-0.67,4,2.326,3.899,2,0,8.5,131.15,383.01,11.49,100.0,84.68,0.98,-0.5,0.124,214.1,125.5,0.286,1,CRITICAL
33.4,103.46,-0.203,1,5.619,4.174,1,0,6.57,136.49,276.21,15.07,100.0,66.1,0.98,-6.0,0.372,89.0,184.4,0.556,1,CRITICAL
13.05,130.82,0.241,5,3.461,0.77,0,0,6.35,35.04,126.93,4.93,87.04,19.89,0.37,-1.99,0.091,203.3,1255.8,1.93,0,LOW
39.54,309.27,0.503,4,0.387,3.171,0,3,5.67,44.44,126.82,9.44,85.8,19.58,0.728,-3.81,0.262,372.9,130.6,0.513,1,CRITICAL
33.81,168.49,-0.404,4,7.648,2.478,2,3,5.29,25.38,104.58,5.55,77.99,17.73,0.54,-3.23,0.212,254.1,39.8,0.687,1,CRITICAL
3.0,76.84,-0.406,3,8.73,1.99,3,1,7.95,10.36,49.89,0.83,65.28,7.11,0.108,-1.78,0.148,215.7,238.3,17.135,0,LOW
24.11,336.46,0.011,4,1.375,4.108,2,0,8.7,15.5,56.97,1.73,68.89,7.07,0.321,-3.89,0.093,126.5,139.7,1.259,0,MODERATE
11.7,286.78,-0.726,3,3.35,3.586,1,1,7.84,9.41,41.63,1.41,62.43,5.81,0.26,-2.31,0.167,278.8,154.6,4.469,0,LOW
21.08,20.04,-0.156,4,2.373,2.957,3,2,9.59,34.02,96.66,6.03,83.19,18.56,0.471,-0.17,0.061,544.7,271.4,1.178,0,MODERATE
62.68,359.62,-0.608,5,9.967,1.669,0,0,8.78,12.14,56.96,2.09,69.03,8.53,0.7,-1.68,0.056,59.2,760.1,0.371,1,CRITICAL
35.08,250.17,0.479,5,2.488,2.831,1,1,3.08,33.57,64.04,3.87,61.05,7.04,0.545,-3.81,0.076,486.7,811.4,0.832,1,CRITICAL
37.59,57.7,-0.269,3,11.263,2.28,2,0,5.48,123.83,336.52,13.33,100.0,75.43,0.977,-1.71,0.065,185.3,297.2,0.433,1,CRITICAL
19.92,85.38,0.578,5,0.778,1.122,1,1,10.11,69.08,158.58,5.66,100.0,28.54,0.564,-4.87,0.186,1085.2,819.2,1.021,0,HIGH
37.68,249.28,0.39,1,1.484,1.947,3,2,4.71,70.65,170.29,13.99,97.97,30.03,0.64,-5.37,0.163,85.0,81.6,0.565,1,CRITICAL
14.34,280.71,-0.226,1,5.321,0.97,2,1,2.5,108.59,359.56,14.45,100.0,77.75,0.839,-0.37,0.322,28.8,139.6,1.065,1,HIGH
23.94,86.05,-0.375,3,5.357,2.152,0,1,11.53,2.73,68.65,0.55,77.72,9.93,0.174,0.86,0.056,49.0,78.4,1.949,0,LOW
34.22,92.51,-0.068,4,4.611,3.053,0,2,8.15,102.85,262.95,12.89,100.0,47.33,0.876,-4.11,0.077,5.4,1142.8,0.214,1,CRITICAL
33.67,110.56,-0.037,2,6.872,0.25,2,2,6.0,14.21,37.67,2.64,57.85,3.92,0.352,3.25,0.332,127.3,636.1,1.617,0,LOW
8.74,215.29,0.121,3,4.244,3.238,2,0,5.63,27.59,131.12,2.48,87.1,20.56,0.279,-3.17,0.059,108.1,657.6,4.583,0,LOW
55.52,61.85,-0.272,1,3.538,0.182,3,1,8.88,23.94,137.21,4.63,94.9,26.31,0.693,0.03,0.104,284.8,522.1,0.572,1,CRITICAL
12.72,37.53,0.261,4,2.15,2.221,2,2,8.55,7.26,55.71,1.49,68.22,6.84,0.124,-5.3,0.135,49.7,6.0,2.464,0,LOW
68.0,244.39,0.093,5,2.203,2.451,2,1,8.22,12.4,109.86,1.45,84.95,16.8,0.724,-3.99,0.071,400.5,106.9,0.298,1,CRITICAL
34.76,280.48,-0.119,4,1.824,3.221,1,2,7.08,203.55,576.91,20.33,100.0,95.0,0.98,-2.7,0.17,109.0,927.8,0.212,1,CRITICAL
33.19,180.33,-0.249,3,3.388,3.22,0,1,4.68,59.6,138.83,6.4,87.85,29.11,0.643,1.16,0.203,585.2,295.6,0.85,1,CRITICAL
13.39,130.98,-0.065,5,1.827,1.812,2,0,7.42,41.76,177.32,8.41,100.0,31.92,0.553,-2.41,0.091,56.7,610.9,1.49,0,LOW
16.58,155.54,-0.286,4,0.559,0.372,3,0,9.84,92.17,227.27,11.07,100.0,51.97,0.581,2.66,0.147,447.1,110.2,0.631,1,CRITICAL
53.17,139.83,0.02,4,0.394,2.943,2,1,6.31,109.24,293.14,12.28,100.0,52.77,0.98,-0.11,0.111,57.7,30.5,0.207,1,CRITICAL
49.54,345.59,0.03,4,9.041,2.195,1,1,8.82,7.59,41.3,1.65,64.1,4.76,0.519,-3.09,0.141,5.5,791.1,0.584,1,CRITICAL
20.23,276.51,0.092,5,0.088,1.466,2,3,6.61,87.79,173.87,15.26,100.0,31.3,0.687,-3.9,0.248,16.9,119.6,0.948,1,HIGH
19.27,74.91,0.618,4,0.39,1.063,2,1,9.26,175.12,324.04,34.41,100.0,58.33,0.98,-8.17,0.053,473.4,112.0,0.369,1,CRITICAL
19.59,138.31,-0.046,3,2.063,0.591,0,2,5.34,57.23,186.94,10.56,100.0,33.65,0.589,-3.45,0.081,212.9,229.8,1.429,0,LOW
39.68,195.84,0.352,3,1.068,1.31,2,2,7.53,61.9,224.37,8.19,100.0,40.39,0.664,-1.84,0.078,108.5,355.6,0.425,1,CRITICAL
37.66,220.67,0.08,4,1.822,1.98,2,1,8.5,132.82,258.03,26.67,100.0,46.45,0.98,-3.76,0.256,287.2,444.1,0.205,1,CRITICAL
27.36,168.55,-0.083,3,0.437,2.058,1,2,6.01,73.96,250.52,12.01,100.0,45.09,0.654,-2.6,0.096,132.6,1165.7,0.613,1,CRITICAL
24.07,291.65,-0.042,4,0.491,2.489,2,2,8.3,347.96,979.82,59.86,100.0,95.0,0.98,-5.67,0.237,479.7,635.8,0.267,1,CRITICAL
20.1,276.34,-0.021,2,5.645,1.586,1,1,7.43,21.6,98.26,2.71,79.83,14.12,0.409,-1.22,0.05,386.4,336.6,2.206,0,LOW
68.0,181.86,0.098,3,4.982,3.872,1,0,7.4,121.38,301.05,26.38,100.0,54.19,0.98,-1.92,0.13,176.2,70.0,0.602,1,CRITICAL
9.38,307.59,-0.336,3,0.385,2.133,2,3,6.01,61.61,208.13,12.3,100.0,44.86,0.458,-1.32,0.249,5.0,66.0,2.408,0,MODERATE
17.8,270.39,-0.513,4,3.857,1.837,1,2,9.69,29.59,126.91,2.98,93.06,24.81,0.383,-1.07,0.054,205.2,63.0,1.241,0,MODERATE
26.34,280.29,0.229,4,3.289,0.297,2,2,5.42,139.5,277.83,15.14,100.0,50.01,0.98,-1.69,0.1,135.2,1943.2,0.326,1,CRITICAL
8.19,344.3,0.314,1,4.373,2.556,2,2,8.12,363.03,747.73,67.09,100.0,95.0,0.98,-6.46,0.089,252.3,752.2,1.811,0,MODERATE
15.93,95.93,0.261,2,2.252,2.572,3,2,5.63,3.87,80.26,0.32,70.82,10.23,0.176,-4.09,0.069,49.1,40.6,3.068,0,LOW
62.25,96.35,0.054,1,1.101,2.491,3,1,7.35,168.82,463.83,21.43,100.0,83.49,0.98,-0.03,0.057,306.1,163.1,0.62,1,CRITICAL
36.33,320.02,0.269,1,3.814,3.739,2,3,8.91,14.76,63.88,2.28,71.49,8.22,0.451,-1.19,0.325,64.7,174.4,1.364,0,LOW
15.85,278.0,0.25,2,1.625,3.228,0,2,6.86,14.93,112.52,1.62,83.36,16.88,0.338,-3.88,0.125,1094.2,170.5,2.671,0,LOW
15.57,333.56,0.276,4,0.865,3.656,2,2,2.5,2.77,82.77,0.56,65.99,9.83,0.185,-1.42,0.121,478.5,2.3,1.929,0,LOW
9.43,22.73,-0.301,5,1.839,0.344,1,1,4.54,165.97,421.72,33.94,100.0,95.0,0.98,-3.87,0.239,56.0,254.7,0.568,1,CRITICAL
17.17,225.99,-0.384,3,5.043,1.404,2,3,2.75,92.6,286.06,19.81,100.0,62.6,0.611,-1.58,0.201,220.0,875.4,0.741,1,CRITICAL
30.03,52.07,-0.136,3,2.261,1.407,0,2,7.65,3.57,36.2,0.36,60.35,4.36,0.362,1.13,0.112,169.9,51.7,1.744,0,LOW
27.29,181.4,-0.006,4,1.248,2.794,2,2,7.49,65.25,177.44,5.94,100.0,31.94,0.605,-0.59,0.294,465.8,29.6,0.611,1,CRITICAL
17.7,56.07,-0.085,5,6.241,1.939,1,0,6.73,8.32,88.87,1.31,75.55,12.09,0.179,3.23,0.098,376.9,470.1,1.6,0,LOW
12.6,46.11,-0.657,5,7.469,3.288,1,2,6.12,90.48,295.87,17.28,100.0,64.11,0.626,-2.75,0.101,98.3,667.0,0.621,0,HIGH
19.95,4.38,0.603,1,1.987,1.676,3,1,7.99,34.19,140.09,4.13,94.2,23.75,0.367,-2.28,0.056,126.9,125.5,1.731,0,LOW
19.7,226.89,-0.096,2,1.643,1.009,1,2,4.32,3.46,79.58,0.39,68.24,9.77,0.261,-4.94,0.147,17.4,1069.6,2.498,0,LOW
33.86,129.25,0.06,1,3.32,1.293,2,2,9.6,114.95,321.96,17.53,100.0,57.95,0.966,-1.07,0.165,234.6,515.6,0.552,1,CRITICAL
25.17,37.87,0.436,4,0.209,0.848,2,0,7.67,55.22,126.73,8.14,89.35,20.38,0.6,-0.78,0.062,398.4,291.6,0.916,1,HIGH
23.34,116.22,-0.821,4,4.114,0.911,0,1,5.42,96.34,283.02,14.18,100.0,62.51,0.67,-4.54,0.131,152.0,723.0,0.273,0,HIGH
41.53,60.82,-0.179,2,5.336,0.989,2,1,6.58,72.96,136.4,9.98,90.49,30.97,0.826,-2.05,0.087,815.8,176.1,0.503,0,HIGH
49.3,339.01,-0.135,5,1.773,0.166,1,2,7.21,37.04,132.97,6.73,90.53,26.11,0.7,-1.97,0.117,41.3,141.5,0.255,1,CRITICAL
27.11,115.2,-0.118,3,0.672,3.036,2,1,4.46,77.97,205.06,12.95,100.0,46.27,0.686,-2.32,0.14,620.2,136.6,0.591,1,CRITICAL
27.47,120.22,-0.061,5,0.102,1.738,2,1,8.98,0.97,16.53,0.14,56.45,1.68,0.261,-1.9,0.058,6.1,91.4,1.188,1,HIGH
20.74,302.35,0.506,1,3.549,0.193,1,2,9.62,26.98,98.37,4.88,83.8,14.84,0.38,-1.46,0.079,684.5,947.6,2.1,0,LOW
13.29,233.19,0.236,1,1.097,1.617,1,2,7.76,97.79,187.92,11.41,100.0,33.83,0.776,-6.95,0.198,102.1,223.9,2.009,0,MODERATE
35.3,255.66,0.335,2,2.182,3.812,2,3,9.57,93.6,293.42,19.17,100.0,52.81,0.88,-4.09,0.215,32.6,932.5,0.488,1,CRITICAL
31.7,228.96,0.016,1,1.709,2.196,2,1,13.33,141.96,384.92,18.99,100.0,69.29,0.98,-3.27,0.134,1269.5,967.4,0.571,1,CRITICAL
21.7,340.63,-0.49,4,0.673,4.146,2,2,3.37,61.38,210.54,7.73,100.0,45.26,0.531,-4.19,0.195,382.1,63.3,0.559,1,CRITICAL
25.21,74.52,-0.728,1,2.485,2.314,0,0,7.61,185.3,319.73,28.89,100.0,79.79,0.98,-3.93,0.128,211.5,18.5,0.663,0,HIGH
40.08,356.05,-0.535,4,2.154,4.047,2,2,4.55,53.03,168.72,6.25,97.17,35.87,0.621,2.9,0.173,140.1,1555.9,0.252,1,CRITICAL
43.64,299.14,0.126,1,3.425,0.927,1,2,10.93,45.11,159.9,5.31,100.0,28.78,0.641,-4.99,0.104,82.5,106.7,0.512,1,CRITICAL
3.83,212.03,0.011,2,1.016,1.289,2,2,8.04,14.28,53.24,1.3,66.51,6.37,0.27,-6.07,0.221,254.8,216.7,13.77,0,LOW
15.24,238.45,-0.074,4,0.846,2.97,0,0,5.96,98.08,214.32,16.8,100.0,38.58,0.69,-0.15,0.14,166.8,62.7,1.071,1,HIGH
21.66,233.58,-0.129,5,5.894,4.146,1,3,6.93,76.56,212.31,15.91,100.0,47.4,0.622,2.5,0.233,197.7,1320.5,0.572,1,CRITICAL
11.43,21.02,0.704,3,4.24,3.484,2,3,10.44,40.14,120.36,7.06,92.31,20.0,0.404,-1.07,0.259,173.5,43.1,3.466,0,LOW
25.58,78.49,-0.288,5,5.178,2.37,1,1,8.5,5.92,75.9,0.94,74.58,10.9,0.306,-1.3,0.133,287.9,740.8,1.094,0,MODERATE
15.72,346.13,0.325,4,0.461,0.449,3,2,8.77,8.73,36.14,1.57,62.36,4.06,0.274,-2.99,0.174,721.3,887.8,2.076,0,LOW
26.05,192.37,0.001,3,0.888,1.594,2,3,10.77,7.9,81.99,1.7,80.63,11.9,0.319,-0.01,0.215,855.1,1157.7,1.71,0,LOW
16.0,136.21,-0.021,4,2.999,0.454,3,1,9.6,30.61,104.52,3.89,85.73,16.13,0.391,-1.85,0.422,504.7,277.7,1.647,0,LOW
16.4,274.33,0.412,2,6.812,1.376,1,2,9.97,11.25,78.3,1.58,78.01,10.99,0.268,0.7,0.063,87.5,371.8,2.888,0,LOW
25.94,188.83,0.512,2,7.793,1.161,0,2,7.22,128.19,277.76,15.39,100.0,50.0,0.893,-8.05,0.113,79.7,319.4,0.585,1,CRITICAL
36.12,4.74,-0.084,4,6.241,1.693,2,2,2.54,149.24,400.83,12.29,100.0,72.15,0.98,-3.37,0.051,240.8,348.0,0.209,1,CRITICAL
30.72,265.05,0.28,3,0.155,3.533,1,2,7.73,126.31,397.3,16.25,100.0,71.51,0.98,-5.81,0.096,1028.7,124.6,0.476,1,CRITICAL
21.76,263.6,0.127,1,6.019,0.717,1,1,6.04,61.01,205.18,5.49,100.0,36.93,0.604,-0.05,0.05,224.7,387.3,1.002,0,HIGH
6.57,59.45,0.003,1,8.027,1.355,2,1,9.23,58.97,228.1,11.8,100.0,41.06,0.372,-5.24,0.056,33.2,135.7,3.33,0,LOW
16.17,344.4,0.071,4,0.204,1.171,2,3,3.61,144.02,438.33,25.95,100.0,78.9,0.938,-2.51,0.264,560.9,395.1,0.372,1,CRITICAL
15.14,80.61,-0.241,4,1.884,1.314,0,3,9.32,33.89,126.84,4.15,92.37,25.16,0.403,-3.33,0.249,384.6,781.5,1.474,0,LOW
32.74,164.79,-0.107,3,2.692,1.579,2,2,7.91,4.18,38.51,0.53,61.57,4.77,0.299,-2.37,0.055,76.4,1.3,1.579,0,LOW
24.19,41.3,-0.203,5,0.927,1.102,2,1,8.28,41.32,169.76,6.6,100.0,35.51,0.473,0.1,0.264,278.3,895.1,0.688,1,CRITICAL
24.68,217.18,0.315,3,2.545,3.965,2,2,8.86,52.44,216.24,10.05,100.0,38.92,0.489,-4.24,0.084,71.2,265.4,0.914,1,HIGH
13.66,135.16,-0.033,4,7.599,1.822,1,1,7.44,51.82,131.88,9.36,90.59,21.5,0.417,-5.99,0.159,155.1,424.1,1.763,0,LOW
44.57,127.14,-0.454,5,7.059,0.568,1,2,6.77,11.26,63.25,0.95,67.42,9.03,0.53,-1.24,0.313,75.7,133.6,0.589,1,CRITICAL
24.59,297.71,-0.253,4,9.837,2.017,2,2,10.0,99.43,342.3,18.89,100.0,73.55,0.791,-4.84,0.242,254.3,3000.3,0.263,1,CRITICAL
13.16,3.44,-1.0,3,2.317,0.856,2,1,8.8,85.58,186.05,17.41,100.0,43.76,0.578,-6.34,0.142,101.1,429.6,1.719,0,MODERATE
13.74,287.26,-0.173,4,1.85,0.986,1,1,9.02,16.98,113.59,1.57,87.58,19.94,0.291,-0.66,0.051,51.5,1623.9,1.81,0,LOW
26.57,205.72,0.013,3,3.836,1.269,2,2,7.32,52.08,115.46,9.78,85.12,17.69,0.555,-1.52,0.132,17.2,666.5,1.489,0,LOW
12.86,355.0,-0.048,4,1.887,0.612,1,3,7.74,101.54,219.14,11.7,100.0,39.44,0.755,-2.94,0.207,279.8,939.4,1.267,0,MODERATE
15.26,212.2,0.693,2,0.15,3.057,3,0,7.47,0.5,15.56,0.05,53.43,1.5,0.121,0.06,0.095,254.2,134.6,3.774,0,LOW
11.08,19.94,0.201,3,4.454,3.347,2,1,3.66,20.92,83.48,3.27,68.31,10.26,0.256,-6.61,0.246,60.6,465.1,4.396,0,LOW
32.59,18.23,0.186,2,1.155,1.717,2,1,4.46,41.52,133.85,6.53,85.86,20.69,0.644,-3.94,0.06,5.0,196.6,1.086,1,HIGH
13.05,317.94,-0.575,1,0.176,2.925,2,1,7.23,121.19,252.25,17.69,100.0,59.95,0.752,-2.93,0.148,41.0,765.7,1.162,1,HIGH
48.45,302.84,-0.128,3,0.073,1.695,1,3,3.37,104.28,317.47,21.51,100.0,69.66,0.955,-0.7,0.227,102.0,1679.7,0.421,1,CRITICAL
28.38,124.52,-0.17,5,9.376,0.773,1,1,7.26,10.64,61.02,1.21,67.59,8.7,0.354,-0.81,0.064,207.3,108.1,1.019,0,HIGH
11.06,222.49,-0.275,1,1.017,1.728,1,2,5.53,40.38,131.43,6.64,87.02,25.43,0.454,0.91,0.072,607.1,599.9,3.222,0,LOW
30.57,176.25,-0.28,2,2.079,2.384,1,2,7.33,23.62,80.83,3.24,74.07,13.61,0.483,-3.37,0.092,66.1,614.9,1.434,1,HIGH
44.61,348.18,-0.633,3,10.526,0.268,1,0,7.87,33.36,147.32,6.75,96.32,29.54,0.571,-3.4,0.181,68.0,193.9,0.456,1,CRITICAL
21.24,341.99,-0.447,4,2.206,2.783,2,2,3.41,50.56,196.18,4.99,100.0,41.38,0.518,-3.14,0.108,520.5,69.5,0.657,1,CRITICAL
47.37,354.18,0.306,2,0.287,3.145,0,2,8.22,44.97,111.49,4.12,85.46,17.15,0.686,-2.31,0.084,198.7,172.9,0.713,1,CRITICAL
28.67,311.92,-0.05,1,2.81,3.626,3,2,6.51,9.92,59.24,2.17,65.68,7.0,0.401,-5.84,0.065,329.2,82.6,1.826,0,LOW
15.73,327.44,-0.177,3,0.323,0.521,0,0,2.5,8.43,45.24,1.36,53.98,5.41,0.266,-1.42,0.073,119.2,967.5,3.39,0,LOW
62.77,78.22,-0.002,4,0.35,0.1,3,0,6.49,9.07,39.76,1.88,59.4,4.25,0.657,-1.47,0.283,511.2,790.1,0.474,1,CRITICAL
9.26,299.16,0.409,1,6.675,0.4,3,2,8.34,119.64,335.07,16.41,100.0,60.31,0.756,-5.13,0.07,167.3,651.8,1.609,0,MODERATE
18.4,255.19,0.001,2,1.196,3.889,1,1,6.61,1.31,76.74,0.22,71.45,9.87,0.32,-3.15,0.082,653.0,639.2,2.656,0,LOW
21.76,346.6,0.189,4,3.974,3.239,3,3,6.47,14.7,38.86,2.6,59.09,4.13,0.345,-0.82,0.254,143.3,229.7,1.488,0,LOW
57.2,205.65,-0.296,1,2.489,3.525,3,1,7.84,202.87,383.59,44.24,100.0,93.39,0.98,-3.78,0.098,463.1,1068.7,0.561,0,HIGH
33.0,30.66,-0.217,2,0.88,2.22,0,0,6.45,4.44,87.42,0.43,74.58,12.27,0.439,-0.93,0.079,16.0,748.0,1.348,0,MODERATE
30.07,215.06,0.124,3,2.553,2.26,3,2,6.91,2.4,51.71,0.23,63.99,5.96,0.382,-0.89,0.051,321.5,1064.0,1.685,0,LOW
14.32,247.17,0.662,5,0.25,1.324,0,1,4.58,31.85,108.6,4.88,78.0,15.25,0.328,-1.93,0.189,42.7,311.2,1.904,0,LOW
20.79,79.32,0.5,2,1.493,3.555,0,1,6.36,10.66,97.92,0.94,77.78,13.71,0.123,-1.37,0.056,636.8,150.2,2.156,0,LOW
15.94,141.88,0.204,3,2.59,3.502,2,0,11.64,54.22,168.91,9.86,100.0,30.4,0.526,-0.58,0.175,935.8,470.6,1.949,0,LOW
29.53,215.46,0.053,3,0.907,1.708,0,0,7.89,26.87,137.8,5.88,93.3,23.14,0.449,2.32,0.079,108.5,515.9,1.137,1,HIGH
40.89,134.68,0.49,5,3.778,1.45,0,0,8.09,15.24,87.01,2.95,77.41,12.12,0.505,2.23,0.244,231.6,551.4,0.601,1,CRITICAL
68.0,134.98,0.278,1,0.186,3.127,3,2,6.09,427.21,1044.93,50.08,100.0,95.0,0.98,-12.45,0.105,142.9,220.6,0.736,1,CRITICAL
17.0,47.91,-0.803,3,2.321,0.207,3,2,6.63,27.12,122.62,5.2,86.18,22.27,0.324,-7.02,0.051,265.8,326.2,2.236,0,LOW
9.09,338.67,-0.369,4,4.393,3.626,2,0,7.0,66.59,224.52,11.18,100.0,48.4,0.449,-1.21,0.108,122.5,53.2,1.441,1,HIGH
18.57,270.18,0.118,5,1.967,1.93,2,2,9.42,134.7,301.87,13.03,100.0,54.34,0.852,-3.84,0.242,478.8,412.5,0.559,1,CRITICAL
37.96,0.45,-0.625,4,7.266,1.91,3,3,10.14,166.14,331.19,26.45,100.0,79.55,0.98,-4.67,0.203,8.9,281.0,0.205,1,CRITICAL
13.28,275.62,-0.314,3,3.501,2.843,0,2,6.5,34.31,100.45,7.05,78.84,18.37,0.437,-0.93,0.099,378.6,94.9,3.161,0,LOW
22.2,266.33,-0.245,3,11.137,2.748,3,2,7.45,242.86,621.25,29.29,100.0,95.0,0.98,-6.67,0.146,5.0,305.5,0.598,1,CRITICAL
30.28,3.5,-0.09,3,1.17,1.19,1,0,6.98,83.81,187.78,14.44,100.0,33.8,0.665,-6.93,0.055,922.3,192.6,0.796,1,CRITICAL
17.21,133.06,-0.101,4,9.777,3.967,3,0,9.18,56.9,143.38,4.88,97.4,31.97,0.451,-5.19,0.071,11.6,478.3,1.099,0,MODERATE
25.18,218.43,-0.101,4,3.267,4.144,2,1,8.53,76.82,193.73,15.12,100.0,44.09,0.721,-5.44,0.053,443.7,741.3,0.464,1,CRITICAL
12.51,162.99,0.289,4,4.785,2.257,3,2,7.3,29.02,122.26,3.16,87.27,19.21,0.365,-0.11,0.115,336.7,237.0,2.024,0,LOW
42.4,280.08,-0.093,3,8.136,2.402,3,2,9.72,35.9,143.62,5.93,98.46,25.45,0.605,2.8,0.185,552.0,807.3,0.599,1,CRITICAL
19.38,153.16,-0.135,4,2.804,2.373,3,3,8.64,57.37,144.89,8.8,96.92,32.16,0.474,-3.52,0.235,38.5,86.0,0.954,0,HIGH
24.78,55.39,-0.472,5,6.936,2.092,2,2,5.8,25.72,67.54,4.03,67.06,11.24,0.48,4.79,0.059,122.7,454.5,1.143,1,HIGH
6.76,351.51,0.359,5,2.731,3.975,3,1,7.52,95.19,159.01,11.0,99.42,28.46,0.72,-7.84,0.11,25.2,252.4,3.231,0,MODERATE
11.45,87.13,-0.235,4,3.2,1.103,2,2,7.11,18.79,126.04,2.97,88.13,22.25,0.307,-2.85,0.211,95.3,212.4,2.105,0,LOW
37.28,258.37,-0.38,4,2.061,0.543,0,0,5.33,103.58,315.09,17.03,100.0,69.15,0.878,-2.81,0.121,263.2,116.6,0.206,1,CRITICAL
17.06,51.54,0.075,3,0.551,3.911,2,2,7.0,10.73,91.09,1.5,76.76,12.58,0.366,-7.79,0.07,980.9,124.8,2.68,0,LOW
12.9,118.44,-0.268,2,2.822,0.973,0,1,10.01,15.93,50.2,2.69,69.07,8.15,0.291,2.29,0.07,82.1,275.8,3.942,0,LOW
8.61,159.13,-0.184,1,13.272,3.172,3,0,9.91,90.92,275.35,9.71,100.0,60.47,0.705,-4.75,0.083,116.6,820.3,1.725,0,MODERATE
41.98,69.2,0.09,3,5.416,0.936,0,0,9.51,19.85,103.87,3.01,85.36,15.96,0.517,-1.51,0.057,146.7,360.8,0.875,1,HIGH
32.24,161.99,-0.114,2,4.817,4.037,3,3,9.21,103.13,308.88,18.6,100.0,67.97,0.977,-2.14,0.262,8.7,382.2,0.51,1,CRITICAL
31.11,56.58,0.809,3,3.608,3.344,1,2,7.96,99.57,281.34,13.1,100.0,50.64,0.824,-7.17,0.336,326.5,560.9,0.473,1,CRITICAL
50.75,201.24,-0.026,4,1.496,3.867,0,0,6.18,19.34,96.8,2.66,77.1,13.43,0.57,4.49,0.18,37.8,154.8,0.422,1,CRITICAL
18.41,238.94,0.216,3,0.651,3.999,3,0,8.74,4.93,84.66,0.51,77.82,11.86,0.313,-0.96,0.113,590.0,215.4,2.497,0,LOW
9.16,22.48,-0.68,1,0.89,0.446,0,1,3.88,11.83,93.87,1.97,72.02,13.59,0.229,-2.29,0.253,150.0,848.1,5.168,0,LOW
22.93,313.61,-0.301,1,0.05,1.877,2,0,6.02,90.77,270.68,8.83,100.0,59.61,0.757,-5.79,0.119,580.4,23.9,0.712,1,CRITICAL
55.86,66.65,-0.38,1,3.917,2.757,2,0,9.93,122.02,362.3,18.32,100.0,79.86,0.98,-3.13,0.178,371.5,324.2,0.55,1,CRITICAL
23.19,81.13,-0.334,2,5.847,3.39,1,2,6.42,31.39,102.72,3.44,79.42,18.45,0.392,-5.77,0.066,422.6,344.9,1.746,0,LOW
40.33,238.09,0.145,5,1.096,1.09,2,2,8.91,11.66,91.63,1.25,80.35,13.25,0.462,-1.09,0.067,132.0,361.4,0.594,1,CRITICAL
9.39,168.75,0.362,2,0.337,3.85,2,3,6.7,5.1,87.59,0.48,75.09,11.84,0.219,2.19,0.362,469.3,644.9,5.071,0,LOW
14.15,179.78,0.121,2,1.432,1.006,3,0,8.71,15.8,83.63,2.05,77.44,11.66,0.253,1.4,0.071,230.5,270.1,3.333,0,LOW
36.11,46.14,-0.079,1,1.209,3.651,0,3,4.11,253.27,468.53,51.02,100.0,84.34,0.98,-7.65,0.265,51.8,835.3,0.537,0,HIGH
24.5,290.06,-0.221,4,2.098,2.202,0,1,10.3,12.13,93.82,2.0,83.56,15.57,0.351,-2.14,0.069,624.0,186.4,1.047,0,HIGH
21.02,222.14,0.39,4,1.073,2.213,2,1,5.04,5.86,72.22,1.11,67.19,8.74,0.383,0.04,0.125,146.3,186.7,1.427,0,LOW
40.04,48.74,0.725,2,1.453,1.633,1,0,4.5,100.06,328.7,9.61,100.0,59.17,0.868,-0.25,0.099,638.7,1495.2,0.467,0,HIGH
35.85,134.64,0.047,5,8.334,0.524,1,3,10.18,62.11,137.68,7.69,97.38,24.13,0.715,1.39,0.336,240.1,176.5,0.519,1,CRITICAL
24.87,291.75,0.329,4,1.427,1.523,1,3,7.49,49.75,190.94,6.69,100.0,34.37,0.571,1.88,0.317,14.8,96.0,0.65,0,HIGH
3.87,204.61,0.12,2,5.388,1.85,2,3,6.83,38.61,129.03,7.74,88.58,20.57,0.338,-4.3,0.222,430.2,361.1,10.337,0,LOW
22.39,39.11,0.264,3,3.441,2.064,3,0,10.95,78.66,258.19,13.61,100.0,46.47,0.67,-0.89,0.107,7.2,1368.3,0.803,1,CRITICAL
28.2,134.2,-0.408,3,1.441,3.13,0,2,9.11,77.9,181.45,11.58,100.0,42.01,0.757,-6.22,0.366,29.2,679.8,0.664,1,CRITICAL
6.89,87.37,-0.171,2,5.959,1.543,1,2,6.51,35.91,118.99,4.38,84.8,22.47,0.273,-3.08,0.109,115.1,257.9,5.654,0,LOW
27.68,186.29,0.138,4,3.164,1.767,2,0,7.2,17.35,69.15,3.23,70.1,8.72,0.422,-4.48,0.096,279.3,317.2,1.052,1,HIGH
41.0,303.61,0.424,1,0.05,3.815,0,0,9.86,119.63,215.66,24.45,100.0,38.82,0.977,-6.48,0.054,156.3,2770.0,0.516,1,CRITICAL
22.37,157.06,-0.286,3,0.249,3.186,2,2,5.38,11.69,108.56,1.81,79.42,16.92,0.308,-0.83,0.119,141.9,571.0,1.861,0,LOW
12.01,156.0,-0.712,3,4.889,0.194,1,2,10.68,49.63,139.59,4.27,98.88,30.8,0.458,-3.92,0.281,156.4,47.9,2.634,0,LOW
4.27,325.93,-0.174,3,2.07,3.43,1,2,6.52,76.69,244.12,9.05,100.0,53.14,0.565,-2.02,0.24,38.0,423.5,4.163,0,MODERATE
27.98,207.43,0.354,5,1.82,4.159,1,1,5.58,66.2,206.71,12.21,100.0,37.21,0.586,-5.55,0.149,336.4,1281.4,0.533,1,CRITICAL
7.5,203.83,-0.554,2,0.552,3.953,1,1,9.89,62.69,207.05,8.42,100.0,44.79,0.556,-1.24,0.083,62.9,96.5,2.807,0,MODERATE
30.97,94.29,-0.412,1,0.599,3.527,3,2,9.12,70.6,185.53,11.84,100.0,41.87,0.751,-3.69,0.157,159.9,668.5,0.579,0,HIGH
54.44,218.78,0.055,4,5.594,2.68,3,2,3.59,135.51,400.16,20.79,100.0,72.03,0.98,-4.64,0.115,980.5,241.2,0.21,1,CRITICAL
14.54,207.33,-0.041,2,6.182,1.241,2,0,7.26,29.56,130.55,6.12,89.85,21.11,0.311,-5.04,0.115,735.9,69.6,2.651,0,LOW
19.66,142.87,0.208,1,2.873,2.783,2,2,5.07,64.18,198.16,7.89,100.0,35.67,0.655,0.06,0.187,409.7,820.0,1.199,0,MODERATE
56.08,356.65,-0.43,3,1.224,2.952,0,1,9.26,77.6,213.38,11.05,100.0,47.72,0.96,-2.4,0.072,608.0,459.2,0.451,1,CRITICAL
23.9,317.48,-0.114,2,9.445,1.254,2,1,11.28,58.01,155.67,5.17,100.0,34.98,0.604,-1.01,0.119,323.9,5.8,1.02,1,HIGH
17.16,269.85,0.418,3,3.423,1.147,2,0,8.68,151.65,412.21,29.22,100.0,74.2,0.962,-7.42,0.124,479.7,799.6,0.741,1,CRITICAL
37.95,193.44,-0.418,2,5.575,1.727,0,2,5.83,69.13,165.21,8.68,98.36,37.55,0.759,-0.89,0.258,79.9,345.3,0.481,1,CRITICAL
17.72,166.34,0.517,1,0.05,2.729,0,0,9.46,35.91,145.81,6.5,98.68,25.9,0.39,-1.82,0.052,169.8,440.3,1.838,0,LOW
13.96,66.56,-0.374,3,2.094,1.302,1,3,7.39,121.43,297.37,9.77,100.0,68.1,0.88,-4.87,0.252,94.8,372.9,0.893,0,HIGH
30.72,110.07,0.297,1,7.166,2.378,0,2,7.34,43.71,110.5,8.81,83.57,16.62,0.626,1.37,0.074,10.8,222.7,1.305,0,MODERATE
39.57,278.63,-0.131,5,1.445,3.787,2,3,6.43,49.1,89.77,10.61,75.31,18.06,0.654,-1.16,0.345,77.0,65.8,0.555,1,CRITICAL
13.9,163.35,-0.401,2,4.538,1.31,3,0,7.73,56.74,159.35,8.27,99.91,35.47,0.466,-1.2,0.079,82.9,571.1,1.927,0,LOW
25.0,317.62,-0.174,4,3.752,4.06,2,2,7.34,25.33,116.43,3.74,85.48,20.95,0.466,-6.62,0.076,323.2,518.3,0.921,1,HIGH
20.15,53.25,0.191,4,0.578,2.041,2,3,2.5,83.34,168.41,13.86,93.39,28.31,0.71,-0.16,0.29,117.5,882.3,1.003,1,HIGH
22.02,183.0,-0.002,2,5.219,0.514,1,0,7.56,6.71,59.62,1.45,67.68,7.26,0.251,-0.22,0.077,68.1,429.1,2.318,0,LOW
12.08,232.91,0.391,4,0.418,0.326,1,0,7.2,132.04,350.78,20.89,100.0,63.14,0.842,-0.75,0.091,5.0,20.4,0.553,1,CRITICAL
31.98,186.07,0.503,4,4.556,1.489,2,2,8.26,91.3,204.48,8.25,100.0,36.81,0.922,-4.51,0.053,143.1,239.0,0.402,1,CRITICAL
48.34,320.12,-0.414,2,16.475,1.161,1,1,3.09,28.37,139.2,4.51,85.1,24.72,0.628,-3.55,0.085,412.6,49.7,0.525,1,CRITICAL
13.71,356.24,-0.44,5,11.094,3.559,1,0,8.63,16.68,105.22,2.31,84.2,17.95,0.305,2.5,0.147,276.4,408.7,1.896,0,LOW
31.97,41.7,-0.457,1,5.637,3.124,2,3,7.56,31.91,123.96,5.95,88.28,23.53,0.543,0.56,0.264,638.0,102.3,1.008,1,HIGH
37.49,46.78,-0.315,2,2.676,3.727,1,2,8.59,106.28,301.0,13.02,100.0,66.93,0.903,-6.9,0.062,238.8,1292.8,0.476,1,CRITICAL
24.9,46.92,0.386,4,3.932,2.516,0,1,3.92,2.09,62.05,0.44,61.91,6.91,0.348,-1.2,0.187,13.7,76.0,1.234,0,MODERATE
31.24,245.22,0.196,2,4.558,1.885,0,0,4.78,41.01,99.25,7.87,75.37,13.47,0.574,0.54,0.083,160.2,805.3,1.397,0,LOW
14.69,134.16,-0.191,4,0.05,1.209,1,0,3.38,19.06,69.84,2.4,63.42,10.26,0.369,-1.14,0.218,152.4,422.3,2.046,0,LOW
46.91,263.99,-0.004,5,0.378,2.491,2,0,7.82,135.14,383.77,17.47,100.0,69.08,0.98,-5.28,0.198,530.1,166.0,0.184,1,CRITICAL
39.73,145.97,0.492,5,3.181,2.634,1,1,6.74,34.72,75.0,5.29,71.13,9.6,0.609,-3.57,0.063,299.4,705.3,0.668,0,HIGH
42.14,225.94,0.668,3,0.05,1.711,0,1,7.18,77.8,160.33,7.31,99.23,28.64,0.837,-2.6,0.242,86.5,1520.7,0.531,1,CRITICAL
10.82,277.15,0.091,5,8.386,3.94,1,0,4.44,28.79,82.57,5.09,69.41,10.32,0.26,0.78,0.056,338.3,70.1,2.753,0,LOW
29.14,197.36,-0.931,3,2.354,2.724,0,3,4.84,26.0,103.41,4.3,76.8,17.41,0.45,-4.21,0.243,498.5,823.0,1.381,0,LOW
15.34,194.22,0.104,2,1.043,3.534,3,1,2.5,25.63,86.48,3.19,67.17,10.46,0.371,-7.05,0.065,16.5,751.2,3.207,0,LOW
49.03,31.76,0.327,3,1.752,2.644,1,0,4.54,73.69,199.4,12.48,100.0,35.89,0.863,-3.69,0.06,357.9,642.6,0.422,1,CRITICAL
13.89,147.88,0.079,4,6.658,1.398,0,2,6.07,216.51,397.59,20.3,100.0,71.57,0.98,-4.4,0.06,443.8,142.0,0.426,1,CRITICAL
25.46,196.48,0.254,3,9.17,3.12,2,0,6.18,15.17,79.08,3.24,71.44,10.17,0.379,0.18,0.05,125.6,662.6,1.848,0,LOW
5.57,166.31,0.125,3,0.432,1.044,1,2,7.35,67.12,212.33,6.0,100.0,38.22,0.457,-5.08,0.176,846.0,37.0,4.916,0,MODERATE
25.39,324.28,-0.432,3,5.267,2.546,2,2,9.18,20.05,82.23,2.53,77.83,13.93,0.504,-0.93,0.074,499.8,50.1,1.713,0,LOW
10.9,326.35,-0.31,3,3.022,1.75,0,3,5.98,51.81,123.78,11.18,85.38,25.24,0.463,-3.83,0.201,85.5,164.9,3.39,0,LOW
29.94,295.89,-0.112,5,3.082,0.715,3,1,8.58,50.7,192.96,6.88,100.0,40.82,0.609,-0.38,0.07,139.9,133.8,0.424,1,CRITICAL
20.49,135.11,0.373,3,5.291,1.794,3,0,9.21,38.86,110.16,7.93,86.83,17.22,0.392,-2.31,0.055,668.7,290.6,1.994,0,LOW
18.02,258.23,-0.268,2,0.882,1.372,2,0,10.03,44.88,108.67,4.54,87.83,22.57,0.453,-0.0,0.054,500.2,375.2,2.063,0,LOW
49.68,142.3,0.16,4,2.65,0.56,2,0,8.58,137.94,418.7,12.32,100.0,75.37,0.98,-3.79,0.177,460.7,161.0,0.201,1,CRITICAL
65.08,83.73,0.106,2,1.346,3.478,1,2,7.66,6.03,32.16,0.57,59.08,3.42,0.649,-0.07,0.051,993.8,535.5,0.983,1,HIGH
8.91,123.44,0.555,4,0.347,2.144,3,2,5.12,115.29,330.5,24.91,100.0,59.49,0.732,-4.61,0.21,21.7,3.1,0.969,0,HIGH
18.36,25.55,-0.015,1,0.389,1.52,1,3,8.1,40.33,185.76,3.73,100.0,33.44,0.418,-3.78,0.218,18.1,117.0,1.408,0,LOW
34.69,119.44,-0.614,2,0.514,2.17,1,1,6.67,26.38,77.71,4.52,71.88,13.22,0.498,-2.44,0.294,159.9,196.0,1.26,1,HIGH
27.32,165.87,0.226,1,3.34,3.194,0,2,10.53,12.67,67.21,1.8,75.46,9.13,0.328,0.09,0.163,682.7,225.3,1.794,0,LOW
33.68,343.97,0.748,1,0.392,0.175,1,0,7.7,109.61,271.95,21.98,100.0,48.95,0.947,2.92,0.073,213.5,203.8,0.554,1,CRITICAL
21.34,112.83,0.249,4,2.955,2.342,2,3,7.15,58.28,225.11,7.06,100.0,40.52,0.602,0.78,0.228,759.5,5.5,0.67,1,CRITICAL
40.61,324.88,-0.276,3,3.106,2.065,1,0,10.62,84.72,256.66,7.12,100.0,56.36,0.873,0.91,0.075,47.3,1250.4,0.423,1,CRITICAL
24.85,82.39,-0.379,5,8.198,3.762,2,2,6.44,24.59,75.96,4.54,70.9,12.64,0.465,-1.95,0.07,374.2,648.9,1.107,1,HIGH
28.19,68.75,-0.334,3,3.446,2.379,1,1,7.49,32.45,80.66,5.27,74.3,14.68,0.527,-3.19,0.073,109.0,2.6,1.52,0,LOW
10.91,186.84,0.701,2,14.839,0.663,3,0,11.92,159.2,368.76,22.42,100.0,66.38,0.919,-9.89,0.123,316.6,194.5,1.238,0,MODERATE
23.47,242.1,-0.115,4,0.11,1.694,2,2,8.09,211.18,569.39,26.44,100.0,95.0,0.98,-6.92,0.135,156.6,262.9,0.272,1,CRITICAL
34.89,15.96,-0.232,4,4.263,2.646,2,3,9.98,87.52,275.83,18.02,100.0,60.15,0.86,-6.4,0.219,101.4,109.9,0.212,1,CRITICAL
26.5,79.58,-0.055,4,0.094,0.288,2,2,10.81,89.96,184.69,8.73,100.0,33.24,0.666,-1.08,0.201,541.4,1114.5,0.614,1,CRITICAL
58.46,164.05,-0.111,4,4.575,3.727,3,1,6.29,77.06,247.48,7.69,100.0,53.79,0.915,-3.23,0.167,138.3,588.3,0.223,1,CRITICAL
24.05,119.16,0.549,2,1.706,0.378,0,1,9.5,57.51,193.63,4.72,100.0,34.85,0.518,-5.65,0.104,72.6,896.2,1.016,1,HIGH
29.15,256.54,-0.355,4,3.307,0.225,0,0,6.77,58.76,206.74,5.3,100.0,44.26,0.649,-1.01,0.063,45.9,602.4,0.352,1,CRITICAL
24.78,184.02,0.413,3,1.296,0.108,2,2,11.99,215.72,332.99,43.15,100.0,59.94,0.98,-4.72,0.091,54.6,197.3,0.549,1,CRITICAL
21.74,57.73,0.043,3,0.607,2.903,2,0,10.68,90.35,212.66,17.27,100.0,38.28,0.727,-5.84,0.089,206.9,291.3,1.108,0,MODERATE
35.47,322.01,0.422,5,4.5,1.969,1,3,9.14,69.24,214.88,6.53,100.0,38.68,0.817,1.2,0.385,15.6,28.0,0.327,1,CRITICAL
20.9,105.45,0.554,3,8.225,0.522,1,2,9.8,13.62,111.03,2.58,88.17,17.62,0.408,-3.35,0.209,22.0,246.3,1.932,0,LOW
10.47,263.21,0.03,4,0.71,3.61,1,2,5.97,245.41,595.41,41.66,100.0,95.0,0.98,-4.62,0.053,168.2,727.5,0.556,0,HIGH
48.5,280.77,-0.11,3,8.871,0.931,1,2,11.28,47.75,147.99,6.41,100.0,32.37,0.75,-2.47,0.05,337.9,620.0,0.421,1,CRITICAL
15.62,346.74,0.023,1,0.529,1.438,3,2,5.51,187.02,512.77,17.17,100.0,92.3,0.98,-0.82,0.169,327.1,691.0,0.985,0,HIGH
8.61,179.46,-0.033,3,4.657,0.829,1,1,8.4,81.26,286.61,13.35,100.0,51.59,0.529,-0.52,0.06,643.4,142.0,2.123,0,MODERATE
31.1,221.7,-0.58,3,11.218,3.9,2,1,5.93,2.66,77.35,0.53,70.42,10.12,0.411,-4.0,0.068,197.6,46.8,1.492,0,LOW
51.77,120.56,0.543,3,0.558,3.208,2,0,9.39,50.33,92.68,6.99,81.56,13.61,0.757,2.34,0.284,68.9,277.4,0.711,1,CRITICAL
31.5,244.14,0.086,3,1.999,3.068,0,1,11.34,145.08,406.95,20.23,100.0,73.25,0.98,-7.27,0.086,451.3,294.7,0.469,1,CRITICAL
44.87,166.82,-0.407,4,1.441,0.28,0,0,8.49,3.46,42.26,0.68,63.81,5.27,0.552,-3.92,0.196,44.7,440.6,0.649,1,CRITICAL
12.96,157.55,-0.724,1,1.721,2.243,1,2,8.19,131.0,342.65,14.34,100.0,77.4,0.837,0.24,0.064,313.5,44.5,1.169,0,MODERATE
10.57,307.97,-0.815,2,4.896,2.459,2,0,7.25,61.77,178.16,6.43,100.0,39.48,0.486,-2.5,0.141,336.0,17.7,2.312,0,MODERATE
18.32,18.06,0.27,4,3.788,1.668,1,3,7.72,2.96,26.31,0.53,57.32,2.71,0.244,-0.48,0.279,60.2,618.8,1.818,0,LOW
39.03,317.51,-0.217,5,12.123,1.419,0,2,6.76,30.4,96.11,5.23,77.93,17.13,0.617,-0.75,0.156,15.8,460.7,0.574,1,CRITICAL
30.0,306.75,-0.159,3,0.718,3.593,1,3,11.09,1.99,46.11,0.41,69.72,6.03,0.399,-3.93,0.228,58.2,111.8,1.662,0,LOW
31.2,182.29,0.171,5,2.743,0.194,0,0,9.25,0.11,26.49,0.01,60.12,2.87,0.313,3.5,0.062,441.7,822.8,1.013,1,HIGH
24.04,176.47,-0.181,2,2.087,2.664,1,2,6.74,147.38,469.07,15.96,100.0,95.0,0.98,1.34,0.056,503.6,192.2,0.618,1,CRITICAL
18.53,130.25,0.191,2,8.79,1.716,1,3,7.63,89.74,317.35,12.57,100.0,57.12,0.715,-7.67,0.291,85.0,294.1,0.763,0,HIGH
24.65,357.9,0.033,4,0.05,2.83,0,0,13.91,22.21,117.62,2.97,97.68,20.68,0.457,-2.77,0.137,205.3,60.7,0.915,0,HIGH
20.49,40.02,-0.029,5,15.839,0.911,2,3,8.1,7.85,92.49,1.66,79.17,13.18,0.273,0.34,0.201,16.2,1620.0,1.338,0,MODERATE
17.79,212.48,-0.55,2,2.287,1.079,1,1,10.7,3.64,66.28,0.76,75.46,9.44,0.33,-1.55,0.123,60.4,581.4,2.739,0,LOW
27.72,245.41,-0.287,1,3.438,2.506,2,0,6.23,161.95,327.17,22.66,100.0,78.33,0.98,-5.8,0.063,234.2,123.6,0.621,1,CRITICAL
19.39,336.36,0.211,1,1.562,4.118,2,1,8.54,63.85,118.36,8.8,88.25,18.8,0.527,-1.07,0.053,74.2,1342.2,2.05,0,MODERATE
26.02,280.87,-0.239,2,6.699,4.096,3,0,6.13,11.38,50.21,1.62,62.1,6.98,0.389,0.22,0.108,14.6,216.6,1.986,0,LOW
6.02,231.78,0.422,4,2.889,1.121,0,3,6.32,74.36,222.43,13.56,100.0,40.04,0.544,1.54,0.22,616.7,249.3,2.775,0,MODERATE
24.85,42.05,0.821,3,3.805,0.52,1,0,9.25,442.26,1103.04,69.44,100.0,95.0,0.98,-14.38,0.112,74.1,81.1,0.548,1,CRITICAL
19.32,134.54,0.23,3,3.663,2.52,3,1,5.53,100.83,301.39,12.13,100.0,54.25,0.78,-5.74,0.151,419.7,250.3,0.708,1,CRITICAL
46.15,49.98,0.522,3,1.584,1.822,3,2,4.88,38.45,79.64,7.21,69.27,9.93,0.662,-3.85,0.258,153.7,1630.2,0.962,0,HIGH
8.35,317.24,0.252,5,0.277,3.223,0,2,9.01,109.39,256.63,22.59,100.0,46.19,0.637,2.6,0.083,342.5,255.4,1.809,0,MODERATE
23.84,269.86,-0.187,1,5.771,2.265,0,0,6.43,88.65,217.64,16.0,100.0,49.81,0.574,0.8,0.094,123.3,542.0,0.691,0,HIGH
35.12,272.71,0.07,4,1.197,2.193,3,2,6.88,6.03,80.74,0.65,73.23,10.64,0.514,-0.63,0.064,258.4,1728.3,0.767,0,HIGH
20.95,234.81,0.705,5,6.615,2.75,0,0,3.54,168.97,457.29,32.25,100.0,82.31,0.98,-4.79,0.152,299.3,438.8,0.275,1,CRITICAL
18.94,182.54,-0.183,2,3.283,0.618,3,2,4.71,140.08,330.65,30.6,100.0,76.33,0.957,-2.9,0.189,36.9,150.7,0.749,1,CRITICAL
35.05,53.99,-0.364,4,1.528,2.876,3,3,7.99,58.04,140.24,10.21,94.25,30.76,0.619,0.58,0.297,602.9,189.5,0.433,1,CRITICAL
29.61,118.69,-0.397,4,3.157,2.103,1,0,6.99,46.12,146.09,5.26,94.32,30.34,0.538,-2.76,0.097,121.9,121.5,0.578,1,CRITICAL
30.81,49.29,-0.076,1,3.63,3.463,3,0,9.5,16.8,85.24,1.36,79.38,12.18,0.539,-0.85,0.116,433.4,1320.6,1.461,0,LOW
17.81,260.97,-0.351,2,4.293,0.669,1,2,5.52,116.9,278.88,15.66,100.0,64.23,0.948,-4.38,0.07,225.1,1006.2,0.79,0,HIGH
16.53,57.68,0.586,4,6.048,1.333,2,0,7.13,36.75,122.87,5.36,87.16,19.28,0.323,-5.42,0.156,56.6,454.9,1.506,0,LOW
26.04,252.76,0.076,3,0.609,3.996,1,0,7.6,56.28,219.54,11.67,100.0,39.52,0.593,-6.8,0.137,122.9,37.1,0.829,1,CRITICAL
36.6,249.21,0.34,3,10.097,2.368,0,0,7.05,12.12,47.11,2.02,62.77,5.32,0.547,-3.17,0.257,25.0,705.8,1.387,0,LOW
9.63,165.35,-0.105,2,1.852,3.91,2,1,8.81,15.64,100.45,1.87,83.01,16.89,0.265,-2.44,0.117,88.7,765.5,4.465,0,LOW
21.37,48.68,-0.399,4,6.893,2.925,0,0,5.11,273.86,450.36,48.43,100.0,95.0,0.98,-5.59,0.161,65.0,624.6,0.293,1,CRITICAL
16.97,113.33,-0.458,2,0.872,3.898,3,1,8.63,44.28,194.95,4.11,100.0,40.4,0.449,-1.41,0.106,89.6,84.8,1.318,0,MODERATE
22.83,115.23,-0.318,3,0.103,1.403,1,1,10.01,109.94,325.79,12.08,100.0,71.84,0.858,-6.88,0.194,455.0,149.3,0.585,1,CRITICAL
33.37,252.14,0.122,3,2.981,0.471,0,2,5.69,115.07,322.5,21.2,100.0,58.05,0.98,-3.48,0.122,23.4,753.4,0.455,1,CRITICAL
13.73,40.95,0.182,4,1.374,3.389,1,3,8.38,259.39,455.38,31.54,100.0,81.97,0.98,-7.75,0.25,279.9,263.8,0.431,1,CRITICAL
31.4,298.46,0.211,1,14.576,3.398,3,1,8.29,264.48,656.75,22.31,100.0,95.0,0.98,-7.11,0.063,122.2,124.8,0.575,1,CRITICAL
18.16,273.96,-0.521,2,0.386,2.637,1,1,8.8,39.69,132.37,5.94,93.19,26.97,0.412,-1.79,0.18,185.1,462.4,1.824,0,LOW
39.66,67.07,-0.0,2,0.17,2.476,3,0,7.5,195.14,337.6,33.59,100.0,60.77,0.98,-1.9,0.182,67.0,405.2,0.468,1,CRITICAL
14.22,258.9,-0.359,1,0.161,3.851,0,2,10.62,29.57,105.04,5.63,87.73,20.14,0.358,-2.94,0.08,859.3,329.7,2.775,0,LOW
36.33,240.66,0.141,2,0.856,0.824,2,3,12.14,60.81,137.39,7.47,100.0,24.73,0.667,1.78,0.247,305.1,189.7,0.774,1,CRITICAL
10.3,269.32,0.168,4,3.03,2.628,3,2,8.88,112.08,211.3,15.63,100.0,38.03,0.688,-6.69,0.093,63.1,670.7,1.668,0,MODERATE
25.09,68.01,-0.41,4,2.465,0.304,0,0,8.19,159.31,451.83,25.16,100.0,95.0,0.98,-6.58,0.083,188.8,378.8,0.259,1,CRITICAL
31.75,56.73,0.339,4,1.508,0.678,1,3,7.53,48.23,194.26,4.36,100.0,34.97,0.559,-2.41,0.255,47.3,902.9,0.436,1,CRITICAL
14.45,85.13,0.819,3,0.325,1.893,3,2,4.61,35.17,88.23,3.79,71.53,11.36,0.414,-4.83,0.106,672.7,796.8,3.281,0,LOW
4.88,131.71,0.292,1,0.932,3.467,2,0,4.36,84.75,257.26,11.16,100.0,46.31,0.537,-6.19,0.056,178.3,1288.0,3.658,0,MODERATE
17.29,285.72,-0.057,5,0.712,3.106,2,2,4.96,39.56,104.55,4.64,77.39,14.56,0.445,-1.81,0.074,21.5,607.3,1.578,0,LOW
22.96,265.65,-0.111,2,4.792,4.094,3,0,8.08,72.42,225.2,10.52,100.0,49.23,0.654,-5.96,0.055,45.8,67.0,0.64,1,CRITICAL
18.91,333.16,-0.073,4,5.299,0.284,2,1,7.08,106.0,202.59,18.14,100.0,36.47,0.82,-5.72,0.154,192.9,204.7,0.876,0,HIGH
16.36,21.11,-0.266,5,5.252,1.664,3,1,10.86,119.58,249.51,18.6,100.0,59.26,0.788,-3.8,0.151,61.3,628.7,0.547,1,CRITICAL
35.33,4.16,0.088,4,12.163,0.751,2,0,2.5,19.07,103.1,3.59,72.49,13.45,0.559,2.68,0.077,347.7,65.2,0.721,0,HIGH
41.79,251.69,-0.398,2,7.547,0.252,2,2,7.59,55.08,156.18,9.24,98.64,34.34,0.622,-2.78,0.12,155.4,508.2,0.468,1,CRITICAL
40.5,100.54,-0.661,2,2.411,1.184,0,2,8.45,1.65,79.63,0.2,75.7,11.05,0.416,-0.91,0.095,232.7,179.2,1.089,1,HIGH
28.95,120.27,0.077,1,1.876,1.102,3,0,9.47,103.89,285.27,10.06,100.0,51.35,0.83,-6.15,0.063,269.6,121.1,0.603,1,CRITICAL
31.06,196.85,0.007,4,8.66,1.822,2,0,7.82,8.69,33.32,1.47,59.73,3.58,0.352,-3.99,0.139,828.1,354.3,1.025,1,HIGH
13.03,36.87,-0.2,4,3.307,0.674,1,1,8.3,133.46,219.75,14.64,100.0,55.57,0.761,-9.6,0.169,759.2,42.4,0.739,1,CRITICAL
21.8,231.37,-0.449,4,1.22,2.103,2,2,7.89,33.95,101.06,4.23,81.54,18.91,0.505,-4.34,0.083,132.0,532.7,1.132,0,MODERATE
24.01,117.05,0.101,1,2.909,3.872,1,0,8.47,11.9,55.1,2.28,67.87,6.73,0.393,0.47,0.107,633.2,235.3,2.191,0,LOW
26.55,227.78,-0.347,4,16.965,3.168,2,2,7.46,103.27,262.15,11.44,100.0,59.58,0.854,-4.7,0.066,1431.4,409.5,0.249,1,CRITICAL
26.3,300.24,-0.049,4,6.628,3.553,3,3,12.16,14.53,91.31,2.26,86.1,14.15,0.347,-1.11,0.205,593.3,41.1,0.985,1,HIGH
23.0,61.6,0.618,1,1.156,3.399,0,2,8.77,32.6,108.29,3.04,85.44,16.65,0.422,-1.29,0.074,14.6,259.7,1.799,0,LOW
28.77,335.11,0.228,2,10.698,1.697,3,0,7.93,54.39,143.93,7.52,95.34,24.7,0.585,-0.45,0.187,110.9,691.1,1.105,1,HIGH
25.67,191.05,-0.479,4,13.958,3.007,0,0,5.88,29.01,76.72,6.3,70.13,13.17,0.438,2.37,0.168,32.5,556.6,1.065,0,MODERATE
25.64,332.25,-0.446,3,0.92,3.192,2,0,6.75,12.82,48.9,2.74,62.79,7.07,0.409,0.06,0.072,322.5,347.8,1.965,0,LOW
15.03,74.78,0.053,1,7.908,0.943,2,0,10.82,33.87,108.5,7.2,89.2,17.42,0.365,-2.47,0.055,120.4,96.1,2.755,0,LOW
11.24,217.64,-0.481,1,7.516,3.627,1,2,2.5,10.13,94.9,1.65,69.87,13.15,0.198,0.59,0.191,58.5,400.9,4.258,0,LOW
26.62,145.4,-0.701,4,0.142,1.977,2,0,7.62,82.55,222.96,10.01,100.0,50.04,0.733,-2.09,0.128,65.0,508.3,0.319,1,CRITICAL
17.73,278.72,0.186,2,3.877,0.167,3,0,7.45,12.23,98.06,1.59,79.78,14.08,0.305,-7.04,0.057,131.7,368.9,2.519,0,LOW
15.44,218.13,0.112,2,1.275,2.738,1,1,8.6,42.8,165.54,4.66,100.0,29.8,0.463,-5.05,0.149,253.5,634.1,1.988,0,LOW
32.18,178.03,0.158,4,3.93,2.875,0,3,8.08,53.42,172.09,5.0,100.0,30.98,0.694,-2.83,0.259,319.9,212.0,0.487,1,CRITICAL
21.93,328.67,0.092,4,8.569,2.362,2,0,10.83,188.61,389.1,19.55,100.0,70.04,0.98,-6.44,0.062,6.2,226.0,0.287,1,CRITICAL
44.98,135.76,-0.023,4,2.417,0.971,2,2,7.72,5.3,30.19,0.77,58.55,3.18,0.533,-1.61,0.052,1112.8,1280.0,0.686,0,HIGH
30.39,79.19,-0.232,3,1.873,2.077,3,2,7.36,173.28,495.3,14.52,100.0,95.0,0.98,-10.73,0.197,11.6,1083.6,0.479,1,CRITICAL
14.48,218.92,0.181,3,8.908,1.741,0,2,9.59,15.18,62.26,3.21,72.19,8.09,0.343,0.6,0.077,1097.6,90.0,3.421,0,LOW
32.39,224.65,0.535,4,12.789,4.096,3,3,10.87,119.5,333.5,18.96,100.0,60.03,0.98,-3.72,0.263,87.7,126.7,0.22,1,CRITICAL
28.04,158.07,-0.175,5,0.225,3.481,2,0,9.01,6.17,79.81,0.64,76.76,11.77,0.317,1.72,0.063,623.9,377.2,0.968,1,HIGH
14.15,175.18,-0.357,2,8.967,3.224,1,1,9.73,291.41,841.99,40.3,100.0,95.0,0.98,-6.96,0.141,594.0,367.4,0.97,0,HIGH
16.51,345.44,-0.397,2,0.302,0.842,3,2,7.02,107.14,240.18,14.22,100.0,56.09,0.777,-2.84,0.054,185.3,36.8,0.844,1,CRITICAL
31.59,263.77,-0.303,1,1.44,1.457,1,3,7.78,4.23,43.37,0.83,62.87,5.41,0.316,-3.87,0.345,389.4,1104.1,1.714,1,HIGH
7.22,39.82,0.071,4,5.033,1.657,2,0,10.77,15.66,116.54,1.52,91.68,19.23,0.179,-4.53,0.117,305.9,669.1,3.52,0,LOW
5.41,76.37,-0.749,3,5.253,2.12,2,1,8.66,51.69,148.59,7.25,98.13,32.45,0.475,-1.9,0.058,483.1,717.2,5.789,0,LOW
24.86,351.21,0.154,1,4.529,0.224,1,0,6.97,48.19,153.21,8.65,96.57,26.63,0.606,-2.16,0.115,227.4,529.4,1.223,0,MODERATE
23.86,261.53,0.225,3,0.14,2.531,2,2,7.57,64.5,229.06,8.53,100.0,41.23,0.668,-6.59,0.093,114.9,82.0,0.888,0,HIGH
26.06,329.42,-0.629,2,0.499,1.567,2,3,9.78,40.48,149.48,5.26,100.0,31.76,0.484,0.34,0.226,151.3,203.7,1.006,0,HIGH
23.9,109.39,-0.343,2,9.633,2.403,0,1,9.98,86.12,167.6,10.99,100.0,40.5,0.703,-2.8,0.14,42.0,177.8,0.835,0,HIGH
28.57,267.07,0.028,5,0.297,0.137,2,0,5.65,27.85,113.61,5.2,81.52,16.67,0.389,-3.02,0.183,94.7,2003.7,0.864,1,HIGH
42.08,257.04,-0.05,4,0.286,1.418,3,0,8.3,12.61,43.06,1.22,63.72,4.94,0.485,-3.63,0.06,958.5,54.1,0.705,1,CRITICAL
22.73,106.09,0.182,1,6.32,3.252,2,2,7.48,2.23,39.57,0.45,61.13,4.35,0.302,0.65,0.076,157.0,364.2,2.454,0,LOW
9.13,198.29,-0.049,2,3.588,2.154,3,3,7.36,25.53,107.4,2.3,82.61,15.97,0.376,-3.45,0.214,350.0,665.1,4.79,0,LOW
6.63,225.87,0.443,1,1.517,3.334,1,2,10.43,36.18,142.03,4.51,99.22,25.36,0.32,-1.33,0.098,104.2,235.1,5.201,0,LOW
18.63,173.21,-0.112,4,0.634,2.966,2,2,6.98,69.94,217.61,9.41,100.0,47.56,0.582,-3.02,0.05,356.0,336.8,0.638,1,CRITICAL
18.9,297.78,-0.344,3,7.545,3.605,2,1,6.23,106.75,248.31,14.42,100.0,57.51,0.799,-4.66,0.145,181.4,81.6,0.682,1,CRITICAL
10.15,299.83,-0.372,5,15.64,0.131,0,3,5.71,17.84,80.38,1.9,70.99,12.41,0.313,-4.8,0.203,435.4,104.9,2.853,0,LOW
4.69,306.22,0.257,4,0.179,1.171,3,2,7.12,44.18,144.82,7.26,94.15,24.54,0.436,1.17,0.067,142.7,534.8,4.958,0,LOW
17.86,289.23,0.01,3,2.827,2.35,3,1,5.88,17.3,76.29,2.48,70.0,9.61,0.294,-4.06,0.202,934.0,579.4,2.714,0,LOW
51.63,175.71,0.222,4,1.06,3.958,3,2,5.6,196.26,511.23,31.29,100.0,92.02,0.98,-7.28,0.186,57.0,367.6,0.204,1,CRITICAL
27.95,137.32,0.215,4,6.251,2.887,2,1,5.54,67.78,138.18,11.26,89.19,22.19,0.669,0.79,0.127,197.2,1061.0,0.776,1,CRITICAL
26.66,299.3,-0.707,2,1.487,1.972,3,2,5.67,73.64,213.28,7.86,100.0,47.23,0.668,-2.93,0.151,50.3,209.6,0.573,1,CRITICAL
20.61,176.47,-0.399,3,4.389,0.634,2,3,5.83,49.25,147.92,10.28,92.82,30.62,0.48,-1.39,0.265,85.5,582.3,1.489,0,LOW
18.61,88.69,-0.357,3,2.714,2.122,2,0,8.38,21.52,120.91,4.22,88.77,21.9,0.344,2.15,0.09,205.1,581.2,2.026,0,LOW
29.46,182.64,-0.286,3,2.729,1.908,3,2,3.19,14.54,49.57,2.85,56.6,6.79,0.347,2.23,0.072,53.9,279.8,1.732,0,LOW
10.91,51.07,-0.147,2,6.832,3.292,1,2,5.96,69.48,181.9,10.73,100.0,41.08,0.504,-3.96,0.241,32.1,793.3,2.127,0,MODERATE
58.66,248.99,0.35,2,2.225,1.795,2,3,7.28,165.57,341.69,32.26,100.0,61.5,0.98,-1.63,0.383,526.3,335.6,0.518,1,CRITICAL
11.43,120.93,0.419,2,6.539,1.407,0,0,10.03,15.56,60.89,2.61,72.53,7.95,0.27,-5.52,0.23,127.4,442.6,4.431,0,LOW
30.87,93.84,-0.103,1,1.581,0.468,3,2,6.96,55.13,176.71,7.89,100.0,38.42,0.603,-6.7,0.245,348.1,20.2,0.58,1,CRITICAL
12.09,344.34,-0.088,5,0.672,0.291,1,0,7.16,48.98,176.21,9.08,100.0,31.72,0.414,-2.07,0.166,182.8,527.5,1.669,0,LOW
24.22,279.68,-0.247,4,2.127,1.9,1,0,7.31,66.71,126.35,10.94,88.58,28.15,0.628,-2.75,0.232,383.9,473.8,0.816,1,CRITICAL
32.63,283.35,0.031,4,2.415,1.522,0,1,3.49,57.6,119.01,4.62,79.36,17.0,0.525,-0.73,0.214,85.0,1067.9,0.729,0,HIGH
8.0,224.54,0.071,3,2.278,2.377,2,1,8.95,20.71,68.52,4.55,73.04,9.01,0.252,-0.26,0.075,29.2,68.3,6.15,0,LOW
12.92,302.1,0.282,4,5.782,3.019,1,3,8.86,76.43,221.53,10.71,100.0,39.87,0.595,-1.0,0.349,206.9,94.9,1.248,0,MODERATE
13.44,273.3,0.279,5,2.911,0.264,2,0,9.29,20.69,93.22,3.31,81.56,13.68,0.36,2.39,0.116,282.0,295.2,2.066,0,LOW
19.5,215.56,-0.806,3,7.676,2.134,1,0,13.01,68.8,224.88,9.41,100.0,48.73,0.63,2.33,0.109,832.9,191.9,0.896,0,HIGH
25.87,346.0,-0.053,4,2.527,3.634,2,0,4.64,23.18,87.7,2.18,71.42,11.27,0.486,0.53,0.061,415.4,67.8,1.086,1,HIGH
52.18,68.97,0.484,3,0.891,1.966,0,1,4.23,5.59,34.25,1.1,53.57,3.3,0.474,-1.37,0.203,581.1,74.8,1.051,1,HIGH
16.42,339.62,-0.153,5,0.485,2.237,1,0,9.05,8.84,74.04,1.55,74.99,11.06,0.328,-1.89,0.081,366.5,565.0,1.757,0,LOW
50.44,144.52,0.399,5,7.097,2.096,3,3,6.76,116.76,370.56,22.88,100.0,66.7,0.98,-3.57,0.219,1472.6,621.3,0.187,1,CRITICAL
27.43,190.22,-0.107,5,0.202,1.698,1,2,5.33,8.41,93.15,1.24,74.4,13.48,0.335,-2.8,0.191,377.9,1000.5,0.971,1,HIGH
11.19,44.19,0.061,1,0.438,0.551,0,2,6.88,26.08,136.53,4.98,91.07,22.38,0.325,0.59,0.052,296.6,167.2,3.354,0,LOW
20.66,194.44,-0.398,2,0.23,0.618,3,2,6.14,22.05,74.71,4.23,69.96,12.05,0.532,0.96,0.068,106.7,272.0,2.282,0,LOW
9.24,220.03,-0.385,1,1.929,0.834,0,2,11.29,3.87,32.84,0.49,65.84,4.36,0.201,-2.86,0.104,79.4,67.2,6.019,0,LOW
18.63,359.17,0.254,3,2.662,3.35,0,3,12.48,59.48,199.11,4.79,100.0,35.84,0.55,-2.8,0.376,91.6,59.5,1.434,0,LOW
17.91,351.07,0.309,3,0.07,1.229,1,3,3.9,104.22,186.4,20.88,100.0,33.55,0.807,-7.71,0.245,7.7,5.1,1.591,0,MODERATE
24.44,347.9,0.009,2,2.537,3.987,0,0,4.25,316.58,659.56,33.51,100.0,95.0,0.98,-7.76,0.065,74.7,83.5,0.61,1,CRITICAL
30.93,125.42,-0.43,4,1.752,3.422,0,3,5.83,178.71,537.54,36.03,100.0,95.0,0.98,-4.68,0.254,94.1,147.7,0.225,1,CRITICAL
21.56,356.86,0.015,2,5.2,2.907,3,1,5.98,3.29,22.77,0.55,53.05,2.17,0.359,-4.03,0.129,25.1,374.9,2.641,0,LOW
11.99,163.97,0.44,5,6.201,3.054,0,0,5.79,19.35,98.29,3.27,76.88,13.6,0.221,-2.91,0.215,5.0,437.0,2.345,0,LOW
44.88,306.66,0.61,2,4.043,0.295,0,2,7.07,34.53,73.48,3.96,71.24,9.42,0.634,-4.77,0.181,195.6,356.9,1.024,1,HIGH
53.94,77.88,-0.111,3,2.245,2.43,3,0,6.52,135.17,239.24,18.43,100.0,59.28,0.98,-7.84,0.17,55.9,14.8,0.439,1,CRITICAL
20.4,182.1,-0.581,4,0.852,3.958,1,1,4.52,29.02,106.09,3.59,77.09,18.2,0.367,1.92,0.104,74.1,331.0,1.246,0,MODERATE
26.78,347.76,0.294,4,6.573,0.26,0,2,5.24,54.91,165.37,5.86,97.35,28.98,0.523,-6.23,0.241,1108.3,270.0,0.684,1,CRITICAL
19.78,340.93,-0.097,1,1.463,1.293,2,0,10.9,70.04,239.82,12.71,100.0,43.17,0.602,-2.32,0.219,45.0,664.2,0.865,1,HIGH
24.55,246.14,0.33,4,1.542,0.311,0,0,6.71,22.99,100.64,2.15,79.29,14.36,0.43,0.78,0.165,14.3,1073.9,1.077,1,HIGH
25.26,287.21,0.098,3,8.67,2.436,1,3,6.6,56.69,171.19,8.6,100.0,30.81,0.638,1.22,0.326,488.2,490.3,1.121,1,HIGH
10.25,63.51,-0.309,5,12.996,0.576,2,1,4.16,3.39,65.16,0.53,63.33,7.83,0.16,-3.92,0.239,88.4,559.3,3.027,0,LOW
18.83,259.8,0.02,5,7.994,2.065,3,1,6.48,42.53,131.39,9.09,88.71,20.98,0.424,1.14,0.084,196.7,221.1,1.277,0,MODERATE
38.0,222.5,0.458,3,20.0,3.052,1,3,9.61,30.92,154.52,6.24,100.0,27.81,0.635,-1.42,0.447,502.0,403.1,0.667,0,HIGH
36.28,32.96,-0.052,5,7.112,0.774,2,3,8.81,28.58,87.39,4.25,78.82,12.4,0.51,-0.34,0.211,197.9,355.8,0.698,1,CRITICAL
18.64,40.74,-0.362,4,4.265,3.197,0,0,9.28,17.4,99.12,3.45,83.43,16.97,0.319,2.85,0.219,625.6,1623.2,1.386,0,LOW
25.52,39.04,-0.556,5,1.218,0.347,1,1,4.85,110.65,214.52,21.1,100.0,51.89,0.918,-1.89,0.071,305.2,593.2,0.369,1,CRITICAL
19.44,260.77,-0.27,5,10.698,0.713,1,3,4.82,138.87,314.1,11.65,100.0,73.2,0.868,-6.3,0.265,268.3,145.8,0.292,1,CRITICAL
31.56,51.02,-0.144,4,7.324,1.248,2,0,9.99,142.38,384.67,29.77,100.0,86.33,0.98,-9.19,0.118,395.6,982.2,0.223,1,CRITICAL
7.95,168.38,0.287,3,0.964,3.364,1,2,9.32,32.78,88.3,5.78,80.03,12.72,0.397,-0.26,0.27,69.2,345.8,5.785,0,LOW
29.5,128.51,-0.392,2,2.351,3.586,3,1,6.93,19.5,103.61,3.39,80.63,17.38,0.403,-0.57,0.075,52.8,77.7,1.352,0,LOW
46.45,198.18,0.544,5,0.254,1.004,3,2,9.38,6.73,47.12,1.21,66.96,5.68,0.479,-3.32,0.094,513.7,807.1,0.601,1,CRITICAL
14.93,254.33,-0.468,4,10.725,0.493,2,0,4.85,72.54,236.5,8.09,100.0,51.27,0.56,-2.19,0.062,645.1,337.0,0.742,1,CRITICAL
43.18,246.5,0.816,2,2.977,3.577,0,2,4.76,26.05,87.33,2.19,71.52,11.24,0.56,-5.11,0.113,49.0,37.1,1.023,0,HIGH
26.22,185.59,0.604,2,0.985,2.762,2,0,3.94,21.05,66.44,2.37,63.36,7.58,0.392,-0.72,0.09,212.1,223.1,1.945,0,LOW
21.53,167.16,0.049,4,1.211,0.747,2,0,8.3,30.18,123.65,5.77,89.5,19.92,0.43,-5.15,0.097,52.0,300.9,1.107,0,MODERATE
18.56,143.21,-0.577,3,13.809,2.387,0,0,7.98,52.59,195.07,8.6,100.0,41.42,0.574,0.77,0.056,8.6,145.9,1.232,0,MODERATE
43.97,310.29,-0.019,1,3.346,3.677,1,0,6.35,11.48,46.61,1.5,61.35,5.15,0.469,3.82,0.193,194.2,156.3,1.243,0,MODERATE
19.48,119.11,-0.135,1,1.911,0.385,0,3,5.78,211.44,407.35,24.06,100.0,95.0,0.98,-4.71,0.235,257.5,62.8,0.813,1,CRITICAL
50.08,93.37,-0.446,4,2.425,0.443,1,3,12.81,85.74,171.59,16.46,100.0,41.17,0.931,-1.95,0.281,177.3,557.9,0.202,1,CRITICAL
47.1,267.59,0.102,2,0.363,1.222,0,2,6.93,3.11,55.87,0.45,65.35,6.57,0.571,0.21,0.13,425.9,24.7,1.065,0,MODERATE
17.07,129.51,-0.288,3,0.273,2.774,3,2,10.55,23.82,102.23,3.95,86.71,18.81,0.341,-0.98,0.131,73.5,149.4,2.361,0,LOW
20.3,304.92,-0.25,4,3.144,0.83,0,0,7.18,3.35,17.04,0.27,53.37,2.04,0.234,-4.01,0.071,708.7,106.9,1.66,0,LOW
6.38,118.04,-0.071,4,2.511,3.447,0,0,6.4,16.95,58.05,2.38,65.09,6.8,0.135,1.99,0.059,231.9,267.9,4.976,0,LOW
21.93,252.7,-0.201,2,1.557,3.177,3,1,10.62,21.95,77.69,1.8,78.97,13.68,0.347,-0.51,0.056,212.9,693.5,2.031,0,LOW
23.46,16.24,0.727,1,2.922,2.4,2,2,9.24,82.28,195.82,15.65,100.0,35.25,0.656,-1.45,0.117,168.7,159.8,0.967,0,HIGH
40.12,138.8,-0.188,3,0.264,0.576,2,0,7.45,82.45,176.81,9.47,100.0,41.72,0.774,-0.33,0.058,67.8,928.7,0.424,1,CRITICAL
48.42,123.56,0.154,4,10.088,4.152,1,3,9.99,3.02,50.07,0.31,69.01,6.22,0.506,1.15,0.241,93.2,908.3,0.571,1,CRITICAL
33.13,294.0,0.051,1,1.217,2.109,2,2,13.04,57.66,137.1,12.09,100.0,24.68,0.64,0.73,0.217,225.3,235.7,0.867,1,HIGH
38.41,348.14,0.123,3,0.261,1.953,0,3,5.89,210.72,595.84,17.39,100.0,95.0,0.98,-4.28,0.206,379.2,795.2,0.429,1,CRITICAL
20.29,165.92,0.15,5,0.65,4.182,1,1,8.54,64.34,239.94,6.93,100.0,43.19,0.595,-4.63,0.134,42.5,160.2,0.71,0,HIGH
10.66,296.94,0.308,5,0.351,3.642,2,2,6.6,210.12,489.09,23.88,100.0,88.04,0.98,-4.36,0.095,207.0,134.7,0.504,1,CRITICAL
26.19,251.89,0.093,3,0.689,1.971,2,0,5.44,31.13,136.73,6.08,88.55,21.79,0.457,-1.89,0.207,8.6,916.1,1.381,0,LOW
39.76,348.26,0.079,1,1.887,1.817,1,2,5.38,40.03,111.53,7.18,80.38,16.14,0.574,-4.19,0.159,56.7,504.5,0.975,1,HIGH
3.26,292.0,0.02,2,4.689,0.493,2,3,11.0,44.47,157.53,9.58,100.0,28.36,0.379,1.54,0.21,455.8,125.9,10.168,0,LOW
24.07,27.89,-0.048,2,1.113,3.899,2,0,3.49,167.46,335.36,29.69,100.0,60.36,0.98,-4.92,0.078,90.5,11.7,0.617,1,CRITICAL
7.01,256.78,-0.319,2,2.004,3.559,2,0,8.62,31.1,87.8,3.52,78.61,16.16,0.369,-1.25,0.131,93.1,623.0,6.304,0,LOW
14.22,192.78,-0.021,3,9.246,1.371,0,0,5.68,266.47,448.84,27.54,100.0,80.79,0.98,-8.35,0.065,212.0,168.0,0.878,0,HIGH
24.6,5.92,0.084,3,1.228,3.189,3,3,11.4,50.92,108.72,9.46,90.31,17.67,0.588,-2.35,0.329,129.9,46.2,1.6,0,LOW
48.84,90.47,0.141,1,5.542,3.227,1,0,6.9,15.99,42.22,3.3,60.93,4.63,0.589,0.81,0.072,515.4,153.1,1.146,1,HIGH
22.76,331.83,0.063,5,0.601,1.034,2,2,6.7,7.12,39.63,1.48,59.74,4.26,0.269,3.77,0.192,169.4,255.7,1.396,0,LOW
31.99,333.38,-0.082,4,0.687,2.616,1,0,10.95,12.34,84.31,2.32,81.7,12.4,0.478,-5.1,0.075,542.6,110.8,0.814,1,CRITICAL
26.05,287.59,-0.02,3,2.132,1.146,3,3,9.43,2.6,28.83,0.5,61.2,3.18,0.417,-1.2,0.22,5.0,27.9,2.051,0,LOW
14.73,353.44,-0.194,5,0.933,3.339,3,1,8.72,76.61,263.1,13.23,100.0,56.55,0.563,-10.56,0.277,462.8,182.5,0.701,1,CRITICAL
28.84,290.36,0.11,4,8.167,0.731,1,0,9.27,47.29,146.83,8.65,98.68,26.08,0.534,-3.22,0.131,8.2,313.3,0.662,1,CRITICAL
10.48,3.67,-0.077,5,0.182,2.843,2,2,5.12,87.04,168.62,8.38,98.17,29.8,0.622,-2.65,0.112,570.3,713.3,2.018,0,MODERATE
22.58,103.62,0.063,2,3.183,1.437,0,2,9.13,99.09,217.19,12.49,100.0,39.09,0.819,-2.77,0.054,848.1,686.4,0.956,1,HIGH
43.53,11.02,0.35,2,3.244,0.248,0,1,7.06,174.13,508.02,25.1,100.0,91.44,0.98,-0.59,0.076,608.8,78.8,0.461,1,CRITICAL
24.98,33.88,-0.248,3,0.239,0.607,3,2,8.29,8.09,55.56,1.4,67.71,7.74,0.322,-1.93,0.061,620.3,285.0,1.976,0,LOW
26.06,78.78,0.209,3,4.616,2.785,0,0,8.57,13.38,65.04,1.85,71.23,8.34,0.382,2.44,0.064,225.7,905.5,1.856,1,HIGH
18.62,181.28,0.012,2,2.215,1.084,0,3,5.06,51.65,133.37,6.84,86.78,20.83,0.49,-1.62,0.224,821.3,23.5,2.069,0,LOW
8.34,305.11,0.707,4,4.494,2.687,2,0,8.81,9.02,72.11,1.43,73.93,9.6,0.191,-2.66,0.062,36.0,298.8,3.613,0,LOW
19.84,310.31,-0.076,1,6.139,1.801,3,0,7.09,6.32,61.4,0.86,67.41,7.45,0.264,-0.85,0.234,33.3,313.9,2.638,0,LOW
35.32,221.83,0.243,4,1.365,2.94,0,0,4.77,71.35,150.4,6.43,91.72,24.83,0.671,-2.3,0.057,90.4,796.0,0.519,1,CRITICAL
27.85,334.14,0.005,3,2.319,2.121,0,0,7.18,83.85,252.58,18.09,100.0,45.46,0.785,-2.38,0.207,221.3,309.4,0.584,1,CRITICAL
10.87,180.02,-0.486,4,1.057,1.365,0,1,7.54,120.51,299.09,25.27,100.0,68.3,0.795,-5.35,0.102,51.5,48.0,0.537,1,CRITICAL
6.76,320.05,-0.182,3,0.788,0.698,0,1,8.81,160.81,464.54,13.74,100.0,95.0,0.98,-6.19,0.064,590.0,526.9,1.788,0,MODERATE
14.63,163.46,0.308,5,0.05,1.499,0,1,2.5,37.98,158.32,5.85,90.16,25.69,0.448,0.88,0.11,84.5,378.0,1.549,0,LOW
19.96,99.8,-0.151,2,11.599,2.703,3,0,8.35,253.87,626.98,45.64,100.0,95.0,0.98,-3.64,0.208,689.3,283.2,0.717,1,CRITICAL
20.77,329.91,-0.777,5,2.035,3.136,0,0,6.37,2.51,47.21,0.42,61.58,5.53,0.222,-3.32,0.227,94.4,152.4,1.509,0,LOW
20.92,139.66,-0.011,1,0.05,0.757,2,2,9.28,132.68,409.46,17.18,100.0,73.7,0.98,-4.19,0.085,41.8,35.9,0.766,1,CRITICAL
22.64,181.23,-0.382,4,0.05,2.824,3,2,7.5,25.21,96.55,4.85,79.39,16.82,0.322,-0.75,0.139,380.4,1126.0,1.131,1,HIGH
28.35,118.39,0.046,3,1.191,0.835,2,1,6.77,165.58,453.99,27.5,100.0,81.72,0.98,-2.48,0.055,14.7,830.0,0.5,1,CRITICAL
17.9,238.62,0.543,4,0.05,1.009,0,1,7.11,16.37,97.46,1.86,78.99,13.86,0.309,-1.06,0.105,422.2,1264.7,1.534,0,LOW
12.77,358.21,0.269,4,1.642,2.278,2,0,8.23,87.81,243.34,14.54,100.0,43.8,0.609,-0.07,0.071,763.3,1271.0,1.137,0,MODERATE
30.1,9.18,0.538,4,0.228,1.286,3,2,9.5,36.02,132.65,4.27,94.54,22.57,0.478,-2.12,0.078,73.6,85.8,0.688,1,CRITICAL
35.77,323.95,-0.197,1,0.14,2.813,1,3,5.54,31.23,80.43,5.1,70.71,13.98,0.481,2.04,0.25,470.3,174.5,1.223,0,MODERATE
16.29,1.41,-0.05,4,3.874,4.019,1,0,6.74,3.98,36.39,0.74,58.78,3.85,0.214,5.1,0.246,701.1,292.2,2.017,0,LOW
58.87,131.12,-0.366,2,8.307,0.71,1,2,10.73,79.55,267.99,9.73,100.0,57.78,0.966,-2.61,0.189,109.4,234.7,0.52,1,CRITICAL
47.47,60.7,-0.239,1,1.843,2.439,2,1,6.71,12.53,56.22,1.5,65.06,8.09,0.558,-0.51,0.089,422.8,1495.9,1.06,0,MODERATE
11.37,272.64,-0.324,2,6.344,3.886,1,0,8.31,40.41,104.42,7.34,83.37,20.52,0.367,-4.36,0.102,29.4,157.1,3.534,0,LOW
7.11,18.22,-0.457,3,0.104,0.824,2,2,4.78,9.9,55.37,1.5,61.33,7.3,0.18,-1.83,0.216,562.3,58.1,7.256,0,LOW
20.45,199.25,0.478,4,5.263,1.604,2,1,3.73,60.29,166.65,5.99,95.04,28.51,0.513,-1.96,0.057,175.2,281.1,0.977,1,HIGH
26.15,106.17,-0.732,2,0.227,0.607,1,2,5.21,17.08,94.87,2.67,74.74,14.81,0.403,0.2,0.17,79.7,319.9,1.664,0,LOW
58.42,48.12,0.48,1,6.38,2.732,2,2,5.98,58.65,176.25,10.14,100.0,31.73,0.863,-2.88,0.065,209.2,236.5,0.573,1,CRITICAL
57.39,277.85,0.436,4,7.491,2.843,0,3,9.79,190.47,386.62,28.34,100.0,69.59,0.98,-3.14,0.226,83.3,697.9,0.219,1,CRITICAL
32.04,78.27,0.175,5,5.396,2.823,2,1,10.03,164.92,446.93,27.61,100.0,80.45,0.98,-5.44,0.07,447.4,306.5,0.204,1,CRITICAL
18.11,80.52,-0.39,4,6.016,2.323,2,1,3.26,14.54,61.23,1.91,60.47,8.41,0.272,1.03,0.114,108.7,164.2,1.697,1,HIGH
41.03,99.03,-0.554,4,2.885,3.16,2,1,6.31,6.79,58.65,1.38,65.12,7.69,0.461,-0.3,0.071,21.3,299.8,0.685,1,CRITICAL
24.16,211.24,-0.192,3,1.077,0.247,0,0,9.04,2.83,34.86,0.32,62.42,4.26,0.333,-0.33,0.099,10.0,1034.3,2.178,0,LOW
9.86,237.48,0.219,4,3.607,4.026,2,2,7.27,114.61,233.05,13.68,100.0,41.95,0.708,-4.64,0.052,84.3,890.1,1.585,0,MODERATE
10.11,6.34,0.001,5,2.027,1.011,2,2,10.81,18.64,101.78,3.51,87.03,15.94,0.243,-1.78,0.08,212.7,479.2,2.66,0,LOW
18.18,87.07,-0.365,3,0.05,0.598,2,0,8.98,21.71,95.62,1.91,81.77,16.68,0.293,-2.57,0.149,282.2,473.6,2.32,0,LOW
37.49,155.15,0.402,3,2.267,3.959,1,3,6.91,16.67,42.23,3.64,60.96,4.63,0.425,0.64,0.246,197.6,415.1,1.376,0,LOW
11.98,119.51,0.59,5,3.686,3.505,0,2,7.11,119.15,368.96,20.02,100.0,66.41,0.764,-6.97,0.189,335.8,117.1,0.59,1,CRITICAL
18.16,318.3,-0.079,5,0.05,3.236,1,2,7.38,250.81,437.87,48.42,100.0,78.82,0.98,-7.98,0.099,320.0,430.3,0.31,1,CRITICAL
47.26,283.58,0.038,1,3.399,0.529,1,3,5.64,91.47,201.3,14.8,100.0,36.23,0.975,-0.01,0.367,239.0,412.7,0.513,1,CRITICAL
27.83,225.32,-0.528,3,3.7,3.411,1,1,9.57,112.77,300.99,21.44,100.0,67.71,0.888,-2.99,0.09,320.7,378.6,0.506,1,CRITICAL
54.08,121.7,-0.145,4,0.602,2.597,2,0,9.13,62.98,241.47,8.87,100.0,51.02,0.911,0.6,0.086,554.2,736.2,0.209,1,CRITICAL
29.6,252.24,0.179,3,1.974,3.101,1,2,8.5,48.91,98.45,7.86,81.8,14.5,0.645,-0.1,0.074,11.5,20.9,1.411,0,LOW
38.2,303.71,0.124,3,11.667,4.11,1,3,8.03,83.11,196.99,14.35,100.0,35.46,0.822,-0.53,0.25,500.9,274.9,0.483,1,CRITICAL
18.38,214.14,-0.178,4,7.545,0.897,2,0,5.26,2.37,24.34,0.49,52.26,2.57,0.159,-0.2,0.192,123.2,24.8,1.831,0,LOW
48.94,282.41,-0.096,2,1.852,2.168,2,0,8.61,4.12,71.9,0.35,73.51,9.51,0.532,-2.93,0.15,102.1,714.9,0.918,1,HIGH
32.55,269.68,-0.157,2,1.507,3.189,2,0,7.78,75.56,191.26,7.2,100.0,43.49,0.795,-2.52,0.065,556.8,119.4,0.507,0,HIGH
21.15,205.83,-0.097,5,0.464,1.878,3,1,11.9,26.52,117.14,4.69,93.92,19.8,0.433,-4.85,0.258,261.4,204.8,1.132,0,MODERATE
44.13,112.39,0.148,4,0.125,0.324,2,3,4.65,43.62,149.96,5.59,91.37,24.66,0.689,-2.49,0.247,16.9,178.8,0.346,1,CRITICAL
31.79,268.48,-0.689,5,1.236,0.557,0,0,5.91,99.01,320.52,17.32,100.0,69.57,0.837,-4.54,0.07,59.2,1244.6,0.205,1,CRITICAL
22.34,74.45,-0.026,4,9.864,2.569,2,2,4.01,55.95,165.3,6.26,95.11,28.3,0.5,-6.97,0.274,767.5,186.3,0.882,0,HIGH
30.07,280.62,0.122,4,11.147,1.269,1,3,7.02,106.35,317.59,17.86,100.0,57.17,0.904,-2.26,0.246,148.9,23.9,0.229,1,CRITICAL
13.49,289.64,-0.2,4,5.859,0.665,1,2,3.67,35.31,148.92,5.19,89.26,28.16,0.375,-1.09,0.065,89.2,17.2,1.588,0,LOW
41.11,295.97,-0.168,2,1.512,1.494,3,0,10.11,22.03,47.96,2.14,68.54,8.56,0.555,1.51,0.189,61.7,109.7,1.162,1,HIGH
57.9,170.25,-0.158,4,0.543,0.924,2,2,9.9,17.4,84.01,3.66,79.71,14.14,0.621,-4.61,0.106,227.8,42.2,0.316,1,CRITICAL
8.09,69.29,-0.168,3,3.168,0.198,2,3,7.15,9.18,68.2,1.75,69.69,9.66,0.311,1.32,0.218,965.0,710.7,6.072,0,LOW
16.18,35.9,0.002,4,3.64,0.722,3,0,5.27,2.44,29.58,0.46,53.95,2.87,0.254,-7.05,0.141,40.4,505.0,2.072,0,LOW
15.39,267.61,0.045,2,1.934,3.721,0,0,4.15,3.55,39.33,0.63,55.05,3.9,0.222,-1.64,0.371,76.6,672.6,3.612,0,LOW
33.64,319.05,-0.735,2,4.118,0.149,0,3,5.95,20.55,118.82,1.71,83.74,20.37,0.415,3.33,0.207,191.6,342.1,1.06,1,HIGH
25.41,234.3,0.229,2,4.806,3.273,1,2,8.88,21.21,104.13,3.2,84.3,15.8,0.339,-1.7,0.096,67.9,288.7,1.635,0,LOW
17.64,51.9,-0.101,4,5.348,3.189,0,2,5.77,31.26,77.09,5.79,70.05,13.47,0.428,-3.66,0.108,2105.9,202.2,1.594,0,LOW
19.22,336.56,0.677,5,2.442,2.413,0,3,11.7,58.21,184.7,6.42,100.0,33.25,0.516,-2.57,0.287,147.4,755.6,0.967,0,HIGH
16.71,356.08,-0.417,5,5.49,0.955,3,2,10.78,92.57,286.79,15.38,100.0,62.73,0.674,-0.93,0.071,162.6,0.8,0.45,0,HIGH
31.42,156.02,-0.304,2,0.09,3.7,3,1,7.5,14.32,69.36,3.01,70.7,10.54,0.396,-2.19,0.066,69.3,326.1,1.491,0,LOW
25.19,214.14,-0.071,2,3.992,2.048,2,1,6.48,92.56,310.83,17.16,100.0,55.95,0.71,-2.07,0.158,444.9,210.6,0.597,1,CRITICAL
18.69,279.8,0.145,1,0.94,0.81,2,0,6.25,9.73,49.17,1.52,61.98,5.49,0.284,-0.44,0.139,175.2,75.3,2.935,0,LOW
16.89,265.1,-0.683,3,1.104,1.859,0,1,11.02,291.36,740.8,35.95,100.0,95.0,0.98,-5.65,0.073,292.7,559.8,0.752,0,HIGH
44.54,348.4,-0.29,4,0.335,0.899,2,1,6.06,21.81,58.55,3.69,64.63,9.43,0.515,0.95,0.055,53.6,140.5,0.596,1,CRITICAL
40.56,41.36,0.207,5,0.748,1.642,0,0,9.56,118.04,263.01,21.25,100.0,47.34,0.98,1.39,0.179,38.8,243.3,0.186,1,CRITICAL
31.62,209.06,-0.332,2,16.903,2.136,1,3,7.55,13.73,108.88,2.33,83.43,18.0,0.36,-1.26,0.292,230.4,154.0,1.215,0,MODERATE
38.31,249.1,0.48,2,1.879,1.576,1,0,9.07,195.56,317.33,36.33,100.0,57.12,0.98,-4.3,0.219,54.9,423.2,0.473,1,CRITICAL
9.93,320.44,-0.159,2,9.197,2.794,2,2,5.7,113.9,314.24,13.56,100.0,70.23,0.767,-6.45,0.056,202.7,4.9,1.354,0,MODERATE
11.91,314.68,-0.315,3,0.622,3.937,0,2,6.77,28.95,116.15,4.37,84.35,21.11,0.339,0.58,0.103,1998.9,479.8,3.333,0,LOW
11.1,352.08,0.214,4,0.799,1.527,0,2,7.45,35.57,160.48,5.58,99.76,28.82,0.285,1.49,0.064,163.2,239.8,1.879,0,LOW
22.73,184.35,0.563,4,2.856,1.559,2,2,6.11,0.25,27.64,0.02,54.84,2.73,0.144,0.52,0.14,7.1,563.7,1.459,0,LOW
38.98,299.07,0.146,4,1.505,3.127,2,1,10.25,18.82,106.79,1.97,87.62,16.84,0.534,-5.04,0.073,281.7,821.6,0.56,1,CRITICAL
17.79,153.82,0.441,3,3.614,2.275,1,3,5.82,22.2,84.22,2.73,72.42,10.98,0.388,-2.66,0.224,83.9,324.9,2.656,0,LOW
41.81,152.03,0.587,2,1.919,1.858,0,1,6.23,39.18,126.4,3.4,86.66,19.72,0.652,-1.86,0.15,791.0,915.4,0.787,0,HIGH
16.16,91.21,-0.323,2,5.842,3.437,3,2,10.49,9.73,66.18,1.1,75.06,10.11,0.267,-3.54,0.189,74.6,64.4,2.996,0,LOW
21.0,294.57,0.328,1,1.977,3.753,0,3,10.06,42.35,100.69,6.48,85.33,15.47,0.467,3.32,0.393,755.4,15.8,2.036,0,LOW
17.67,354.89,-0.533,4,2.973,2.521,2,0,10.99,71.76,203.06,11.18,100.0,45.16,0.595,-1.61,0.057,5.2,975.0,0.742,1,CRITICAL
20.1,92.28,0.149,4,1.355,0.859,0,3,3.3,30.16,149.15,3.47,88.67,23.8,0.441,0.53,0.331,1073.6,56.4,1.115,0,MODERATE
21.35,20.21,-0.025,4,4.261,2.012,2,2,7.94,17.17,93.98,3.65,79.37,13.43,0.35,0.82,0.335,89.4,89.9,1.276,0,MODERATE
6.96,293.6,0.435,1,3.722,2.168,2,2,7.7,51.57,159.97,7.5,100.0,28.8,0.432,-1.95,0.054,426.0,58.2,4.54,0,LOW
27.41,223.28,0.41,4,1.77,1.872,3,1,6.26,1.91,27.01,0.32,54.92,2.67,0.395,-4.24,0.244,175.8,84.6,1.198,1,HIGH
21.07,345.49,0.199,1,1.131,1.176,1,3,8.21,27.09,121.26,2.28,88.59,19.34,0.356,0.23,0.446,129.6,1032.1,1.847,0,LOW
48.88,90.81,0.104,1,3.333,2.037,0,0,6.79,48.74,104.45,6.62,80.65,15.16,0.726,2.85,0.067,887.6,847.5,0.761,0,HIGH
30.79,25.57,0.178,3,10.036,1.931,3,1,7.86,26.6,108.25,4.15,83.78,16.33,0.436,-2.68,0.08,796.4,138.9,1.293,0,MODERATE
26.77,177.28,0.022,3,0.498,0.959,1,2,14.98,27.55,65.33,3.41,82.88,9.75,0.432,-3.17,0.078,259.4,548.8,1.71,0,LOW
47.36,30.77,-0.021,4,5.618,3.804,3,2,8.2,122.58,256.15,12.75,100.0,46.11,0.98,-1.55,0.289,784.4,698.8,0.199,1,CRITICAL
44.86,94.24,0.505,4,2.741,3.73,2,0,8.29,176.67,285.04,19.11,100.0,51.31,0.98,-2.42,0.051,435.2,75.7,0.199,1,CRITICAL
50.03,45.35,0.547,2,2.61,3.214,2,0,9.31,114.19,184.68,16.59,100.0,33.24,0.98,-0.62,0.115,126.4,116.5,0.467,1,CRITICAL
16.75,80.69,-0.05,2,11.417,1.744,3,2,7.9,6.77,59.12,0.61,68.13,7.25,0.203,-1.69,0.119,633.7,292.4,3.068,0,LOW
10.93,38.21,0.083,2,3.259,1.618,2,1,5.08,22.24,88.06,2.51,72.33,11.46,0.321,-2.0,0.134,124.4,455.5,4.404,0,LOW
6.99,343.41,0.029,1,6.213,3.038,2,0,3.88,80.75,166.1,14.59,95.13,28.44,0.526,-9.39,0.07,818.2,245.7,4.655,0,MODERATE
38.03,100.28,-0.564,2,2.529,2.593,2,0,7.44,238.22,473.42,26.22,100.0,95.0,0.98,-5.84,0.101,203.1,687.0,0.474,1,CRITICAL
6.22,159.8,-0.118,4,1.006,2.562,2,2,6.91,18.03,58.68,1.74,66.21,9.16,0.242,-2.97,0.093,375.8,2086.4,4.944,0,LOW
25.39,323.5,0.56,2,4.15,0.609,2,2,3.18,148.52,297.38,13.62,100.0,53.53,0.98,-9.69,0.092,283.8,900.5,0.594,1,CRITICAL
8.56,243.84,-0.262,4,8.982,2.635,2,3,11.08,87.31,220.94,19.07,100.0,50.25,0.591,1.79,0.233,370.3,858.4,1.449,1,HIGH
40.97,222.49,0.74,3,6.441,3.798,2,0,7.74,266.59,566.5,24.57,100.0,95.0,0.98,-5.93,0.28,55.8,101.3,0.422,1,CRITICAL
29.49,254.0,0.41,2,0.774,0.452,2,3,10.67,6.39,79.56,0.9,79.66,11.41,0.311,-5.79,0.284,616.1,1056.7,1.53,0,LOW
40.85,298.38,0.141,3,1.334,1.491,2,3,2.59,32.64,136.94,4.95,83.48,20.58,0.582,-0.91,0.314,483.8,2118.1,0.81,1,CRITICAL
25.69,315.96,0.196,4,2.546,2.187,0,1,10.71,42.27,189.4,9.09,100.0,34.09,0.468,2.61,0.081,279.1,375.4,0.626,1,CRITICAL
12.74,231.35,-0.321,3,2.967,2.913,0,0,6.43,72.47,254.08,14.84,100.0,54.43,0.557,0.36,0.05,66.7,642.4,1.224,1,HIGH
17.41,320.4,-0.093,1,0.754,0.468,0,3,10.27,68.98,160.11,7.81,100.0,28.82,0.591,-0.16,0.443,238.3,411.5,1.723,0,MODERATE
36.04,192.74,0.504,5,0.915,3.679,1,0,7.97,153.93,425.94,14.14,100.0,76.67,0.98,-7.36,0.217,160.4,2174.6,0.193,1,CRITICAL
8.05,99.82,-0.215,1,4.978,0.266,3,2,8.5,118.58,303.69,16.76,100.0,68.89,0.736,-4.93,0.099,5.1,417.6,1.843,0,MODERATE
16.59,316.83,0.371,5,4.587,3.617,2,1,8.5,3.7,40.48,0.35,63.25,4.61,0.265,-3.45,0.089,718.5,289.2,1.923,0,LOW
15.24,194.93,-0.482,1,6.397,0.213,3,2,6.56,43.33,129.49,8.75,88.25,25.77,0.418,-2.02,0.097,410.5,76.2,2.269,0,LOW
21.52,326.21,-0.419,4,9.457,0.729,0,1,6.08,33.97,111.72,6.07,81.69,20.5,0.421,0.06,0.075,638.1,836.0,1.116,0,MODERATE
31.34,14.46,0.665,3,1.29,3.381,2,1,6.71,380.81,966.83,80.78,100.0,95.0,0.98,-7.72,0.126,258.8,101.8,0.471,1,CRITICAL
40.3,143.11,-0.004,3,6.871,3.627,1,3,4.26,36.23,158.83,5.79,93.5,26.73,0.629,-4.19,0.491,113.1,509.8,0.648,0,HIGH
9.51,341.21,-0.188,1,3.838,4.127,0,3,6.44,74.6,230.67,9.77,100.0,50.47,0.547,-3.15,0.206,162.1,126.4,1.568,0,MODERATE
13.28,89.87,0.477,2,11.076,0.574,3,1,5.97,21.75,77.28,3.27,70.47,9.8,0.291,0.97,0.175,495.0,539.5,3.723,0,LOW
10.23,338.95,0.436,4,1.111,2.258,0,1,4.21,61.98,208.42,6.35,100.0,37.51,0.44,-1.16,0.055,62.3,21.2,1.7,0,MODERATE
22.0,343.4,0.322,5,1.1,0.416,1,2,8.51,15.05,69.04,2.18,72.41,9.0,0.468,-0.5,0.207,46.0,86.7,1.331,0,MODERATE
11.04,317.57,-0.199,3,4.264,0.741,1,2,7.52,60.15,147.87,13.22,95.85,32.73,0.338,-4.6,0.063,29.6,572.0,2.791,0,MODERATE
27.29,202.92,-0.1,3,9.229,0.815,2,1,8.04,131.72,360.47,23.27,100.0,80.69,0.939,-3.43,0.105,29.3,402.2,0.513,0,HIGH
43.2,232.9,0.109,1,6.092,0.36,2,2,9.03,1.26,66.68,0.11,72.6,8.71,0.428,-4.06,0.107,186.7,365.4,1.115,0,MODERATE
7.16,313.06,0.243,4,4.544,3.761,1,0,6.98,45.65,106.52,8.29,81.65,15.65,0.432,-4.18,0.13,373.2,44.3,3.821,0,LOW
13.56,279.32,-0.178,2,1.715,0.618,0,2,5.43,262.48,690.34,24.7,100.0,95.0,0.98,-10.15,0.124,619.0,890.2,1.009,0,HIGH
50.31,226.83,0.06,1,4.428,2.68,0,2,8.17,11.28,89.65,1.52,78.39,12.65,0.568,2.9,0.147,235.0,452.8,0.812,1,CRITICAL
25.01,353.61,0.094,4,5.652,2.666,0,0,2.5,13.17,51.85,2.5,56.09,5.24,0.344,2.96,0.201,192.0,388.1,1.272,0,MODERATE
16.76,246.84,0.45,3,4.898,0.914,3,1,7.26,41.37,175.96,4.05,100.0,31.67,0.533,-4.54,0.053,137.1,1451.8,1.793,0,LOW
68.0,351.17,0.264,1,3.953,4.193,3,1,9.18,133.11,362.17,16.1,100.0,65.19,0.98,-5.8,0.157,100.1,360.6,0.736,1,CRITICAL
19.18,20.66,-0.527,1,0.169,1.524,3,2,9.8,53.77,115.99,5.77,89.76,25.19,0.49,-3.07,0.054,9.6,741.5,1.778,0,LOW
30.68,50.03,-0.075,4,3.773,3.811,3,2,6.34,46.2,201.96,9.32,100.0,36.35,0.612,0.92,0.176,367.5,108.8,0.441,1,CRITICAL
13.92,162.53,-0.325,1,2.277,3.988,3,1,2.57,5.9,60.27,0.59,58.91,7.1,0.229,0.2,0.176,20.6,179.9,3.888,0,LOW
12.46,138.56,0.199,5,11.406,3.991,3,0,2.5,212.54,621.55,32.95,100.0,95.0,0.98,-2.0,0.067,397.4,485.9,0.435,1,CRITICAL
31.66,281.78,0.323,2,3.271,3.187,3,2,8.9,27.71,80.72,3.29,76.86,11.17,0.559,2.46,0.069,350.3,447.4,1.433,1,HIGH
52.71,57.82,0.036,1,3.28,1.141,3,1,6.72,18.86,105.17,2.85,80.75,15.29,0.631,-0.37,0.057,1226.7,40.7,0.679,1,CRITICAL
17.19,351.39,-0.094,4,17.938,0.595,2,2,11.94,34.49,138.99,3.57,100.0,25.02,0.398,-1.14,0.072,5.7,25.2,1.264,0,MODERATE
11.89,113.42,0.024,3,0.344,2.437,1,2,4.4,34.76,137.4,6.47,86.88,21.49,0.337,1.51,0.105,77.9,108.1,3.294,0,LOW
37.69,154.41,0.073,2,1.132,1.576,2,2,8.25,39.88,127.4,6.78,90.62,20.78,0.645,0.7,0.089,24.0,343.5,0.871,1,HIGH
17.29,98.91,-0.224,3,3.736,3.507,2,2,11.16,75.82,194.09,6.53,100.0,44.03,0.69,-0.03,0.07,756.3,667.7,1.24,0,MODERATE
27.5,208.57,-0.427,1,1.325,3.154,2,3,7.95,131.6,260.99,27.99,100.0,62.77,0.963,-2.64,0.278,202.0,221.6,0.624,0,HIGH
16.89,21.11,-0.718,4,1.487,1.234,2,3,4.0,3.84,40.45,0.79,55.14,4.48,0.277,1.33,0.259,872.6,130.5,1.94,0,LOW
18.56,53.88,0.444,3,7.811,0.17,2,0,13.6,43.87,130.48,5.34,100.0,23.49,0.493,-2.83,0.061,47.3,402.3,1.903,0,LOW
13.23,268.49,0.174,4,3.031,1.073,0,2,10.98,34.74,130.28,4.2,96.45,22.62,0.424,-3.31,0.081,112.1,46.9,1.766,0,LOW
32.11,67.14,0.127,4,0.38,2.425,1,1,7.0,0.71,24.94,0.11,55.58,2.5,0.322,-2.06,0.276,285.2,84.7,1.013,0,HIGH
27.94,84.79,0.443,4,1.303,0.424,3,0,9.3,110.21,311.46,18.37,100.0,56.06,0.897,2.28,0.14,90.2,271.3,0.24,1,CRITICAL
27.41,285.47,-0.439,4,0.277,2.799,2,2,9.33,7.16,43.44,0.86,65.68,5.99,0.467,-3.95,0.291,713.7,1530.7,1.119,0,MODERATE
14.8,33.59,-0.607,4,2.843,2.854,1,1,8.91,7.92,79.91,1.52,76.61,11.97,0.263,1.0,0.099,161.7,177.8,1.936,0,LOW
26.63,157.49,0.134,3,0.666,0.795,3,2,4.46,3.22,50.68,0.29,59.25,5.41,0.352,3.69,0.052,266.4,856.9,1.952,0,LOW
56.48,8.3,0.103,3,6.81,2.545,1,0,8.21,14.54,86.47,1.97,77.45,12.05,0.643,-0.5,0.176,121.0,1687.1,0.682,1,CRITICAL
11.94,124.85,-0.606,1,3.014,2.589,1,1,10.71,12.65,83.85,2.0,81.12,13.76,0.286,-2.25,0.058,65.6,778.0,3.836,0,LOW
13.99,251.63,0.126,4,0.214,2.06,1,0,8.61,27.79,86.35,5.33,78.13,12.14,0.293,-0.37,0.279,448.1,262.4,2.043,0,LOW
14.45,32.44,-0.14,4,1.253,4.008,3,2,8.37,69.98,222.59,14.14,100.0,48.46,0.668,-3.83,0.079,440.9,750.1,0.853,0,HIGH
23.83,319.8,-0.282,2,3.353,0.543,2,3,6.32,3.63,80.61,0.41,72.17,10.91,0.314,-3.55,0.286,473.1,20.6,1.988,0,LOW
11.39,327.42,-0.117,5,1.431,1.767,2,2,5.51,127.93,412.55,14.55,100.0,89.61,0.858,-0.39,0.2,112.2,898.3,0.474,1,CRITICAL
29.51,37.8,-0.855,3,2.519,3.72,3,2,4.04,25.7,123.82,3.38,81.9,21.34,0.469,1.49,0.099,539.2,302.6,1.235,1,HIGH
6.63,356.66,-0.207,3,8.403,1.684,3,0,9.17,60.64,166.41,8.48,100.0,37.23,0.503,-3.21,0.095,107.6,269.2,4.212,0,MODERATE
34.2,107.11,-0.247,1,1.508,1.841,2,1,7.01,0.79,53.71,0.16,64.81,6.36,0.352,-2.44,0.066,125.5,593.6,1.543,0,LOW
27.14,30.28,0.195,3,1.432,2.84,3,1,4.55,29.6,88.14,2.4,71.39,11.33,0.4,-1.25,0.154,99.6,1203.9,1.693,0,LOW
55.8,1.82,-0.055,4,5.997,2.829,2,0,9.65,0.13,56.51,0.02,70.45,7.17,0.541,-1.44,0.083,157.7,132.1,0.463,1,CRITICAL
12.29,147.07,0.224,1,1.343,0.194,2,2,6.21,11.76,101.4,1.3,78.62,14.35,0.281,-3.48,0.129,7.5,247.9,3.714,0,LOW
38.49,226.73,-0.892,3,0.284,1.968,1,0,5.61,38.61,127.79,7.86,86.0,24.41,0.584,-5.78,0.073,80.8,473.3,0.784,1,CRITICAL
21.11,119.58,-0.294,5,0.699,1.467,1,2,6.41,49.78,158.83,6.19,97.36,33.81,0.484,-5.84,0.157,82.5,419.7,0.859,1,HIGH
18.81,301.22,0.195,4,10.402,2.674,0,1,7.08,10.79,106.5,1.67,81.82,15.68,0.322,-4.42,0.145,534.9,120.4,1.406,0,LOW
11.92,257.98,-0.108,3,9.476,2.378,3,3,8.51,88.88,263.59,11.2,100.0,58.11,0.593,-5.58,0.201,331.7,8.1,1.118,0,MODERATE
17.03,126.06,0.296,3,0.891,2.769,0,0,5.57,13.62,49.59,1.9,60.9,5.44,0.353,-0.94,0.059,85.4,80.1,3.079,0,LOW
17.48,264.35,-0.632,1,2.822,2.78,1,0,9.72,8.0,69.05,1.23,74.6,10.23,0.264,-3.37,0.057,126.1,18.2,2.811,0,LOW
8.6,338.58,0.256,5,0.517,1.145,1,3,8.57,26.36,70.8,4.87,73.07,9.31,0.325,-3.67,0.203,920.5,28.1,3.5,0,LOW
26.99,33.51,-0.224,5,3.93,1.111,2,0,6.37,52.11,105.61,5.05,80.26,21.51,0.518,-5.38,0.055,254.3,126.9,0.85,0,HIGH
25.09,110.2,-0.258,4,0.717,1.618,1,2,7.15,292.56,429.77,37.83,100.0,95.0,0.98,-10.14,0.081,336.5,579.2,0.259,1,CRITICAL
30.62,166.8,0.347,1,0.179,1.092,3,1,6.57,35.26,104.5,5.98,80.27,15.1,0.545,-5.06,0.166,991.6,133.5,1.375,1,HIGH
15.75,179.28,0.407,2,6.098,2.9,3,2,7.64,36.08,122.23,5.86,87.87,19.33,0.437,-2.12,0.111,301.7,114.8,2.537,0,LOW
34.89,195.19,0.362,2,1.378,2.572,3,2,10.84,3.98,24.94,0.75,62.5,2.81,0.335,1.33,0.059,143.0,455.6,1.569,0,LOW
44.41,108.23,0.714,3,0.402,0.987,2,2,6.55,94.36,315.72,19.29,100.0,56.83,0.89,0.67,0.054,135.2,372.7,0.418,1,CRITICAL
19.63,240.21,0.443,2,6.283,3.725,3,0,7.92,13.04,85.54,1.22,76.62,11.8,0.332,-1.33,0.059,33.3,319.4,2.374,0,LOW
12.44,232.23,-0.278,4,5.03,1.989,1,2,5.96,88.77,267.42,15.97,100.0,58.79,0.589,-0.32,0.087,29.8,467.2,0.675,1,CRITICAL
23.15,208.02,0.05,3,4.029,0.621,2,1,8.67,156.96,260.42,18.8,100.0,46.88,0.98,-6.3,0.079,132.9,198.8,0.751,1,CRITICAL
22.56,40.95,-0.126,1,8.477,0.973,1,1,8.11,95.03,330.12,14.01,100.0,70.83,0.793,-1.68,0.149,152.2,6.7,0.721,1,CRITICAL
20.21,171.71,0.71,4,2.351,2.313,3,1,10.43,66.85,222.62,11.22,100.0,40.07,0.566,-4.72,0.129,299.6,253.0,0.73,1,CRITICAL
30.65,128.24,0.387,2,0.48,1.488,0,3,5.68,60.2,182.62,6.09,100.0,32.87,0.665,-1.32,0.367,172.9,205.6,0.763,1,CRITICAL
18.28,176.77,-0.066,4,0.222,3.59,2,2,9.02,39.29,95.41,5.05,81.77,14.04,0.401,-4.04,0.287,363.1,665.0,1.488,0,LOW
11.84,331.87,0.307,3,1.342,2.128,2,1,10.28,10.15,39.76,2.2,66.23,4.74,0.275,-3.25,0.05,29.6,42.6,4.442,0,LOW
24.33,172.99,-0.431,2,0.318,3.853,2,2,6.54,98.08,309.88,9.72,100.0,67.55,0.729,-3.29,0.071,106.2,683.6,0.613,1,CRITICAL
31.45,5.03,0.088,1,2.684,0.517,0,1,7.22,42.17,118.3,3.87,85.85,18.28,0.592,2.0,0.056,655.3,558.6,1.206,1,HIGH
32.84,157.98,-0.328,5,0.051,2.841,2,3,7.92,63.87,207.72,12.59,100.0,45.05,0.79,-0.34,0.229,12.5,183.0,0.295,1,CRITICAL
17.6,295.43,-0.591,4,2.053,3.732,2,0,6.98,30.45,141.97,4.27,92.99,27.42,0.366,-3.63,0.123,300.0,444.4,1.194,0,MODERATE
26.24,280.82,0.275,3,0.688,1.301,0,1,7.89,14.56,58.84,2.54,68.03,7.21,0.35,-4.13,0.075,226.2,336.5,1.889,0,LOW
45.06,184.82,0.318,1,1.608,0.656,2,1,8.98,106.76,302.28,13.11,100.0,54.41,0.98,-5.38,0.067,17.4,107.7,0.511,1,CRITICAL
44.85,89.92,0.16,4,3.934,1.972,3,2,7.25,27.25,143.7,2.94,94.03,24.32,0.598,-0.14,0.089,39.5,1054.5,0.333,1,CRITICAL
39.08,167.43,-0.064,2,1.513,4.041,3,0,7.23,130.98,398.58,14.37,100.0,71.74,0.98,-3.27,0.051,94.8,94.7,0.47,1,CRITICAL
8.23,202.93,-0.443,5,1.461,2.697,1,0,8.09,219.27,563.23,23.55,100.0,95.0,0.98,-3.95,0.34,30.1,66.9,0.647,1,CRITICAL
18.38,359.95,-0.406,5,16.391,2.74,0,2,6.62,115.17,235.22,13.2,100.0,56.16,0.834,-4.79,0.323,129.3,237.3,0.528,1,CRITICAL
43.31,231.9,-0.339,4,4.441,2.853,1,0,6.73,8.91,40.86,0.99,60.19,5.5,0.459,-0.54,0.062,310.7,611.4,0.68,0,HIGH
8.2,249.94,-0.082,5,2.524,0.263,2,0,5.52,125.52,286.12,24.34,100.0,51.5,0.76,-3.03,0.067,370.0,112.6,1.603,0,MODERATE
21.55,176.92,0.377,1,3.031,1.927,3,2,7.41,47.62,165.15,7.37,100.0,29.73,0.554,1.01,0.117,128.0,906.7,1.306,1,HIGH
15.6,127.62,0.371,2,3.388,0.418,3,3,8.49,17.96,115.79,2.18,87.33,18.2,0.265,2.39,0.23,598.9,387.9,2.622,0,LOW
26.55,292.66,-0.577,2,0.087,1.395,3,2,6.91,6.36,77.28,0.82,72.16,10.8,0.276,0.93,0.051,581.1,94.9,1.774,0,LOW
5.11,178.18,-0.243,1,0.293,3.469,2,1,5.8,21.22,115.27,4.54,82.32,19.63,0.208,1.54,0.054,43.4,352.1,8.093,0,LOW
41.14,358.09,-0.252,5,3.666,2.791,2,0,7.29,9.61,58.17,1.02,66.73,8.14,0.52,-1.44,0.139,313.7,119.1,0.665,1,CRITICAL
22.14,164.56,-0.886,1,1.587,4.182,0,2,8.37,1.69,59.08,0.34,68.98,7.54,0.272,-2.98,0.069,87.2,101.7,2.343,0,LOW
11.35,24.48,0.198,5,0.2,0.806,1,0,7.78,286.22,762.3,52.42,100.0,95.0,0.98,-7.0,0.112,252.3,74.9,0.475,1,CRITICAL
14.32,245.73,-0.086,4,1.236,1.728,3,1,12.41,115.77,234.96,19.2,100.0,42.29,0.79,-3.85,0.076,132.1,399.4,1.041,0,HIGH
27.05,16.79,-0.04,3,0.489,3.42,2,0,6.06,87.3,195.65,14.61,100.0,35.22,0.777,-3.44,0.11,235.2,4.5,0.901,1,HIGH
13.66,90.18,0.471,1,8.682,0.984,2,2,7.17,13.94,56.35,1.94,65.94,6.69,0.356,-1.5,0.597,276.9,1375.2,3.919,0,LOW
51.82,127.35,0.031,1,0.794,0.73,0,1,9.21,1.83,33.53,0.26,62.32,3.76,0.541,-1.66,0.144,45.8,12.3,1.11,0,MODERATE
20.71,266.21,-0.151,2,0.543,1.853,1,3,5.97,43.16,113.59,8.26,82.1,21.96,0.579,-3.21,0.234,195.7,1197.9,1.828,0,LOW
46.89,177.92,0.2,3,3.444,1.673,2,0,11.74,87.98,220.51,17.03,100.0,39.69,0.952,-3.29,0.319,50.2,181.5,0.419,0,HIGH
24.35,10.31,0.371,3,2.583,4.119,3,2,7.51,214.01,435.08,34.23,100.0,78.31,0.98,-3.48,0.053,55.7,379.8,0.557,1,CRITICAL
32.11,222.07,0.104,3,3.003,1.971,0,1,8.73,120.72,257.05,22.65,100.0,46.27,0.98,-5.78,0.065,382.6,312.1,0.464,0,HIGH
31.08,148.12,0.241,4,2.004,3.63,0,1,7.54,145.58,252.39,28.16,100.0,45.43,0.98,-0.75,0.105,686.3,165.5,0.288,1,CRITICAL
16.76,331.86,-0.051,3,2.203,3.741,2,2,9.74,17.72,121.84,2.24,91.52,20.07,0.381,1.15,0.078,163.0,168.2,2.324,0,LOW
32.32,179.84,-0.029,2,5.28,0.747,1,2,5.16,10.97,90.84,1.84,73.36,12.0,0.45,-1.2,0.152,395.3,65.2,1.393,0,LOW
17.62,255.23,0.04,4,0.869,3.033,0,1,10.96,18.51,98.74,2.61,86.32,15.34,0.339,-7.53,0.053,240.1,185.1,1.503,1,HIGH
7.69,78.79,-0.264,2,1.768,1.238,0,0,8.01,9.7,87.27,0.91,77.34,13.31,0.186,-6.84,0.076,586.4,452.2,6.03,0,LOW
19.68,273.95,-0.199,2,11.081,0.488,2,3,8.95,104.12,190.34,17.78,100.0,46.76,0.785,-3.0,0.355,747.6,403.2,0.847,0,HIGH
10.34,259.54,0.482,4,0.737,3.686,2,1,5.88,151.68,393.72,24.61,100.0,70.87,0.867,-2.54,0.091,506.3,867.6,0.563,1,CRITICAL
17.27,325.47,0.703,5,1.217,1.299,3,3,8.24,23.87,123.93,2.25,89.49,19.96,0.349,2.75,0.218,718.8,114.0,1.425,1,HIGH
21.73,12.18,0.557,5,0.744,1.516,2,2,5.37,136.17,244.62,12.24,100.0,44.03,0.896,-4.94,0.108,80.5,79.3,0.632,1,CRITICAL
12.68,161.1,-0.463,1,0.072,1.428,2,2,10.09,3.68,31.13,0.42,63.12,3.98,0.243,-2.56,0.086,95.6,734.4,4.431,0,LOW
29.88,244.5,-0.497,3,1.101,0.921,0,0,4.66,73.53,280.75,14.46,100.0,59.36,0.748,-5.71,0.077,247.4,740.1,0.484,1,CRITICAL
17.5,34.26,-0.417,1,0.167,1.881,2,1,7.84,48.73,137.24,4.33,93.03,28.83,0.499,-0.68,0.201,451.4,586.8,1.767,0,LOW
10.15,147.82,0.047,5,0.588,1.856,2,1,6.65,21.06,102.41,3.04,79.73,14.7,0.278,-1.6,0.203,24.9,68.0,2.729,0,LOW
12.8,339.17,-0.983,2,1.577,1.776,1,1,4.06,95.02,225.81,9.98,100.0,52.05,0.663,-4.29,0.093,108.4,1028.9,1.155,0,MODERATE
23.54,156.94,-0.206,2,0.073,3.857,2,0,5.44,15.49,103.09,1.79,77.79,16.29,0.426,-1.45,0.124,110.1,228.6,1.8,0,LOW
19.2,354.75,0.492,5,4.894,1.493,1,1,8.49,34.98,126.56,6.57,90.78,20.68,0.478,-2.14,0.151,568.5,198.3,1.251,0,MODERATE
26.01,20.46,0.344,5,5.557,0.225,2,0,5.53,80.43,203.75,16.01,100.0,36.67,0.657,-0.39,0.147,382.6,71.7,0.603,0,HIGH
23.63,258.42,-0.178,4,1.855,0.832,2,0,6.03,26.83,124.64,4.33,85.73,22.45,0.436,-2.8,0.082,294.5,88.7,0.956,1,HIGH
12.08,209.17,-0.152,1,14.622,3.058,2,0,8.32,125.68,304.32,25.24,100.0,69.86,0.841,-3.72,0.137,57.7,46.0,1.249,1,HIGH
15.38,180.19,0.199,3,3.977,2.523,3,2,9.51,130.37,224.3,26.07,100.0,40.37,0.865,-1.68,0.25,207.9,343.8,1.588,0,MODERATE
34.74,349.51,0.327,4,4.765,4.002,3,2,8.95,14.71,72.53,1.63,74.33,9.7,0.383,-2.16,0.055,5.0,214.2,0.789,1,CRITICAL
13.35,46.67,-0.187,3,0.747,2.947,3,3,7.4,37.73,137.68,6.43,92.37,27.42,0.293,-3.81,0.206,65.1,73.7,2.577,0,LOW
47.47,322.56,-0.082,1,6.358,0.896,3,1,7.98,36.77,101.53,6.95,81.85,14.96,0.672,-5.14,0.203,453.4,509.9,0.793,1,CRITICAL
8.77,248.85,-0.198,2,10.154,0.595,0,2,7.76,34.3,77.84,5.44,73.88,14.47,0.257,-4.49,0.124,298.0,177.7,5.236,0,LOW
34.14,93.24,-0.466,5,0.944,2.235,1,2,5.22,45.31,181.39,8.74,100.0,38.09,0.574,-3.71,0.052,221.8,507.0,0.363,1,CRITICAL
20.9,324.6,-0.077,3,4.059,2.828,0,2,8.11,5.02,44.12,0.84,63.72,5.06,0.327,1.1,0.166,518.9,723.7,2.494,0,LOW
12.13,154.55,-0.104,4,4.809,0.779,1,1,5.2,132.64,323.03,15.89,100.0,74.06,0.881,-5.7,0.059,163.2,444.1,0.484,1,CRITICAL
23.17,293.12,-0.441,3,1.274,2.567,1,2,8.85,22.25,77.25,3.92,75.65,13.19,0.367,-2.18,0.196,92.0,4.3,1.927,0,LOW
13.62,139.98,0.226,3,2.255,3.647,3,0,7.8,0.12,46.33,0.02,63.86,5.33,0.254,-3.77,0.103,510.8,150.0,3.846,0,LOW
15.97,306.34,0.169,5,0.359,3.083,2,0,2.74,75.11,248.54,12.58,100.0,44.74,0.63,-2.57,0.078,101.0,11.7,0.918,1,HIGH
17.74,229.19,0.244,2,0.665,2.823,2,0,9.65,68.33,179.8,6.38,100.0,32.36,0.559,-1.85,0.127,542.4,198.9,1.592,0,MODERATE
32.72,50.78,-0.269,4,0.222,3.336,1,0,6.35,265.47,495.43,25.91,100.0,95.0,0.98,-5.62,0.065,304.7,823.1,0.218,1,CRITICAL
15.25,233.88,-0.694,2,2.875,0.527,2,2,6.17,82.57,157.77,16.02,96.59,37.34,0.659,1.54,0.112,279.5,745.3,1.673,0,MODERATE
25.16,68.88,0.164,1,3.435,0.936,3,2,9.6,26.29,122.16,3.69,91.38,20.09,0.394,-1.76,0.104,23.3,79.8,1.47,1,HIGH
33.39,148.29,-0.232,4,8.674,0.256,1,2,7.14,198.22,589.96,21.83,100.0,95.0,0.98,-4.43,0.072,181.7,507.0,0.216,1,CRITICAL
22.83,61.31,-0.312,4,2.735,0.694,3,0,8.81,29.55,89.57,2.75,79.53,16.37,0.442,-3.2,0.138,130.9,944.5,1.129,0,MODERATE
27.26,7.93,-0.44,4,1.057,3.844,1,2,6.06,111.91,242.67,13.07,100.0,57.11,0.852,1.99,0.085,733.5,899.2,0.244,0,HIGH
21.66,76.28,-0.096,2,0.215,1.011,3,0,9.27,26.58,96.8,3.23,82.66,14.4,0.407,0.39,0.202,5.0,733.3,2.009,0,LOW
29.55,193.09,0.552,2,7.568,2.815,0,0,7.93,3.25,57.43,0.71,67.66,6.99,0.341,0.95,0.057,258.7,124.5,1.712,0,LOW
9.96,173.36,-0.177,5,2.281,2.935,2,2,8.39,86.02,234.12,16.93,100.0,52.46,0.5,-0.2,0.168,148.7,1652.3,1.265,1,HIGH
45.25,180.54,-0.381,2,4.679,2.746,3,2,7.11,28.02,106.68,2.55,81.93,19.1,0.588,0.11,0.096,457.5,570.8,0.73,1,CRITICAL
14.68,89.17,0.228,4,0.052,2.371,2,2,11.09,26.9,54.1,4.97,72.27,7.04,0.297,1.1,0.08,503.3,534.5,2.107,0,LOW
21.01,246.66,0.06,2,2.344,2.093,2,0,11.61,81.79,214.04,13.0,100.0,38.53,0.652,-3.3,0.274,174.7,1130.4,1.075,0,MODERATE
6.14,253.53,-0.742,5,1.379,1.822,2,3,2.65,25.26,133.99,2.83,82.65,22.97,0.246,3.96,0.218,48.7,189.5,4.019,0,LOW
16.42,128.87,0.232,5,0.108,3.859,1,3,9.54,8.16,55.25,1.51,69.85,6.95,0.275,-5.23,0.244,64.0,268.6,1.869,0,LOW
25.73,317.22,0.745,1,5.231,0.139,0,1,5.12,33.69,99.79,2.84,76.16,13.68,0.489,-2.56,0.1,360.4,257.3,1.747,0,LOW
48.47,231.85,-0.91,4,2.518,0.319,1,3,8.62,112.87,365.42,20.59,100.0,79.32,0.98,0.87,0.228,484.9,55.7,0.2,1,CRITICAL
30.26,256.69,-0.432,2,1.418,2.119,0,0,3.59,9.07,40.9,1.86,54.55,5.1,0.268,-1.81,0.057,127.9,153.2,1.785,0,LOW
17.17,99.84,-0.997,2,5.736,1.455,3,1,8.39,52.55,158.15,10.7,100.0,34.77,0.571,-0.59,0.238,127.7,547.6,1.547,0,LOW
8.29,0.22,-0.026,3,2.073,1.774,3,3,5.66,9.22,92.24,1.73,74.7,12.4,0.131,-2.56,0.38,51.5,18.0,5.642,0,LOW
42.53,311.54,0.347,3,0.05,4.191,1,1,6.49,3.28,30.23,0.69,56.36,3.07,0.456,-0.15,0.129,299.9,279.1,1.26,1,HIGH
16.71,296.07,0.037,2,10.117,3.278,3,1,6.55,30.94,143.23,5.54,92.62,23.88,0.347,-2.72,0.081,35.9,578.9,2.144,0,LOW
25.69,44.35,0.487,3,1.034,3.697,1,0,5.88,69.72,241.12,12.28,100.0,43.4,0.669,0.33,0.129,340.2,598.8,0.733,0,HIGH
17.2,134.68,0.291,2,6.214,1.611,0,0,5.94,20.9,82.37,1.75,72.06,10.68,0.251,-0.89,0.317,255.3,1112.0,2.806,0,LOW
27.42,238.08,0.596,1,5.933,1.082,2,0,6.62,38.36,128.33,4.0,87.99,20.33,0.589,-6.34,0.222,465.9,369.8,1.339,0,MODERATE
41.53,234.76,0.406,3,0.62,3.249,1,2,7.16,43.94,164.5,8.32,100.0,29.61,0.634,-4.11,0.064,255.5,104.6,0.522,1,CRITICAL
32.51,309.73,-0.141,3,2.249,3.411,0,1,8.21,119.64,390.32,26.28,100.0,84.62,0.98,-6.03,0.186,65.0,663.2,0.461,1,CRITICAL
19.0,50.5,0.023,4,0.144,2.355,2,0,11.59,111.09,175.49,20.08,100.0,31.59,0.767,0.09,0.178,242.0,317.1,0.981,1,HIGH
43.06,154.78,-0.304,4,1.532,3.773,3,1,5.42,0.15,67.26,0.02,66.27,8.04,0.528,-4.31,0.249,658.8,757.1,0.639,1,CRITICAL
54.08,35.0,-0.081,5,4.595,4.066,2,2,7.78,34.73,134.39,3.67,92.01,22.26,0.638,-2.56,0.054,440.2,112.1,0.232,1,CRITICAL
36.94,140.25,0.022,3,0.947,2.031,1,2,9.2,69.38,163.79,14.76,100.0,29.48,0.611,2.69,0.166,52.6,3.2,0.662,0,HIGH
17.51,5.44,-0.03,1,0.436,1.013,1,2,5.94,124.36,313.48,21.26,100.0,56.43,0.93,-0.57,0.113,27.4,148.3,0.891,1,HIGH
34.18,323.38,0.47,4,2.476,2.22,2,1,2.53,3.26,22.77,0.48,46.85,1.92,0.331,-3.4,0.112,894.3,90.9,0.971,1,HIGH
36.74,189.74,-0.116,4,2.695,4.157,2,1,3.3,64.32,125.33,12.9,81.05,26.0,0.712,-4.7,0.084,383.7,568.7,0.489,1,CRITICAL
19.2,305.93,-0.326,3,3.943,1.301,3,2,2.61,119.94,309.17,25.6,100.0,70.04,0.931,-6.05,0.173,491.9,313.7,0.673,1,CRITICAL
54.07,21.57,-0.304,4,4.982,2.632,3,0,10.89,19.14,70.06,2.53,77.02,12.01,0.608,-1.07,0.094,645.6,210.7,0.399,1,CRITICAL
40.55,81.88,0.229,2,4.165,2.945,3,2,8.85,14.93,95.59,2.27,81.52,14.03,0.512,-2.74,0.085,176.1,36.1,0.989,0,HIGH
19.76,93.38,-0.491,1,6.534,0.977,2,1,9.16,41.0,127.64,3.94,92.34,26.14,0.504,-1.44,0.308,580.2,108.0,1.66,0,LOW
17.5,139.21,-0.07,4,0.883,2.513,1,1,9.66,213.56,654.69,45.78,100.0,95.0,0.98,-4.7,0.1,39.2,1186.1,0.347,1,CRITICAL
36.3,289.03,0.465,2,2.952,1.389,2,0,6.23,76.73,215.36,7.44,100.0,38.76,0.839,-2.62,0.176,115.9,103.9,0.482,1,CRITICAL
61.72,139.16,0.102,3,1.563,3.602,2,0,12.57,35.91,90.53,7.54,86.59,14.11,0.809,-1.55,0.062,117.0,390.2,0.561,1,CRITICAL
10.41,73.68,-0.026,3,11.456,3.03,1,1,8.24,1.37,22.79,0.15,57.12,2.34,0.145,-1.01,0.158,10.2,774.2,5.305,0,LOW
28.14,23.4,-0.013,3,2.031,3.488,2,1,7.34,52.88,188.02,10.96,100.0,33.84,0.626,-4.19,0.139,58.1,154.8,0.888,1,HIGH
33.85,28.62,-0.36,3,11.241,0.919,1,3,9.94,27.88,106.97,4.0,87.13,20.12,0.509,-5.37,0.257,365.2,728.2,1.047,1,HIGH
41.33,273.62,-0.3,1,5.13,0.242,3,3,8.97,13.35,85.21,2.18,78.41,13.63,0.496,-1.33,0.212,173.9,176.1,1.006,1,HIGH
34.03,160.13,-0.068,5,4.436,3.587,1,2,10.44,45.07,136.57,3.83,97.49,23.96,0.614,-4.06,0.06,254.2,385.4,0.565,1,CRITICAL
16.84,261.43,0.095,4,2.367,1.686,3,3,10.57,27.14,129.37,3.67,95.42,22.22,0.416,0.7,0.29,267.5,148.9,1.377,0,LOW
9.67,245.62,0.332,3,2.051,0.837,1,2,6.72,2.57,23.45,0.38,54.61,2.31,0.142,-4.38,0.205,66.3,386.2,5.743,0,LOW
18.62,48.73,0.032,2,2.617,0.477,2,1,7.91,84.03,245.49,6.83,100.0,44.19,0.734,-3.77,0.117,731.0,106.6,1.021,1,HIGH
33.42,51.44,0.473,1,1.217,2.218,1,2,5.5,85.73,187.23,14.79,100.0,33.7,0.858,-2.53,0.099,42.2,744.3,0.585,1,CRITICAL
15.81,271.92,0.562,4,8.221,0.716,2,0,3.92,62.69,202.03,12.38,100.0,36.37,0.508,0.7,0.109,5.0,294.8,1.085,1,HIGH
44.75,259.66,0.278,2,5.535,2.423,0,2,9.34,119.45,366.12,9.97,100.0,65.9,0.98,-4.57,0.064,85.7,1121.4,0.46,1,CRITICAL
20.64,136.09,0.429,2,5.658,3.082,2,0,9.61,14.76,38.61,2.2,64.64,4.49,0.33,-1.03,0.054,197.8,447.3,2.602,0,LOW
15.23,27.87,-0.347,3,1.987,2.294,0,2,3.14,21.92,55.18,1.86,58.31,8.42,0.36,-0.1,0.191,51.4,791.9,3.335,0,LOW
29.84,4.36,-0.402,3,0.258,3.805,2,2,5.92,39.89,99.79,8.07,77.59,18.72,0.515,-0.09,0.2,415.7,854.4,1.306,1,HIGH
19.46,103.74,0.181,4,4.022,0.738,3,0,7.62,4.03,60.78,0.41,68.17,7.46,0.317,-0.36,0.162,65.9,336.2,1.574,0,LOW
17.23,3.32,-0.469,4,1.642,2.125,2,3,7.83,139.77,361.72,12.33,100.0,81.88,0.914,0.53,0.318,864.4,566.9,0.351,1,CRITICAL
57.78,82.83,-0.102,5,7.152,0.769,0,3,12.0,43.85,158.39,8.77,100.0,33.77,0.789,-3.07,0.219,346.4,365.1,0.203,1,CRITICAL
15.75,151.02,0.27,2,5.305,3.691,2,3,6.12,25.52,131.22,3.63,88.01,20.79,0.223,2.62,0.209,541.5,10.3,2.467,0,LOW
18.24,43.71,0.495,4,0.55,3.922,3,2,7.12,42.25,74.8,3.94,71.76,9.66,0.434,-0.32,0.064,222.5,569.9,1.623,0,LOW
30.07,37.54,-0.089,1,3.222,1.74,2,2,8.93,25.56,106.42,4.36,85.13,16.31,0.44,-1.1,0.131,225.7,2270.0,1.34,0,MODERATE
44.39,322.72,-0.227,3,4.124,1.354,0,1,6.73,21.92,82.36,3.92,73.47,13.52,0.47,-0.83,0.091,1030.5,918.1,0.909,1,HIGH
28.55,210.77,0.112,3,2.939,1.245,1,0,6.39,38.63,145.6,6.16,93.09,24.4,0.56,0.37,0.051,34.9,24.3,1.154,0,MODERATE
23.48,336.4,-0.376,2,2.526,3.625,2,0,6.21,42.74,125.9,5.41,86.46,24.72,0.482,-3.85,0.29,243.5,1225.5,1.47,1,HIGH
61.34,124.5,-0.061,3,0.905,2.898,0,1,8.01,36.92,112.68,5.15,85.48,17.34,0.684,-1.57,0.071,19.7,100.9,0.561,1,CRITICAL
17.75,243.77,-0.003,4,0.942,3.71,2,1,7.11,51.6,158.99,11.03,98.68,28.24,0.53,-2.84,0.05,1295.3,25.2,1.146,1,HIGH
17.81,73.69,-0.01,1,5.114,0.582,2,2,9.0,99.42,193.27,15.39,100.0,34.79,0.794,0.82,0.089,279.0,5.3,1.396,0,MODERATE
15.89,222.6,0.031,3,0.066,2.052,1,0,8.29,3.83,82.68,0.52,76.37,11.37,0.24,-2.9,0.069,24.2,247.3,2.941,0,LOW
27.6,46.65,-0.292,5,5.282,2.872,2,0,2.5,108.47,235.59,19.43,100.0,55.42,0.788,1.63,0.087,94.3,161.0,0.259,1,CRITICAL
13.21,0.75,-0.254,3,2.619,3.778,3,2,3.65,16.87,58.58,1.53,60.31,8.38,0.196,-2.66,0.273,620.7,88.5,3.839,0,LOW
11.24,335.35,-0.261,4,9.633,1.666,1,0,6.4,18.88,81.7,2.28,72.66,12.95,0.223,-5.05,0.128,23.8,40.7,2.554,0,LOW
18.21,199.76,-0.567,4,20.0,1.384,1,0,9.66,59.47,162.08,6.64,100.0,36.31,0.502,-4.57,0.133,89.7,198.9,0.921,1,HIGH
8.03,333.7,0.12,2,3.812,3.843,2,1,6.07,241.55,621.43,42.32,100.0,95.0,0.98,-8.16,0.222,196.9,116.9,1.662,0,MODERATE
25.69,120.18,0.313,2,1.86,0.295,0,0,8.32,1.14,55.31,0.19,67.68,6.74,0.301,2.92,0.06,1134.0,457.2,1.991,0,LOW
27.64,118.0,0.279,4,2.256,2.066,3,3,8.82,72.68,136.27,13.54,94.48,23.17,0.621,-6.02,0.208,65.4,212.8,0.759,0,HIGH
30.22,144.24,-0.092,4,0.799,1.98,3,2,8.69,77.59,198.81,10.84,100.0,35.79,0.699,-1.94,0.205,440.2,269.0,0.462,1,CRITICAL
34.98,254.17,-0.284,1,0.366,0.699,3,1,6.3,55.41,157.51,5.78,96.74,34.08,0.71,1.36,0.064,117.6,654.6,0.56,1,CRITICAL
18.51,203.69,0.261,2,3.026,1.719,1,0,4.97,0.63,28.77,0.07,53.16,2.75,0.279,5.71,0.156,5.0,193.1,3.058,0,LOW
41.71,333.13,0.224,3,5.731,3.063,2,1,4.61,60.6,171.05,12.42,98.04,30.18,0.739,-2.69,0.069,426.7,81.4,0.512,1,CRITICAL
39.55,9.16,0.076,4,1.062,1.604,3,2,14.04,7.94,45.66,0.72,74.88,6.15,0.448,-1.08,0.102,188.5,157.2,0.721,1,CRITICAL
12.12,254.95,0.611,3,1.904,1.37,1,3,8.5,5.28,81.23,0.86,76.3,11.16,0.224,-4.22,0.239,183.1,512.0,3.893,0,LOW
21.7,118.92,-0.009,5,2.832,3.306,0,1,11.55,77.41,213.81,8.7,100.0,38.49,0.668,-3.7,0.059,313.5,56.6,0.737,1,CRITICAL
4.51,64.88,-0.09,5,8.347,4.154,1,2,5.67,78.31,163.76,8.61,97.6,28.77,0.518,2.7,0.139,294.4,479.0,4.855,0,MODERATE
42.02,183.74,-0.14,4,0.522,3.295,3,0,10.25,143.42,268.01,13.45,100.0,65.45,0.98,-1.89,0.204,299.0,583.7,0.2,1,CRITICAL
34.65,181.82,-0.546,4,0.946,3.57,2,2,6.45,0.22,72.77,0.05,69.9,9.18,0.363,1.83,0.058,110.3,464.7,0.807,0,HIGH
47.1,49.32,0.231,3,8.776,3.952,2,0,7.44,30.94,90.79,2.74,77.44,12.66,0.589,-0.2,0.085,243.2,203.1,0.847,1,CRITICAL
8.72,72.68,-0.037,1,0.141,3.387,2,0,6.87,0.8,50.38,0.08,63.49,5.76,0.161,1.45,0.052,588.3,477.0,6.282,0,LOW
28.98,146.94,0.178,3,3.736,4.119,2,1,5.57,29.48,78.28,3.87,70.07,9.87,0.496,3.06,0.072,626.0,800.7,1.62,0,LOW
16.51,147.17,0.645,3,3.571,3.164,0,0,5.6,43.98,86.3,6.32,72.69,11.29,0.416,-3.22,0.074,145.3,170.5,2.854,0,LOW
6.06,114.32,-0.137,3,1.692,2.812,2,2,7.41,49.04,158.76,10.45,99.15,34.22,0.415,-0.34,0.186,74.3,140.8,4.953,0,LOW
37.37,53.48,-0.818,4,2.21,2.943,2,3,6.21,28.6,91.39,3.26,75.42,15.84,0.583,-3.5,0.312,21.8,1417.2,0.631,1,CRITICAL
10.54,1.57,0.168,3,6.757,3.79,2,1,7.78,83.99,266.9,15.2,100.0,48.04,0.621,-7.97,0.192,546.1,998.1,1.926,0,MODERATE
27.0,349.28,0.058,4,0.631,2.9,2,1,5.66,34.92,139.48,6.0,89.82,22.55,0.462,-1.24,0.057,50.6,141.6,0.803,1,CRITICAL
16.4,339.66,-0.256,3,0.922,3.221,2,0,9.06,47.32,107.35,7.21,85.65,22.23,0.473,-1.84,0.061,106.8,84.2,2.329,0,LOW
24.51,174.11,0.139,2,2.514,0.986,3,1,6.49,104.64,210.84,12.27,100.0,37.95,0.827,-3.48,0.079,467.8,247.6,0.888,1,HIGH
35.24,358.22,0.275,3,1.845,3.842,2,2,11.1,12.45,49.56,1.27,70.84,6.32,0.454,-3.05,0.159,428.4,316.8,1.388,1,HIGH
24.55,242.52,-0.331,5,2.99,1.934,2,1,7.39,25.15,89.75,2.63,77.02,15.46,0.497,-1.36,0.052,159.6,82.9,1.062,1,HIGH
13.06,24.79,-0.105,4,8.877,0.76,2,2,7.28,47.9,132.06,6.15,90.35,27.23,0.386,-1.1,0.063,331.2,11.2,1.669,0,LOW
58.53,42.38,0.517,2,8.716,3.379,3,2,11.03,94.86,238.62,9.41,100.0,42.95,0.98,1.81,0.105,76.3,767.9,0.516,1,CRITICAL
18.66,329.8,-0.253,3,0.915,1.561,2,0,6.41,36.01,140.31,7.92,91.44,27.41,0.409,-0.58,0.052,744.1,1163.4,1.799,0,LOW
14.62,226.82,0.023,5,1.259,0.855,0,2,6.6,4.91,23.17,0.7,54.3,2.26,0.179,0.17,0.059,848.4,32.1,2.282,0,LOW
21.33,303.55,-0.919,1,0.619,1.151,1,3,5.96,292.15,799.23,45.42,100.0,95.0,0.98,-8.92,0.231,798.0,826.3,0.754,1,CRITICAL
8.86,323.38,-0.519,2,9.199,0.243,0,0,7.95,80.0,220.03,13.3,100.0,49.2,0.615,-5.19,0.072,273.2,262.8,1.994,0,MODERATE
15.39,161.26,0.055,2,1.775,0.472,1,2,5.88,83.38,273.8,8.96,100.0,49.28,0.57,-5.32,0.086,20.8,88.3,1.049,1,HIGH
19.3,17.47,0.43,3,2.091,2.53,2,2,9.21,40.67,129.39,6.0,92.98,21.65,0.473,-2.75,0.163,266.2,219.7,1.931,0,LOW
25.63,67.78,-0.477,3,5.68,3.651,3,2,7.4,51.48,159.3,4.57,99.29,34.65,0.569,-2.08,0.07,153.4,904.0,0.993,0,HIGH
22.97,23.97,0.026,1,2.518,1.939,2,1,9.35,333.07,559.85,71.84,100.0,95.0,0.98,-7.32,0.129,140.8,58.6,0.711,0,HIGH
29.02,67.95,-0.132,4,0.446,2.667,0,2,9.1,58.77,152.12,8.59,100.0,34.43,0.668,-4.42,0.22,8.0,46.7,0.517,1,CRITICAL
21.81,147.79,0.334,1,2.016,3.42,1,1,6.37,16.06,74.29,1.35,70.24,9.39,0.296,-7.12,0.079,580.1,1518.2,2.297,0,LOW
39.31,42.55,-0.426,4,3.485,1.563,2,1,5.88,216.76,644.88,35.52,100.0,95.0,0.98,-6.58,0.054,546.0,156.4,0.203,1,CRITICAL
31.71,60.02,0.151,3,4.446,2.783,2,2,6.78,50.16,117.49,4.72,84.8,17.93,0.55,0.14,0.13,109.6,889.0,1.203,0,MODERATE
27.82,160.5,-0.229,3,3.628,1.537,3,3,7.52,1.36,56.96,0.26,66.76,7.01,0.368,-2.17,0.301,1064.2,371.0,1.787,0,LOW
42.72,122.46,0.078,1,0.444,2.735,3,2,8.23,55.37,158.64,11.82,100.0,28.56,0.778,-2.49,0.102,40.9,123.7,0.513,1,CRITICAL
42.72,168.36,0.024,4,1.27,0.992,3,3,8.48,4.75,70.13,0.99,72.7,9.18,0.478,-5.28,0.245,504.8,157.3,0.619,1,CRITICAL
23.89,154.5,-0.088,3,4.629,4.109,2,0,7.43,48.74,133.14,6.82,90.98,21.8,0.662,-1.86,0.16,272.2,238.9,1.524,0,LOW
18.14,232.01,0.167,3,7.426,0.412,2,0,6.0,113.42,280.26,20.39,100.0,50.45,0.834,-2.44,0.093,186.2,72.9,0.923,0,HIGH
25.12,337.39,0.015,3,0.169,2.171,1,1,6.21,50.31,189.11,5.12,100.0,34.04,0.584,-3.63,0.05,926.9,557.0,1.035,0,HIGH
20.78,38.83,-0.046,4,0.151,1.274,0,0,8.64,30.39,158.03,2.75,100.0,28.45,0.469,0.6,0.226,244.9,243.3,0.947,1,HIGH
17.73,35.73,-0.125,1,3.609,2.563,0,2,6.07,139.25,307.34,27.15,100.0,72.03,0.904,-0.99,0.073,502.4,990.1,0.881,1,HIGH
24.58,307.01,0.027,1,2.78,1.856,1,0,8.73,170.65,348.83,30.26,100.0,62.79,0.98,0.68,0.125,74.0,1112.8,0.675,1,CRITICAL
27.37,182.3,0.078,2,0.591,1.357,0,1,8.8,27.75,110.35,5.74,86.16,17.11,0.409,-4.07,0.115,9.2,1102.2,1.455,0,LOW
30.91,275.91,-0.346,4,2.782,1.125,3,2,10.87,44.92,152.89,9.34,100.0,32.91,0.506,-1.38,0.108,66.4,471.5,0.49,1,CRITICAL
46.28,77.55,-0.122,3,12.84,0.848,2,1,6.44,264.55,711.32,34.03,100.0,95.0,0.98,-9.46,0.073,1246.5,290.9,0.419,1,CRITICAL
25.89,298.39,-0.369,4,3.488,3.31,3,0,6.78,12.75,33.31,1.59,57.87,5.0,0.328,0.06,0.158,230.7,39.7,1.225,0,MODERATE
22.08,332.58,-0.014,4,2.087,1.011,3,3,2.5,23.01,77.62,3.26,64.34,8.99,0.401,-0.45,0.223,516.4,633.9,1.356,0,LOW
36.89,228.77,-0.207,5,6.151,3.271,3,2,5.43,36.36,120.53,6.3,83.33,22.44,0.658,-6.75,0.274,323.4,42.0,0.542,1,CRITICAL
13.84,38.12,0.27,3,0.838,2.089,3,2,5.4,6.91,25.2,0.56,52.78,2.39,0.155,-0.66,0.116,47.0,90.7,4.014,0,LOW
8.09,322.31,0.235,2,1.872,0.396,2,2,8.61,20.64,130.99,3.2,92.42,21.79,0.3,-2.11,0.168,33.8,832.5,4.754,0,LOW
28.77,285.3,-0.323,4,2.626,0.778,1,1,11.48,51.14,141.34,4.23,100.0,31.58,0.585,-5.19,0.159,186.0,865.0,0.571,1,CRITICAL
18.62,270.32,-0.001,2,2.458,3.761,2,1,8.78,16.86,64.01,2.41,71.28,8.21,0.33,-2.27,0.326,797.8,256.7,2.693,0,LOW
19.41,13.22,0.223,3,8.883,2.572,3,0,9.68,75.35,229.62,6.9,100.0,41.33,0.635,2.45,0.111,40.0,572.8,1.168,0,MODERATE
13.65,287.63,-0.061,2,1.212,0.856,3,2,5.94,27.77,124.4,4.41,85.49,19.14,0.349,-0.32,0.055,195.2,111.9,2.98,0,LOW
40.79,49.66,-0.255,5,0.204,2.985,3,1,4.86,6.12,44.29,0.76,57.93,5.35,0.483,-3.39,0.057,399.4,1021.5,0.722,1,CRITICAL
8.31,80.06,-0.382,3,8.685,3.475,2,2,6.97,94.0,264.32,13.82,100.0,58.86,0.584,-3.91,0.085,23.0,477.6,1.632,0,MODERATE
30.31,207.77,0.299,2,0.856,1.456,2,0,6.13,54.47,173.06,11.66,100.0,31.15,0.64,-7.13,0.086,146.3,877.4,0.826,1,CRITICAL
22.25,95.39,0.316,4,1.668,2.382,3,2,5.61,113.24,244.17,14.47,100.0,43.95,0.788,-6.17,0.07,215.0,223.8,0.565,1,CRITICAL
47.79,238.09,-0.073,2,2.649,1.303,3,0,7.98,29.02,123.28,5.24,88.81,19.71,0.733,2.43,0.258,32.5,18.4,0.626,1,CRITICAL
36.97,218.91,0.268,5,13.037,0.428,2,2,4.89,1.27,43.77,0.22,57.81,4.55,0.397,1.07,0.101,298.9,2242.9,0.821,1,CRITICAL
11.52,38.93,-1.0,3,2.682,1.738,2,2,9.32,3.11,26.76,0.63,60.34,3.28,0.217,-0.13,0.236,375.8,646.3,4.708,0,LOW
31.73,236.17,0.465,4,2.078,3.181,3,2,6.62,103.15,340.63,13.08,100.0,61.31,0.958,-2.29,0.055,285.7,81.9,0.222,1,CRITICAL
28.33,332.62,-0.055,2,3.067,1.981,1,2,7.4,34.37,122.11,3.02,87.39,19.21,0.46,1.65,0.084,21.6,459.9,1.33,0,MODERATE
21.35,58.0,0.05,4,12.369,1.762,3,1,7.72,243.48,378.13,52.57,100.0,68.06,0.98,-5.27,0.086,5.0,1310.3,0.293,1,CRITICAL
30.43,214.94,-0.112,5,5.962,1.601,0,2,6.47,115.3,200.85,15.07,100.0,49.99,0.849,-4.21,0.053,448.6,1028.4,0.277,1,CRITICAL
15.37,123.07,0.488,4,0.648,1.982,2,0,10.28,1.06,47.43,0.11,68.69,5.86,0.18,-1.45,0.133,188.5,1265.8,2.054,0,LOW
23.48,165.46,-0.371,4,5.691,1.405,2,0,3.97,132.6,249.76,27.58,100.0,60.87,0.88,-4.51,0.062,233.2,52.4,0.272,1,CRITICAL
22.47,103.32,0.516,1,6.438,2.61,2,2,10.32,15.56,63.92,1.66,74.04,8.52,0.397,-2.2,0.084,665.0,866.4,2.237,0,LOW
14.07,127.49,0.139,5,4.107,0.361,0,3,6.74,43.29,149.19,6.67,94.87,25.48,0.457,2.18,0.517,229.3,998.7,1.605,0,LOW
18.64,10.41,0.218,4,3.747,3.41,0,1,9.53,45.86,156.27,8.52,100.0,28.13,0.457,-4.76,0.263,81.9,89.7,1.083,1,HIGH
16.89,353.36,-0.115,5,2.035,0.81,3,2,7.94,4.0,23.77,0.73,56.9,2.92,0.23,-2.54,0.074,166.2,553.2,1.945,0,LOW
27.36,224.93,-0.458,4,3.592,2.697,1,2,9.37,8.73,42.62,0.73,65.51,6.07,0.411,-5.94,0.08,185.7,531.0,1.121,0,MODERATE
42.04,180.25,0.326,2,4.682,1.945,1,3,7.24,35.75,74.69,3.87,71.93,9.67,0.615,0.61,0.262,320.6,525.1,1.092,0,MODERATE
9.99,138.14,0.109,4,0.459,3.271,2,2,8.02,66.88,206.72,13.67,100.0,37.21,0.471,-1.68,0.077,121.4,382.6,1.755,0,MODERATE
27.8,194.17,0.477,1,1.041,3.487,1,2,9.92,19.96,75.66,3.14,77.06,10.5,0.476,2.75,0.153,512.7,122.4,1.706,0,LOW
16.54,136.84,-0.068,4,0.755,0.937,3,0,7.71,48.58,127.37,8.56,89.64,20.55,0.468,-3.77,0.117,214.9,51.2,1.465,0,LOW
35.77,129.57,-0.147,3,6.441,2.876,1,1,10.43,30.98,135.1,4.22,97.0,27.31,0.575,-3.81,0.101,220.9,126.9,0.764,1,CRITICAL
27.62,167.02,0.486,2,3.988,0.879,2,0,8.27,64.69,140.68,11.92,94.91,24.03,0.648,-5.41,0.302,399.4,1106.0,1.187,0,MODERATE
8.5,99.35,0.669,5,2.097,0.608,2,3,5.89,35.91,101.38,4.33,78.04,14.24,0.451,-0.78,0.22,24.0,115.1,3.298,0,LOW
24.59,64.82,0.003,5,6.122,3.914,3,1,6.72,124.02,286.65,13.95,100.0,51.6,0.907,-4.56,0.206,613.2,254.4,0.4,1,CRITICAL
20.73,200.38,-0.263,5,4.415,0.774,1,1,9.45,267.75,429.91,58.8,100.0,95.0,0.98,-5.8,0.154,60.5,261.6,0.277,1,CRITICAL
10.65,303.4,0.284,4,8.57,1.035,1,3,4.77,158.76,468.68,16.2,100.0,84.36,0.968,-5.44,0.218,113.3,1161.8,0.547,1,CRITICAL
16.66,55.02,-0.089,4,0.28,0.634,3,2,9.24,12.0,86.53,2.61,79.33,12.36,0.307,2.16,0.066,26.9,55.0,1.693,0,LOW
24.0,11.78,0.21,4,2.491,2.028,2,2,6.7,39.71,131.13,8.33,89.01,21.01,0.514,1.17,0.119,178.3,293.0,0.958,1,HIGH
16.94,88.85,-0.091,1,4.294,3.87,2,0,4.66,39.91,123.96,7.19,83.06,18.53,0.476,-1.78,0.057,115.6,746.1,2.424,0,LOW
37.93,352.7,0.547,5,0.814,1.183,1,0,7.96,119.31,395.65,19.27,100.0,71.22,0.971,-0.95,0.102,68.2,28.7,0.189,1,CRITICAL
20.63,298.35,-0.245,5,1.387,2.322,2,0,5.96,28.72,121.43,2.32,84.58,21.93,0.487,-2.11,0.083,54.4,616.1,1.145,1,HIGH
15.99,214.51,0.168,4,1.9,1.787,1,2,6.24,51.85,133.03,8.76,88.81,21.26,0.535,-2.35,0.202,42.2,44.4,1.503,0,LOW
24.73,334.53,-0.171,5,5.535,1.478,1,1,6.12,61.08,131.07,11.49,87.96,28.08,0.61,-7.83,0.123,18.4,271.0,0.818,1,CRITICAL
26.47,160.3,-0.099,3,2.381,2.446,2,0,7.75,7.69,33.82,1.4,59.78,3.64,0.315,-0.09,0.132,67.9,77.4,2.011,0,LOW
35.94,353.98,-0.144,3,2.376,2.391,3,2,6.64,53.06,150.24,5.52,95.03,32.07,0.749,-2.2,0.082,5.0,222.3,0.652,1,CRITICAL
22.97,106.67,0.259,5,1.973,1.573,1,0,8.36,18.43,81.11,2.88,76.0,11.1,0.412,0.63,0.07,23.9,17.1,1.225,1,HIGH
25.89,86.51,0.321,3,0.908,3.587,1,2,9.73,15.04,80.43,2.36,78.25,11.33,0.358,0.28,0.112,952.7,830.8,1.749,1,HIGH
18.61,229.7,0.195,4,8.977,0.318,1,2,8.69,18.73,103.48,3.21,83.76,15.6,0.413,-3.45,0.282,143.9,64.6,1.418,1,HIGH
48.4,136.14,-0.038,3,1.339,0.449,2,2,11.47,6.8,68.97,1.34,77.72,9.65,0.532,-1.82,0.122,701.5,93.4,0.885,1,HIGH
27.53,225.49,0.049,4,2.933,4.162,2,3,12.01,4.7,25.06,0.84,64.64,2.92,0.419,-2.49,0.202,142.8,275.8,1.168,0,MODERATE
24.3,109.8,0.314,4,0.564,3.165,1,1,6.86,67.66,138.66,6.75,91.72,22.89,0.591,0.06,0.315,422.8,8.8,0.903,1,HIGH
16.94,222.45,0.325,4,1.994,3.396,3,1,4.96,183.94,395.71,15.21,100.0,71.23,0.98,-0.95,0.194,336.5,1142.6,0.356,1,CRITICAL
38.37,99.27,-0.942,3,8.195,2.571,1,0,6.86,75.71,137.08,7.5,91.22,31.59,0.855,-0.72,0.222,49.6,240.1,0.602,1,CRITICAL
7.94,18.35,-0.095,2,18.886,1.821,1,1,7.76,24.29,90.24,2.08,77.85,12.65,0.252,3.28,0.098,176.7,339.5,5.895,0,LOW
24.81,328.37,-0.078,4,1.572,2.68,0,3,12.4,26.52,142.37,3.74,100.0,25.63,0.418,-0.42,0.381,36.3,916.2,0.812,0,HIGH
15.49,317.95,0.234,5,0.585,0.48,0,3,6.68,50.67,174.78,6.07,100.0,31.46,0.34,-4.65,0.224,145.9,386.2,1.282,1,HIGH
34.07,349.49,-0.023,1,1.321,3.207,0,3,8.11,130.79,339.52,10.6,100.0,61.11,0.98,-7.28,0.329,93.0,37.4,0.551,1,CRITICAL
26.61,257.95,0.252,1,1.387,2.317,1,1,6.0,14.7,75.39,1.34,69.93,9.49,0.444,-3.79,0.126,268.9,731.3,1.863,0,LOW
24.49,245.78,-0.378,1,3.62,4.023,2,2,6.74,41.08,94.32,5.57,77.31,18.05,0.455,-3.16,0.294,382.4,1114.2,1.676,0,LOW
12.26,201.24,0.091,5,2.399,2.714,0,2,4.83,44.92,122.17,9.5,82.79,18.21,0.445,-3.79,0.078,686.3,743.2,2.127,0,LOW
21.53,45.34,0.315,4,5.121,0.722,0,1,4.28,174.0,294.47,38.15,100.0,53.0,0.98,-4.54,0.061,13.7,94.9,0.408,1,CRITICAL
27.18,68.12,-0.516,5,4.229,2.058,0,0,10.49,49.93,171.7,4.35,100.0,36.9,0.492,-2.65,0.151,380.6,295.2,0.562,1,CRITICAL
35.95,104.21,0.88,3,1.013,0.337,1,0,9.85,98.67,274.52,19.37,100.0,49.41,0.865,-2.99,0.392,38.1,160.2,0.44,1,CRITICAL
29.04,320.46,0.417,3,5.368,3.156,0,1,6.69,5.97,29.74,0.88,56.55,3.03,0.333,4.78,0.063,567.9,410.1,1.858,0,LOW
34.07,62.27,0.0,4,6.581,2.158,0,0,9.84,25.73,106.79,4.3,86.88,16.7,0.508,0.48,0.059,293.6,816.9,0.679,1,CRITICAL
9.51,332.23,-0.29,2,3.193,1.616,3,3,4.62,61.44,133.07,9.27,85.91,27.95,0.468,-1.75,0.245,650.9,230.0,3.641,0,MODERATE
24.19,188.2,-0.061,3,9.193,4.071,2,2,7.12,73.59,217.07,15.41,100.0,39.07,0.728,-0.02,0.152,38.9,403.8,0.936,1,HIGH
36.69,257.61,0.029,3,5.347,3.956,2,2,7.88,140.7,414.77,20.68,100.0,74.66,0.98,-6.03,0.123,185.3,4.6,0.436,1,CRITICAL
5.08,39.69,0.154,2,3.167,4.007,3,0,10.29,58.02,226.59,6.01,100.0,40.79,0.424,-4.48,0.275,190.0,194.4,4.758,0,LOW
19.71,96.85,0.525,3,8.282,1.006,2,2,7.93,22.22,116.04,4.2,86.42,18.05,0.381,0.65,0.183,378.5,436.6,2.053,0,LOW
27.32,345.07,-0.167,1,3.21,3.087,2,2,8.7,50.35,179.23,7.65,100.0,38.3,0.568,-2.21,0.118,981.2,2097.0,0.669,1,CRITICAL
39.26,95.81,0.197,2,2.578,3.976,2,1,6.47,80.81,215.21,7.79,100.0,38.74,0.791,-2.51,0.086,5.0,146.7,0.469,1,CRITICAL
23.62,106.75,-0.452,2,1.542,2.441,2,2,8.08,99.71,202.2,14.42,100.0,48.36,0.79,-6.05,0.194,294.2,86.4,0.626,1,CRITICAL
22.19,71.14,-0.145,4,7.505,0.978,3,3,10.28,188.04,423.16,33.14,100.0,95.0,0.98,-6.15,0.254,11.7,1017.2,0.284,1,CRITICAL
26.05,46.47,0.132,2,0.458,3.453,0,2,3.94,13.76,108.8,1.67,76.92,15.06,0.422,-2.5,0.216,153.6,372.2,1.652,0,LOW
27.46,83.97,0.242,2,2.245,3.708,1,1,10.0,70.3,153.79,14.6,100.0,27.68,0.565,-3.81,0.123,529.9,2457.5,1.059,0,MODERATE
13.56,231.24,-0.264,1,2.698,2.983,0,0,7.04,14.53,45.41,2.89,62.2,6.83,0.306,3.87,0.148,231.4,132.0,3.976,0,LOW
16.92,163.93,-0.154,3,2.832,1.304,3,1,4.41,24.86,101.42,3.97,75.39,16.75,0.326,3.6,0.054,530.8,98.0,2.543,0,LOW
7.09,199.35,0.511,4,3.693,0.882,1,3,6.91,10.01,64.1,0.88,67.95,7.84,0.265,1.45,0.571,287.7,197.8,4.4,0,LOW
15.49,44.05,0.407,5,2.467,2.66,3,2,10.34,96.38,303.94,15.58,100.0,54.71,0.752,-2.89,0.162,660.7,388.1,0.703,1,CRITICAL
11.74,288.76,0.073,4,1.039,2.079,1,0,6.44,159.47,264.09,22.04,100.0,47.54,0.98,-5.86,0.12,439.8,35.8,1.118,1,HIGH
13.49,282.27,-0.783,2,6.806,2.842,1,2,8.16,1.98,45.17,0.36,64.14,5.45,0.189,-3.83,0.111,360.7,221.6,3.959,0,LOW
61.56,7.77,0.879,1,3.75,0.558,1,0,3.95,109.16,333.75,12.81,100.0,60.08,0.98,-2.53,0.123,381.2,30.6,0.61,1,CRITICAL
38.07,138.07,-0.007,2,6.836,0.657,2,2,3.48,17.99,89.68,2.96,69.97,11.29,0.558,1.62,0.054,233.8,482.6,1.188,1,HIGH
11.91,24.76,-0.109,5,1.131,1.588,2,2,5.13,43.38,123.41,6.84,83.73,23.8,0.471,-0.12,0.086,529.9,189.8,2.011,0,LOW
10.16,285.16,-0.183,4,3.547,1.161,1,2,9.73,89.65,225.38,13.78,100.0,51.33,0.529,-2.74,0.057,175.5,1587.9,1.16,0,MODERATE
16.03,265.42,0.132,1,4.383,2.639,2,1,7.39,45.95,88.52,4.42,76.62,12.21,0.527,-0.45,0.065,19.1,49.0,2.954,0,LOW
9.95,324.72,0.135,1,1.692,1.607,1,1,9.92,17.09,91.51,2.54,82.14,13.53,0.283,-1.59,0.082,387.6,1011.3,4.624,0,LOW
25.68,85.11,0.333,3,5.854,2.904,2,1,10.05,153.8,416.18,24.16,100.0,74.91,0.98,-4.97,0.139,375.3,12.0,0.535,1,CRITICAL
25.44,164.27,-0.324,2,0.05,3.252,2,2,5.83,58.52,115.12,12.28,82.34,24.09,0.555,-4.9,0.263,40.7,478.8,1.378,1,HIGH
13.37,66.42,-0.109,4,3.163,0.867,3,2,10.95,174.03,455.23,25.15,100.0,95.0,0.98,-5.5,0.398,80.5,1329.8,0.442,1,CRITICAL
31.85,133.64,0.711,3,3.328,3.871,3,2,6.3,121.87,318.54,20.67,100.0,57.34,0.941,-2.88,0.161,78.7,552.9,0.466,1,CRITICAL
31.87,188.01,0.079,4,2.671,3.327,2,0,9.7,135.99,305.05,21.72,100.0,54.91,0.98,-4.96,0.075,251.3,14.0,0.222,1,CRITICAL
15.09,19.2,-0.06,3,3.48,2.67,0,2,9.61,29.18,109.6,3.13,87.37,17.24,0.26,-4.64,0.081,228.7,481.7,2.755,0,LOW
13.11,257.35,-0.33,2,0.64,3.827,3,0,7.64,283.88,705.76,30.04,100.0,95.0,0.98,-6.59,0.079,35.5,153.2,1.041,0,HIGH
17.71,195.59,0.177,3,4.041,1.19,0,0,7.65,124.36,405.08,22.82,100.0,72.92,0.814,-2.93,0.196,161.8,588.5,0.721,1,CRITICAL
29.83,298.43,0.361,4,1.432,1.829,2,1,8.21,26.77,144.4,4.1,95.98,24.95,0.369,-2.66,0.169,7.0,270.7,0.655,1,CRITICAL
58.86,97.84,0.306,3,2.106,0.452,0,1,7.75,147.38,303.38,30.28,100.0,54.61,0.98,-4.2,0.055,47.8,433.6,0.472,1,CRITICAL
29.46,325.2,-0.091,3,1.418,1.97,1,0,6.64,91.5,319.2,18.95,100.0,57.46,0.787,-9.36,0.105,20.0,10.8,0.488,1,CRITICAL
11.31,359.53,0.126,4,2.248,2.176,2,0,6.45,83.95,177.13,10.21,100.0,31.88,0.539,-1.02,0.132,190.6,148.0,1.732,0,MODERATE
26.42,330.95,0.585,1,3.401,2.626,1,2,6.66,0.41,77.99,0.04,71.94,10.1,0.265,-0.49,0.051,18.0,161.7,1.845,0,LOW
23.65,280.04,0.375,3,6.378,0.363,3,1,10.18,1.48,45.73,0.19,67.96,5.59,0.268,2.31,0.122,846.0,267.1,2.157,0,LOW
22.9,292.45,-0.274,2,2.312,0.233,2,0,4.01,77.14,240.76,6.9,100.0,52.59,0.639,-3.28,0.277,275.6,956.5,0.641,0,HIGH
10.12,206.55,-0.891,4,1.366,1.822,2,1,6.41,21.23,115.83,4.02,83.6,19.98,0.327,0.21,0.054,413.7,207.3,2.505,0,LOW
26.38,68.46,0.104,1,2.343,0.875,1,1,6.78,3.92,33.33,0.39,57.87,3.47,0.317,1.67,0.065,148.6,547.2,2.158,0,LOW
21.91,243.73,0.279,4,4.086,3.211,0,2,7.0,21.89,74.45,4.41,71.42,9.57,0.39,-1.58,0.059,835.0,198.6,1.338,0,MODERATE
11.02,256.59,-0.381,1,1.49,2.842,2,3,8.15,118.27,183.55,16.34,100.0,47.23,0.766,-2.7,0.237,417.6,101.0,1.472,1,HIGH
51.08,354.74,-0.003,1,1.872,1.436,2,1,4.53,41.34,155.85,4.92,93.03,26.1,0.773,-1.67,0.087,105.1,279.7,0.555,1,CRITICAL
10.33,194.87,-0.092,4,2.896,0.288,2,3,9.76,62.14,177.16,9.33,100.0,31.89,0.562,-6.44,0.449,36.1,125.7,1.904,0,MODERATE
28.22,97.69,0.037,4,1.219,0.848,1,0,9.45,104.78,235.71,17.26,100.0,42.43,0.843,-2.33,0.179,172.4,24.4,0.406,1,CRITICAL
20.46,246.12,-0.191,5,0.821,2.936,2,0,8.98,25.39,89.56,4.53,79.83,15.92,0.343,-4.06,0.131,223.8,108.5,1.285,0,MODERATE
18.24,352.58,0.452,3,0.529,4.16,2,2,7.04,0.73,65.28,0.09,68.57,8.06,0.244,-3.36,0.132,212.4,38.8,2.722,0,LOW
41.7,63.8,0.052,3,1.522,1.438,2,2,5.88,25.39,71.43,5.52,68.43,8.8,0.405,-0.4,0.138,789.6,21.9,1.109,0,MODERATE
35.64,117.36,-0.308,4,0.173,3.388,2,1,6.78,204.04,616.62,28.39,100.0,95.0,0.98,-2.05,0.065,331.9,603.8,0.21,1,CRITICAL
20.51,195.08,0.321,2,3.065,3.655,3,0,7.63,42.79,92.15,8.42,78.23,12.98,0.41,-0.1,0.085,175.2,534.5,2.212,0,LOW
13.82,61.28,-0.442,1,0.677,0.298,2,2,8.97,54.83,164.41,4.65,100.0,36.17,0.474,-0.84,0.133,348.9,75.0,1.785,0,LOW
17.09,8.0,0.45,2,1.658,3.857,0,3,7.32,92.88,255.51,17.55,100.0,45.99,0.725,-2.21,0.203,119.7,18.7,1.06,0,MODERATE
18.97,121.31,0.347,2,1.098,2.011,2,3,8.29,7.94,51.38,1.25,66.37,6.14,0.263,0.81,0.254,449.6,10.8,2.758,0,LOW
35.97,311.53,0.486,2,3.484,4.053,2,2,6.55,86.06,179.55,14.59,100.0,32.32,0.796,1.29,0.195,598.2,591.7,0.588,1,CRITICAL
27.1,15.65,-0.055,5,6.648,2.308,0,2,8.13,22.98,124.08,3.04,89.34,19.95,0.445,-3.1,0.113,822.9,247.7,0.853,1,HIGH
36.59,154.41,-0.174,4,3.511,1.064,1,2,6.95,31.93,98.51,4.99,79.04,17.85,0.524,-3.2,0.21,9.7,252.7,0.614,1,CRITICAL
9.9,274.39,0.029,5,2.737,4.096,2,2,8.09,20.41,86.25,4.3,77.16,11.98,0.327,0.22,0.16,95.7,29.6,2.914,0,LOW
38.2,343.15,-0.03,5,3.871,1.098,2,3,3.61,10.84,64.83,1.45,62.25,7.26,0.498,-5.68,0.262,50.6,727.1,0.748,1,CRITICAL
44.86,354.77,-0.228,3,0.107,3.718,3,2,8.57,29.16,119.54,2.76,88.68,22.58,0.633,-2.03,0.088,307.7,155.2,0.635,1,CRITICAL
14.37,151.91,-0.194,2,0.459,0.81,3,2,8.69,6.46,57.38,1.17,69.0,7.9,0.216,-0.68,0.135,82.6,245.1,3.545,0,LOW
33.63,342.14,-0.128,3,0.349,2.867,0,1,8.66,121.09,385.86,18.25,100.0,83.98,0.98,-4.98,0.105,173.7,262.5,0.453,1,CRITICAL
42.93,12.75,-0.41,5,0.362,1.786,2,2,5.33,23.74,65.67,3.31,65.6,10.6,0.525,-6.47,0.462,430.9,961.8,0.601,1,CRITICAL
16.11,268.53,0.237,3,1.056,4.085,2,3,5.94,68.91,160.21,13.02,96.95,27.96,0.569,0.89,0.275,532.8,806.1,2.052,1,HIGH
11.66,231.39,-0.018,3,2.658,0.858,1,1,5.59,22.88,84.96,3.63,72.25,11.05,0.176,-3.16,0.073,259.9,179.3,4.096,0,LOW
25.12,89.83,-0.108,1,0.426,1.776,0,0,8.23,15.38,86.39,2.59,77.45,13.89,0.436,-2.9,0.314,168.1,34.4,1.778,0,LOW
6.91,182.63,-0.389,3,9.573,2.723,0,1,8.95,81.29,211.91,17.04,100.0,47.9,0.648,0.5,0.077,18.4,366.6,3.029,0,MODERATE
37.93,46.64,-0.406,3,6.741,4.108,0,3,5.97,63.58,162.72,5.61,97.81,36.28,0.733,-9.86,0.377,374.3,144.2,0.48,0,HIGH
13.31,313.77,0.678,3,12.47,1.346,3,2,10.39,15.99,70.84,1.87,76.38,9.74,0.207,2.26,0.104,347.5,166.2,3.608,0,LOW
19.37,128.84,-0.22,5,0.152,1.727,0,0,10.37,61.55,132.28,12.66,95.99,30.24,0.552,3.13,0.148,75.3,963.5,1.03,1,HIGH
31.89,225.38,0.214,1,6.673,1.993,1,0,7.8,0.33,74.2,0.06,72.79,9.72,0.36,-3.43,0.068,365.7,599.9,1.515,0,LOW
29.71,57.16,0.057,5,5.699,1.136,1,2,8.32,12.66,62.44,1.35,69.95,7.86,0.402,-2.68,0.116,73.6,222.3,0.976,0,HIGH
31.4,74.22,-0.971,1,8.134,3.451,2,2,3.8,84.57,174.32,8.77,97.63,40.78,0.901,-1.67,0.068,314.7,468.9,0.587,1,CRITICAL
14.33,357.1,0.627,5,2.627,0.477,0,0,6.34,34.31,87.0,6.71,74.24,11.63,0.374,-1.26,0.072,44.6,95.6,2.012,0,LOW
26.29,271.11,0.239,3,5.427,2.99,0,3,4.74,14.8,74.41,2.33,67.35,9.02,0.355,0.97,0.214,681.5,495.4,1.837,0,LOW
34.67,346.31,-0.269,4,0.184,2.289,1,2,5.5,45.83,151.09,9.19,93.25,30.86,0.615,-0.87,0.098,142.1,29.1,0.442,1,CRITICAL
15.82,106.51,-0.01,2,0.276,1.092,1,2,8.63,40.68,116.28,8.48,87.75,18.37,0.423,0.06,0.108,258.6,481.0,2.572,0,LOW
53.03,59.24,-0.402,4,0.442,2.121,1,3,9.16,65.32,201.4,5.86,100.0,44.09,0.813,6.09,0.224,64.8,979.8,0.207,1,CRITICAL
19.85,181.1,0.639,5,8.619,3.503,2,1,9.26,4.89,40.57,1.06,64.64,4.72,0.195,-5.28,0.126,535.5,390.9,1.591,0,LOW
6.55,178.08,-0.318,1,0.221,1.926,0,2,8.03,111.23,243.0,20.06,100.0,57.09,0.745,-0.07,0.075,965.9,187.3,2.254,0,MODERATE
19.79,62.98,-0.183,1,0.369,0.6,0,2,8.65,3.9,39.34,0.77,63.16,4.94,0.235,2.42,0.109,101.9,367.8,2.784,0,LOW
42.64,263.96,-0.255,2,9.328,0.267,1,3,4.0,39.32,177.41,6.61,98.98,36.32,0.587,-4.73,0.293,64.0,181.0,0.466,1,CRITICAL
12.83,130.24,0.028,2,0.398,3.289,3,0,4.66,80.57,191.71,9.89,100.0,34.51,0.565,-4.81,0.055,215.5,155.1,2.159,0,MODERATE
12.22,67.09,0.48,1,7.134,1.455,0,2,7.04,27.48,94.69,4.51,77.97,13.29,0.262,-0.49,0.207,887.4,2.2,3.812,0,LOW
27.42,119.51,0.626,4,5.45,3.918,3,2,8.81,156.6,420.33,23.84,100.0,75.66,0.98,-7.46,0.085,403.4,130.5,0.243,1,CRITICAL
11.62,202.92,-0.14,2,0.144,2.63,3,2,6.52,91.48,271.45,19.26,100.0,59.84,0.676,-4.57,0.108,1153.5,1009.6,1.166,1,HIGH
11.33,261.53,0.132,4,0.077,1.889,2,2,4.51,36.09,135.86,5.69,86.59,21.17,0.381,-1.32,0.097,583.3,88.8,2.175,0,LOW
13.76,173.48,0.029,5,2.675,2.414,2,0,5.98,13.2,85.51,1.11,73.13,11.26,0.312,-3.17,0.289,324.8,451.5,2.112,0,LOW
48.44,189.21,-0.344,4,20.0,1.974,2,0,5.45,2.89,66.82,0.51,66.19,8.31,0.524,-1.83,0.067,57.1,427.9,0.547,1,CRITICAL
29.01,50.02,0.848,1,7.387,3.814,2,0,3.71,105.16,348.42,9.16,100.0,62.72,0.887,-5.47,0.129,594.9,115.1,0.602,1,CRITICAL
22.97,329.29,0.477,3,1.299,1.978,2,1,12.39,14.04,46.71,2.98,72.25,6.07,0.445,-3.84,0.191,260.8,664.7,2.187,0,LOW
14.28,334.34,0.066,3,1.709,0.527,2,3,10.21,20.43,40.86,3.03,66.46,4.89,0.365,-0.43,0.245,168.2,260.3,3.667,0,LOW
34.45,246.03,0.554,2,1.718,2.548,0,0,3.15,0.68,81.46,0.15,66.74,9.79,0.388,-1.47,0.083,194.4,718.0,1.384,0,LOW
30.57,6.35,0.424,2,4.637,2.654,2,1,3.27,1.2,32.34,0.1,51.24,2.98,0.304,-0.92,0.06,930.1,5.6,1.842,0,LOW
50.25,193.35,0.029,5,1.46,3.238,2,3,5.73,17.02,60.2,2.63,64.57,7.0,0.507,0.22,0.302,5.0,72.6,0.532,1,CRITICAL
12.73,226.52,0.114,4,0.56,3.926,1,3,4.22,134.06,270.26,14.97,100.0,48.65,0.784,-3.42,0.323,388.4,211.9,0.984,0,HIGH
11.79,358.08,0.529,1,4.812,1.917,3,2,12.74,98.66,276.46,16.74,100.0,49.76,0.735,-4.01,0.08,402.0,290.0,1.277,0,MODERATE
6.68,358.58,-0.331,3,2.144,1.544,0,2,5.73,95.49,252.6,14.3,100.0,56.93,0.603,-5.31,0.17,28.1,355.7,2.256,0,MODERATE
29.38,308.74,0.586,2,0.28,2.112,3,1,8.3,114.05,269.69,18.16,100.0,48.54,0.909,-2.36,0.058,948.7,699.6,0.538,1,CRITICAL
25.35,22.98,-0.079,5,5.463,3.791,2,0,6.39,13.43,54.23,1.75,63.85,6.23,0.322,3.52,0.095,191.6,1049.9,1.204,0,MODERATE
17.85,343.18,0.534,5,3.081,4.118,2,0,4.93,251.31,582.09,21.92,100.0,95.0,0.98,-4.03,0.076,351.7,171.7,0.314,1,CRITICAL
6.59,220.56,-0.002,2,2.352,4.082,3,1,9.8,17.17,35.16,1.63,63.9,4.04,0.149,-5.31,0.076,155.7,980.8,8.301,0,LOW
45.25,288.32,0.118,3,3.916,1.042,3,1,8.94,10.56,37.42,2.11,63.07,4.25,0.522,-6.47,0.263,106.6,139.4,1.135,0,MODERATE
24.64,146.59,-0.012,3,2.464,2.137,1,1,7.37,22.69,91.33,4.05,77.49,12.74,0.393,-3.49,0.17,236.3,33.4,1.807,0,LOW
40.62,115.08,-0.186,3,3.659,1.164,2,0,12.74,49.14,117.47,9.22,95.52,26.09,0.672,-6.03,0.166,623.5,390.2,0.645,1,CRITICAL
42.64,166.77,-0.095,2,7.074,1.609,0,0,8.02,8.64,31.6,0.84,59.54,3.39,0.468,-4.58,0.104,286.2,493.7,1.283,0,MODERATE
28.93,52.87,0.483,4,3.327,0.23,2,0,6.5,87.22,222.62,7.58,100.0,40.07,0.723,-8.88,0.128,296.4,157.6,0.427,0,HIGH
31.2,128.54,-0.81,2,3.772,0.758,3,3,11.71,30.19,142.04,2.49,100.0,29.19,0.445,-1.22,0.323,106.6,83.6,0.844,0,HIGH
15.53,308.74,-0.434,4,3.33,1.728,1,3,8.39,54.62,142.35,8.36,95.65,31.06,0.6,-5.19,0.225,74.7,45.9,1.265,0,MODERATE
23.57,13.66,-0.254,3,2.651,1.595,0,0,11.08,86.13,198.55,12.93,100.0,46.08,0.704,-5.84,0.078,276.9,261.7,0.755,1,CRITICAL
37.12,54.32,-0.377,4,0.66,1.243,2,0,7.41,150.91,356.14,14.41,100.0,82.22,0.98,-5.88,0.222,44.2,236.6,0.207,1,CRITICAL
13.79,45.04,0.528,4,1.431,1.044,1,3,2.5,111.23,198.08,14.3,100.0,35.65,0.687,-5.03,0.221,165.6,151.0,1.287,0,MODERATE
35.75,145.11,0.44,3,4.134,3.171,1,0,4.07,50.12,192.83,7.73,100.0,34.71,0.531,-2.86,0.141,80.5,112.3,0.576,1,CRITICAL
34.55,358.92,0.207,4,1.94,1.308,2,3,9.88,307.45,746.56,53.68,100.0,95.0,0.98,-10.85,0.401,342.5,17.9,0.213,1,CRITICAL
34.08,62.41,-0.223,3,1.824,2.997,2,1,6.2,49.04,111.97,9.48,82.0,22.41,0.661,0.28,0.293,214.5,525.6,1.003,1,HIGH
22.69,52.37,0.467,1,4.984,1.611,1,1,8.06,49.91,175.79,8.47,100.0,31.64,0.532,-1.5,0.079,29.6,223.0,1.151,0,MODERATE
14.4,329.42,-0.556,2,0.05,3.388,2,2,9.99,11.22,101.68,0.94,85.53,17.0,0.244,-0.39,0.29,229.8,109.4,2.928,0,LOW
52.88,317.54,0.75,2,3.977,0.786,3,0,7.89,10.47,92.21,1.7,78.72,13.07,0.597,-2.51,0.062,257.7,326.5,0.73,1,CRITICAL
43.81,11.61,-0.24,1,2.351,0.746,3,0,5.61,12.01,70.97,1.11,67.81,10.1,0.483,1.25,0.072,96.2,956.9,1.081,1,HIGH
22.98,270.61,-0.092,4,1.655,2.887,2,2,7.48,58.24,137.96,9.27,92.6,23.0,0.644,-1.14,0.091,112.5,119.1,0.961,0,HIGH
25.37,235.97,-0.15,3,1.457,3.851,0,3,7.74,34.87,115.56,4.62,85.9,22.05,0.548,-1.42,0.314,581.9,427.5,1.439,0,LOW
19.14,276.39,-0.376,1,0.664,0.686,1,2,6.6,31.69,141.74,3.81,92.24,27.34,0.383,0.66,0.058,33.2,1124.8,1.669,0,LOW
6.99,178.02,0.674,4,1.424,0.402,3,2,4.45,8.87,82.47,1.31,69.41,10.3,0.161,-5.55,0.07,963.7,215.9,4.309,0,LOW
21.15,356.9,0.276,4,1.738,3.932,1,3,6.72,31.19,121.56,4.16,85.99,18.81,0.421,-1.34,0.252,67.4,1335.6,1.162,0,MODERATE
29.06,15.78,0.425,3,2.013,0.581,3,0,7.3,30.86,139.34,6.06,92.72,23.26,0.508,-3.49,0.056,77.5,5.7,1.16,0,MODERATE
16.08,84.37,-0.428,2,3.905,1.127,2,1,4.33,63.03,181.61,7.04,100.0,40.25,0.53,-4.28,0.085,138.9,56.9,1.412,0,MODERATE
18.59,142.76,0.063,2,2.115,3.911,3,0,5.48,31.96,129.74,3.17,86.38,20.17,0.461,0.16,0.126,828.1,342.7,2.103,0,LOW
18.49,161.92,0.182,3,5.569,3.392,0,0,5.92,35.27,106.65,6.95,79.79,15.32,0.438,1.52,0.168,633.6,310.7,2.343,0,LOW
23.74,331.69,0.095,5,3.573,1.505,1,2,3.41,20.68,59.83,2.36,60.28,6.49,0.448,1.57,0.106,384.4,1820.7,1.295,0,MODERATE
19.58,201.6,-0.406,2,0.736,4.014,2,0,7.78,9.16,78.88,0.77,74.25,11.64,0.246,-1.37,0.098,443.3,69.4,2.402,0,LOW
13.37,16.24,0.376,3,1.136,2.429,3,0,8.02,23.18,57.57,3.11,67.86,7.03,0.293,-2.47,0.082,206.5,2106.7,3.8,0,LOW
23.7,146.83,0.043,5,0.289,0.396,2,1,6.3,2.84,19.33,0.55,52.53,1.83,0.33,1.85,0.087,659.0,859.6,1.395,0,LOW
28.27,149.94,-0.334,4,10.198,2.983,0,0,4.49,14.81,74.06,2.08,66.78,10.68,0.403,-3.95,0.112,38.1,113.4,1.002,1,HIGH
24.88,347.58,-0.649,3,7.617,2.303,3,0,8.4,25.54,117.44,3.72,87.69,21.6,0.417,2.53,0.09,218.7,206.1,1.476,0,LOW
6.61,215.71,0.212,4,0.31,2.448,2,0,8.7,10.23,65.68,0.89,71.68,8.47,0.178,-2.37,0.081,482.5,57.4,4.653,0,LOW
31.08,228.83,0.858,4,2.987,4.176,0,3,7.72,71.08,133.24,12.76,91.53,21.95,0.708,-2.75,0.278,236.3,1077.3,0.674,1,CRITICAL
11.06,256.77,-0.355,3,11.301,0.725,2,2,7.59,21.42,132.58,2.74,91.09,24.31,0.367,-2.96,0.506,471.9,219.2,3.338,0,LOW
28.02,277.21,0.06,5,4.812,2.793,2,3,8.81,62.13,185.34,11.31,100.0,33.36,0.534,-2.36,0.228,51.2,17.8,0.591,1,CRITICAL
28.67,228.62,0.389,3,2.369,1.981,2,3,7.29,67.11,206.38,9.23,100.0,37.15,0.657,-4.82,0.21,11.0,387.7,0.775,1,CRITICAL
8.64,85.39,-0.444,4,0.966,1.215,3,3,5.48,38.54,144.43,5.93,91.08,28.3,0.356,-2.9,0.213,229.0,134.2,2.514,0,LOW
35.13,314.66,-0.168,5,1.145,2.944,1,0,7.35,38.75,138.81,6.3,92.64,27.8,0.52,-1.59,0.125,334.5,218.3,0.494,0,HIGH
52.59,263.56,-0.301,3,4.664,2.84,2,3,6.64,56.61,182.72,6.09,100.0,39.68,0.796,-2.6,0.265,227.3,285.3,0.433,1,CRITICAL
18.9,267.07,0.345,4,5.309,3.612,1,1,7.35,19.79,65.32,2.4,69.12,8.13,0.268,-7.82,0.059,126.6,35.7,1.605,0,LOW
28.02,358.76,0.464,4,2.633,3.703,2,0,9.45,1.4,23.36,0.23,59.48,2.5,0.302,4.96,0.092,359.2,302.3,1.164,0,MODERATE
17.12,288.91,0.056,4,0.451,2.403,1,2,4.86,67.32,136.74,13.14,87.5,21.53,0.56,1.41,0.204,745.5,153.2,1.394,0,MODERATE
10.97,298.49,-0.295,4,9.506,1.435,1,1,7.89,60.96,149.35,13.08,96.99,33.39,0.492,-5.33,0.102,236.3,560.5,1.747,0,MODERATE
36.89,342.51,-0.155,1,6.52,2.271,1,0,4.74,42.05,167.28,6.45,97.07,34.28,0.699,-3.59,0.172,52.3,133.0,0.546,1,CRITICAL
28.39,54.41,-0.221,4,0.53,1.573,0,0,5.48,135.56,383.22,12.25,100.0,85.25,0.964,-4.34,0.054,206.3,1298.5,0.238,1,CRITICAL
14.95,179.18,-0.342,4,0.204,1.237,0,1,10.96,46.19,197.21,9.88,100.0,41.04,0.384,-0.46,0.104,388.9,610.4,1.026,1,HIGH
11.26,209.0,-0.036,4,2.687,2.361,1,2,8.51,23.51,102.74,3.27,83.19,15.38,0.357,-0.49,0.189,61.7,57.3,2.412,0,LOW
54.09,118.54,0.201,4,1.17,2.798,0,1,7.85,81.26,203.56,7.67,100.0,36.64,0.716,-5.57,0.124,164.1,67.8,0.209,1,CRITICAL
9.54,302.19,0.172,1,1.166,2.521,0,2,3.85,213.25,369.77,46.09,100.0,66.56,0.98,0.39,0.06,309.1,200.3,1.563,0,MODERATE
30.5,274.47,-0.003,3,0.319,4.013,3,0,6.98,86.78,250.85,10.35,100.0,45.15,0.762,-3.93,0.223,23.0,12.4,0.494,1,CRITICAL
24.43,259.52,0.02,4,10.73,1.324,1,1,2.94,155.69,462.28,26.77,100.0,83.21,0.98,0.2,0.066,64.0,22.6,0.264,1,CRITICAL
33.21,358.97,-0.029,5,6.205,1.627,1,0,7.58,7.77,78.5,0.78,73.77,10.42,0.4,-2.87,0.15,357.9,570.8,0.817,1,CRITICAL
46.72,93.38,-0.454,2,0.423,2.837,1,3,4.76,8.38,33.27,1.51,54.21,4.25,0.483,1.27,0.206,105.1,178.4,1.178,0,MODERATE
3.48,264.76,0.056,3,7.323,2.561,2,3,8.73,10.92,34.53,2.37,61.76,3.84,0.095,-0.48,0.262,27.4,102.5,15.48,0,LOW
12.06,198.51,-0.204,4,4.021,0.108,2,1,7.85,78.88,230.92,17.19,100.0,51.03,0.622,-4.92,0.079,382.8,206.6,0.966,0,HIGH
20.78,112.68,-0.472,4,1.378,1.38,1,3,4.82,32.1,114.6,3.13,80.36,20.43,0.46,-0.37,0.5,65.5,1824.6,1.166,0,MODERATE
48.65,57.81,0.13,4,7.175,1.14,1,2,8.34,42.22,97.08,7.92,81.08,14.17,0.651,-1.59,0.234,30.3,1047.2,0.436,1,CRITICAL
17.55,322.52,-0.214,1,3.19,3.544,2,0,12.11,19.74,104.7,3.42,90.29,19.39,0.312,0.71,0.096,274.1,132.2,2.237,0,LOW
15.67,214.36,0.08,4,6.609,3.652,3,1,7.05,86.59,200.09,16.64,100.0,36.02,0.751,-4.87,0.204,674.8,35.8,1.105,1,HIGH
4.94,296.98,0.297,4,2.217,1.264,3,2,9.44,121.33,186.66,15.37,100.0,33.6,0.769,-3.84,0.072,181.5,179.0,3.921,0,MODERATE
14.79,196.32,-0.333,4,2.431,0.518,0,1,2.87,11.35,53.41,1.55,57.26,6.87,0.275,0.6,0.109,70.9,4.0,2.148,0,LOW
29.94,79.19,0.032,4,1.204,0.941,2,1,8.53,13.92,89.9,1.78,79.12,12.8,0.49,-6.05,0.191,244.1,112.8,0.88,1,HIGH
20.86,121.52,-0.634,3,1.717,0.824,0,1,6.25,26.95,103.51,5.05,79.37,18.02,0.321,-4.62,0.142,282.6,440.8,1.972,0,LOW
14.57,137.35,0.536,5,2.936,1.073,2,1,6.91,21.37,78.86,4.13,72.67,10.32,0.222,-1.53,0.098,778.1,42.3,2.017,0,LOW
54.44,350.26,-0.476,4,10.285,1.062,2,0,8.81,49.29,119.64,5.66,89.14,25.11,0.79,-1.74,0.111,966.1,85.0,0.23,1,CRITICAL
18.85,2.03,-0.18,3,3.208,2.067,2,2,6.96,90.78,231.53,14.54,100.0,52.57,0.747,-3.25,0.077,117.6,254.1,0.797,1,CRITICAL
23.74,354.84,0.468,5,0.558,1.411,2,2,3.94,102.46,285.76,10.0,100.0,51.44,0.717,-1.25,0.116,372.8,565.0,0.428,1,CRITICAL
14.05,352.97,-0.082,5,0.05,2.395,2,2,10.86,15.19,72.72,1.24,77.82,10.19,0.223,-1.75,0.062,552.6,337.3,2.081,0,LOW
10.91,358.61,-0.419,4,6.663,1.511,2,2,4.31,12.55,102.2,2.08,75.46,15.39,0.29,1.11,0.163,284.1,594.6,2.527,0,LOW
32.07,171.57,0.25,3,1.586,3.44,0,1,5.65,29.38,115.71,5.81,82.2,17.12,0.446,-0.98,0.473,533.4,43.7,1.218,0,MODERATE
7.57,346.97,0.242,3,1.324,3.998,2,0,7.78,10.39,59.97,2.15,68.2,7.36,0.2,-4.2,0.054,206.7,79.2,6.716,0,LOW
28.59,142.42,-0.222,2,5.646,1.756,3,3,7.8,6.26,74.17,1.04,72.78,10.47,0.371,-0.92,0.326,256.1,995.2,1.645,0,LOW
3.0,9.47,-0.184,2,10.175,0.303,0,1,8.44,18.06,70.57,3.49,72.78,11.41,0.262,-1.76,0.196,29.7,1444.9,16.145,0,LOW
26.46,80.76,-0.152,3,4.825,1.082,1,2,7.79,32.55,126.13,4.45,89.39,24.2,0.459,-3.53,0.053,134.7,773.3,1.292,0,MODERATE
11.6,340.31,-0.072,3,0.668,0.518,2,0,10.03,57.61,146.34,11.67,99.88,26.31,0.505,-6.15,0.12,5.0,573.1,2.979,0,LOW
13.13,4.96,-0.663,2,1.738,1.514,2,0,8.58,83.51,262.07,15.74,100.0,57.19,0.561,-5.82,0.229,384.0,23.9,1.04,1,HIGH
18.93,196.56,-0.063,5,4.986,2.745,2,0,4.89,16.38,84.95,2.02,70.99,10.85,0.363,-3.65,0.117,143.5,2952.7,1.527,0,LOW
10.38,27.22,0.624,3,8.31,2.228,2,2,2.5,110.98,259.22,18.16,100.0,46.66,0.692,-0.77,0.121,641.5,106.5,2.047,0,MODERATE
6.28,103.1,-0.314,3,20.0,1.096,3,2,7.83,2.23,36.44,0.19,60.76,4.25,0.092,-2.06,0.483,30.7,238.7,8.555,0,LOW
20.01,31.71,-0.204,3,2.508,3.246,3,2,10.73,38.16,153.03,3.84,100.0,32.12,0.554,1.09,0.233,6.2,445.8,1.447,0,LOW
32.93,309.43,-0.414,1,6.051,0.639,1,3,4.74,65.17,182.82,13.85,100.0,40.73,0.781,-5.06,0.281,131.6,351.9,0.56,1,CRITICAL
25.11,212.79,0.214,5,0.167,1.036,1,0,5.19,22.38,78.67,1.82,69.52,9.84,0.42,-3.41,0.108,1016.8,2114.4,1.145,0,MODERATE
39.21,324.76,0.421,2,1.178,2.872,1,0,8.28,74.82,201.66,8.11,100.0,36.3,0.865,-4.1,0.067,984.7,404.3,0.469,1,CRITICAL
6.83,247.81,0.413,4,1.626,0.909,0,0,8.56,131.16,299.3,13.04,100.0,53.87,0.794,-4.55,0.199,318.7,112.8,1.626,0,MODERATE
17.62,349.57,-0.437,4,12.985,2.883,1,1,9.97,6.08,88.49,1.08,81.26,13.67,0.265,-0.72,0.077,81.9,373.0,1.558,1,HIGH
22.6,183.56,0.175,3,0.05,4.105,2,3,11.11,46.71,169.6,4.43,100.0,30.53,0.505,-0.57,0.201,183.3,177.1,1.3,0,MODERATE
13.13,229.94,0.502,3,1.289,3.509,3,3,8.02,1.23,47.28,0.1,64.57,5.5,0.166,1.91,0.205,1041.2,492.8,3.975,0,LOW
23.14,207.47,0.178,2,9.328,0.756,3,2,5.46,21.31,109.49,4.48,79.87,15.74,0.274,-7.12,0.068,448.7,18.0,1.841,0,LOW
38.09,174.33,0.167,2,1.282,2.234,0,2,5.53,9.57,72.44,1.94,68.13,8.88,0.437,3.67,0.184,308.8,145.6,1.257,0,MODERATE
29.03,304.55,-0.165,3,0.892,1.832,2,3,6.3,63.63,187.03,8.28,100.0,41.3,0.716,-5.12,0.494,740.2,357.7,0.649,0,HIGH
40.95,232.03,0.077,4,4.584,4.166,2,2,9.77,18.59,64.2,1.75,73.13,8.45,0.534,-1.32,0.151,332.3,674.8,0.662,1,CRITICAL
25.88,288.47,0.433,3,4.787,4.054,1,0,6.4,21.57,114.99,3.77,83.32,17.24,0.456,0.77,0.065,98.1,806.6,1.556,0,LOW
20.92,283.09,0.115,2,2.236,0.621,2,2,9.62,14.96,86.82,3.05,80.09,12.52,0.362,0.11,0.21,231.7,1106.4,2.172,1,HIGH
46.99,68.78,-0.437,1,10.276,3.826,3,2,4.15,18.16,98.67,3.93,74.04,15.33,0.524,1.24,0.183,87.1,213.9,0.829,1,CRITICAL
23.65,234.06,-0.16,4,0.793,0.893,1,2,8.13,16.58,53.72,1.63,66.83,8.45,0.385,1.01,0.201,234.3,398.3,1.264,1,HIGH
52.33,71.87,0.423,3,8.563,1.41,3,0,5.85,77.8,175.06,12.76,100.0,31.51,0.891,-1.71,0.066,914.3,396.7,0.432,1,CRITICAL
35.54,210.0,0.114,1,4.93,1.549,2,1,8.65,202.75,411.02,28.44,100.0,73.98,0.98,-3.38,0.108,197.5,1033.6,0.54,1,CRITICAL
14.91,243.88,0.042,4,1.607,1.276,2,1,6.94,43.8,145.16,4.46,93.94,24.55,0.484,-5.17,0.129,197.5,842.5,1.511,0,LOW
19.76,359.0,-0.194,2,5.756,3.598,1,0,9.25,59.62,231.12,11.51,100.0,48.76,0.491,-4.17,0.141,93.2,248.6,0.764,1,CRITICAL
46.78,11.0,0.416,3,0.5,1.453,0,1,6.54,110.78,309.73,20.99,100.0,55.75,0.98,-5.85,0.142,71.6,406.8,0.419,1,CRITICAL
39.22,32.85,0.582,2,0.491,3.449,2,0,7.44,42.02,125.9,9.04,88.69,20.1,0.735,-7.97,0.051,32.5,1113.1,0.847,1,CRITICAL
32.67,27.73,0.442,5,9.304,4.177,2,1,9.28,23.37,94.9,2.15,82.07,14.02,0.513,-4.02,0.307,303.2,3891.3,0.768,1,CRITICAL
30.8,143.41,0.505,2,0.349,3.547,2,0,7.28,196.0,436.64,22.24,100.0,78.6,0.98,-7.71,0.119,233.7,603.6,0.523,1,CRITICAL
9.76,295.77,-0.126,3,0.05,1.519,2,3,7.63,153.8,360.61,30.12,100.0,83.37,0.838,-6.6,0.217,202.6,31.9,1.251,1,HIGH
11.23,303.86,-0.175,5,1.724,3.016,3,0,9.17,16.18,73.36,2.19,74.99,11.84,0.265,0.15,0.166,771.7,1000.9,2.576,0,LOW
25.21,265.31,-0.055,2,0.384,2.289,1,1,7.33,78.93,213.6,11.57,100.0,38.45,0.638,-4.69,0.054,287.5,292.4,0.837,1,CRITICAL
13.3,322.88,0.014,4,6.958,3.325,2,0,4.01,67.71,210.43,11.21,100.0,37.88,0.541,-0.44,0.064,125.1,194.3,1.27,0,MODERATE
19.02,116.23,0.501,2,8.96,0.728,2,0,6.24,68.17,184.36,9.35,100.0,33.18,0.583,-6.48,0.09,83.2,154.2,1.436,0,MODERATE
18.25,31.74,0.408,1,2.305,2.716,1,2,3.27,115.41,205.29,9.8,100.0,36.95,0.78,-5.14,0.116,181.2,732.6,1.255,1,HIGH
29.99,20.94,0.188,4,1.94,3.272,3,0,6.95,72.88,228.66,11.99,100.0,41.16,0.763,-3.63,0.093,109.3,1028.5,0.382,1,CRITICAL
25.74,306.77,-0.501,5,2.711,3.221,2,2,8.54,47.44,143.52,5.32,96.29,30.57,0.591,0.82,0.079,115.9,520.9,0.72,1,CRITICAL
37.64,262.96,-0.591,3,0.898,4.051,0,0,7.77,121.63,199.32,26.23,100.0,50.47,0.953,-3.48,0.157,328.7,27.6,0.432,1,CRITICAL
26.0,251.5,0.084,4,1.238,0.339,3,1,10.57,20.0,123.88,3.53,93.66,20.89,0.487,-0.87,0.051,96.0,1948.4,0.862,1,HIGH
24.94,122.28,0.308,4,0.373,1.518,3,2,10.32,73.91,193.74,14.61,100.0,34.87,0.612,-5.42,0.141,5.0,367.2,0.639,1,CRITICAL
22.16,136.77,-0.028,3,2.07,2.054,2,3,8.06,78.59,167.97,16.79,100.0,30.23,0.753,-0.64,0.439,121.2,790.7,1.341,0,MODERATE
40.66,344.92,0.67,4,3.311,1.37,1,1,2.5,132.77,276.0,11.8,100.0,49.68,0.98,-4.0,0.063,753.0,574.7,0.201,1,CRITICAL
22.29,22.97,-0.379,2,9.319,1.37,3,2,8.98,414.81,1068.08,41.82,100.0,95.0,0.98,-13.88,0.205,300.7,183.8,0.655,0,HIGH
14.65,278.54,-0.423,3,4.702,0.822,0,2,5.8,53.0,132.01,10.24,87.69,27.2,0.557,-0.51,0.066,203.2,1124.8,2.381,0,LOW
31.59,111.47,-0.232,3,4.494,3.433,2,0,9.44,43.06,172.95,8.78,100.0,36.3,0.56,-1.33,0.094,163.1,163.6,0.681,1,CRITICAL
20.8,14.06,-0.246,5,1.289,3.823,0,3,8.19,59.67,160.06,4.81,100.0,35.97,0.62,-3.25,0.495,524.2,1754.9,0.827,1,CRITICAL
35.31,267.33,0.184,2,7.672,0.438,1,2,8.94,69.87,185.18,14.84,100.0,33.33,0.667,-3.46,0.174,37.0,1860.4,0.583,1,CRITICAL
42.94,119.13,-0.148,4,10.278,0.735,3,0,8.6,81.13,236.25,11.65,100.0,52.26,0.851,-5.5,0.086,103.3,19.9,0.199,1,CRITICAL
19.78,259.97,-0.542,2,9.422,1.037,2,3,12.76,21.46,120.13,3.11,96.41,23.42,0.389,1.27,0.234,234.6,62.3,1.774,0,LOW
42.14,254.76,0.312,2,0.139,2.187,2,0,8.65,43.39,97.67,8.81,81.82,14.38,0.714,-0.25,0.081,306.8,120.2,0.931,0,HIGH
35.8,192.52,-0.616,4,3.245,3.344,1,1,4.68,30.13,93.97,3.63,73.5,16.05,0.573,-4.45,0.086,107.5,207.4,0.669,1,CRITICAL
16.17,279.85,-0.375,4,3.607,0.393,3,1,9.86,2.57,46.22,0.42,67.53,5.93,0.244,-1.12,0.348,458.2,476.9,1.951,0,LOW
13.45,209.17,-0.568,3,1.224,2.711,1,2,6.55,61.13,158.32,7.75,97.46,35.11,0.537,-4.2,0.083,107.8,204.5,2.131,0,MODERATE
12.79,103.19,0.072,2,17.084,0.712,0,2,10.46,135.07,438.22,12.95,100.0,78.88,0.841,-7.09,0.097,9.1,1246.4,1.065,0,MODERATE
11.06,264.28,0.065,5,1.205,4.083,2,0,10.89,165.38,292.85,21.53,100.0,52.71,0.98,-0.62,0.069,199.3,290.9,1.118,1,CRITICAL
40.01,212.09,0.671,1,0.854,3.785,1,1,8.87,47.36,175.97,4.94,100.0,31.68,0.681,-3.03,0.131,1491.4,366.7,0.519,1,CRITICAL
19.94,4.58,0.32,4,2.317,3.993,0,0,4.69,94.38,304.62,14.43,100.0,54.83,0.693,-5.19,0.193,112.6,442.9,0.423,1,CRITICAL
50.49,324.59,0.505,4,1.366,0.535,3,0,6.49,81.0,255.8,12.49,100.0,46.04,0.915,-5.8,0.077,106.3,249.4,0.202,1,CRITICAL
15.05,196.43,0.101,4,9.021,2.101,2,2,10.45,16.9,71.07,2.39,76.55,9.79,0.343,-2.14,0.069,186.9,453.1,1.963,0,LOW
16.72,312.71,-0.342,5,2.03,0.778,3,2,11.9,4.22,53.8,0.44,73.63,7.64,0.377,-6.58,0.098,55.3,42.2,1.807,0,LOW
29.23,317.79,0.045,4,1.848,2.561,2,1,7.64,89.55,172.45,8.65,100.0,31.04,0.841,-3.37,0.142,257.9,313.8,0.566,1,CRITICAL
49.13,160.19,0.207,2,3.441,1.054,0,0,6.9,21.6,82.82,2.04,73.91,11.02,0.612,1.4,0.092,153.1,180.4,0.875,1,HIGH
16.3,182.76,0.246,3,0.296,3.26,0,1,4.9,51.81,129.57,4.96,85.29,19.89,0.504,0.08,0.063,144.3,101.6,2.445,0,LOW
33.68,149.67,-0.165,3,4.948,2.74,3,0,4.93,48.26,154.27,5.85,93.24,31.68,0.604,-0.96,0.066,339.1,17.3,0.746,1,CRITICAL
22.24,161.8,0.171,1,5.12,2.444,0,2,8.01,110.7,263.63,8.88,100.0,47.45,0.837,2.6,0.077,57.7,683.2,0.729,1,CRITICAL
29.42,322.25,-0.327,5,2.249,3.483,2,0,9.04,67.25,176.18,5.97,100.0,39.78,0.71,-1.9,0.194,1852.3,58.2,0.453,1,CRITICAL
13.91,283.73,-0.365,1,10.909,2.151,1,1,4.23,122.09,292.61,17.81,100.0,67.32,0.859,-5.92,0.107,222.0,84.4,1.095,0,MODERATE
31.86,45.55,-0.391,4,3.031,1.206,2,2,9.32,90.69,310.2,9.58,100.0,66.72,0.804,-0.93,0.121,55.0,82.9,0.222,1,CRITICAL
19.06,219.71,0.009,4,4.159,2.645,1,3,10.52,564.69,1218.85,66.0,100.0,95.0,0.98,-12.16,0.218,24.2,1770.1,0.322,1,CRITICAL
17.17,358.53,-0.412,4,9.035,4.024,0,0,8.89,129.62,365.63,16.78,100.0,81.37,0.875,-3.69,0.135,392.3,131.5,0.352,1,CRITICAL
21.76,214.4,-0.149,3,3.842,2.565,2,0,11.14,15.41,55.44,1.32,72.78,9.11,0.309,-0.77,0.196,73.4,92.8,2.21,0,LOW
30.37,282.91,0.316,4,1.979,2.681,1,3,8.28,211.52,325.02,23.44,100.0,58.5,0.98,-6.42,0.218,377.2,1566.6,0.228,1,CRITICAL
20.27,276.86,-0.36,2,0.088,3.932,2,1,8.3,27.02,100.76,5.1,82.19,18.15,0.428,2.93,0.055,356.7,444.0,2.017,0,LOW
17.27,126.11,-0.177,4,4.561,2.213,2,2,8.26,60.85,197.04,7.77,100.0,42.77,0.56,-6.49,0.137,1607.2,516.3,0.822,1,CRITICAL
20.65,133.87,0.025,2,11.72,4.185,2,2,10.49,184.35,314.54,19.55,100.0,56.62,0.98,-2.85,0.185,26.2,759.1,0.697,1,CRITICAL
20.37,260.67,0.086,5,2.224,0.755,1,1,8.68,15.67,62.23,1.69,70.54,7.9,0.325,-1.18,0.142,223.9,355.6,1.471,0,LOW
29.07,179.99,-0.175,2,1.453,2.302,2,0,6.33,126.56,378.84,27.57,100.0,83.38,0.98,-2.59,0.095,334.3,352.2,0.541,1,CRITICAL
17.9,205.41,0.275,2,2.563,0.973,3,0,8.43,198.96,430.79,20.05,100.0,77.54,0.98,-6.13,0.135,59.9,2871.7,0.786,1,CRITICAL
17.65,256.65,0.207,3,4.562,1.959,2,2,8.45,124.96,247.8,25.84,100.0,44.6,0.888,0.09,0.513,421.3,526.9,1.186,0,MODERATE
13.98,279.93,0.399,4,0.05,0.799,2,2,7.03,111.16,329.22,10.15,100.0,59.26,0.73,-1.21,0.128,204.2,559.4,0.568,1,CRITICAL
30.07,97.75,-0.029,4,7.638,1.012,3,2,9.75,19.98,113.19,4.04,88.77,18.09,0.458,-3.52,0.11,130.8,41.5,0.772,1,CRITICAL
23.92,52.85,-0.179,2,7.612,0.964,3,1,7.7,33.98,84.03,5.13,75.75,15.53,0.459,0.92,0.112,126.1,54.6,1.805,0,LOW
40.53,105.05,-0.239,1,2.728,1.412,1,0,9.05,92.85,207.43,15.34,100.0,48.48,0.927,-2.31,0.101,127.4,318.9,0.517,1,CRITICAL
37.85,182.71,0.107,2,0.457,0.652,3,1,8.62,8.17,67.85,0.94,72.23,8.82,0.497,-2.82,0.143,417.5,587.1,1.25,0,MODERATE
25.2,123.17,-0.132,3,3.9,3.418,0,3,5.9,142.52,376.76,29.33,100.0,84.92,0.98,-8.28,0.349,906.3,630.8,0.543,1,CRITICAL
21.02,204.61,-0.199,3,0.519,1.005,3,3,5.34,15.34,66.28,2.49,65.83,9.69,0.41,0.42,0.302,298.8,688.5,2.311,0,LOW
22.28,19.25,-0.157,3,2.479,1.808,1,1,5.93,54.08,153.39,9.44,94.75,32.65,0.555,-4.09,0.07,69.5,561.4,1.282,1,HIGH
15.63,183.51,-0.239,4,0.344,0.166,1,1,7.32,7.21,52.22,1.14,64.89,6.96,0.259,-0.03,0.087,36.2,56.1,2.002,0,LOW
14.06,132.47,0.07,3,3.113,0.53,3,2,11.0,13.31,96.9,1.3,85.81,14.97,0.232,2.19,0.122,24.5,807.9,3.087,0,LOW
12.91,192.48,-0.494,5,1.34,3.775,1,1,7.4,57.24,163.93,11.28,100.0,36.38,0.444,-4.37,0.449,232.8,655.0,1.418,0,LOW
20.07,152.11,0.106,2,6.222,3.532,1,2,8.32,65.45,184.24,6.92,100.0,33.16,0.601,0.85,0.056,613.0,210.4,1.348,0,MODERATE
3.87,102.32,0.237,4,5.632,3.548,2,1,9.42,20.43,96.27,2.47,82.76,14.34,0.248,-4.48,0.067,148.1,236.4,7.225,0,LOW
48.13,325.48,-0.203,4,20.0,1.787,2,0,6.71,8.24,94.55,1.43,77.34,14.15,0.66,2.34,0.169,45.7,362.9,0.45,1,CRITICAL
55.43,66.52,0.673,2,1.042,0.68,0,0,6.59,51.84,148.43,4.82,94.35,25.21,0.766,2.31,0.067,164.8,2222.3,0.517,1,CRITICAL
12.08,245.29,0.006,3,0.223,0.542,2,0,9.81,119.38,291.91,25.15,100.0,52.54,0.752,-1.34,0.139,441.8,613.5,1.406,0,MODERATE
54.97,332.87,-0.546,3,2.048,2.583,2,0,8.75,14.62,102.63,1.42,83.59,17.2,0.625,-0.4,0.464,422.2,818.5,0.558,1,CRITICAL
12.19,193.92,-0.098,2,0.305,3.496,1,0,6.26,76.46,189.65,13.26,100.0,34.14,0.555,-0.5,0.132,141.4,103.6,2.304,0,MODERATE
22.35,315.51,0.022,3,0.688,3.79,2,0,6.59,31.69,128.45,5.35,87.97,20.34,0.457,-2.68,0.102,183.7,317.1,1.708,0,LOW
27.33,44.95,0.157,3,3.183,1.284,0,0,7.69,186.31,433.49,33.11,100.0,78.03,0.98,-8.25,0.193,279.3,372.2,0.513,1,CRITICAL
23.42,177.76,-0.09,2,3.139,1.416,1,0,8.23,5.6,27.91,0.79,58.74,2.95,0.301,-3.16,0.168,201.0,20.4,2.371,0,LOW
16.28,164.53,-0.354,3,0.155,0.514,2,1,10.24,2.65,20.4,0.35,59.95,2.52,0.265,4.47,0.149,78.0,53.2,3.354,0,LOW
15.83,2.92,-0.383,3,2.048,3.275,3,1,8.67,8.63,39.74,1.87,63.32,5.56,0.241,-4.28,0.06,416.4,108.6,3.294,0,LOW
33.88,159.57,-0.229,1,2.644,1.23,2,3,5.34,99.14,170.02,19.27,99.01,42.2,0.849,-0.78,0.28,161.1,967.0,0.557,1,CRITICAL
41.15,132.85,-0.195,1,1.092,2.072,0,1,5.77,166.46,482.62,24.63,100.0,95.0,0.98,-4.81,0.051,117.9,671.6,0.516,1,CRITICAL
7.2,241.13,-0.397,4,7.196,3.908,2,0,8.18,112.36,232.58,11.86,100.0,55.35,0.722,-4.34,0.055,92.6,299.8,1.455,0,MODERATE
25.46,337.8,-0.256,4,0.615,3.184,3,1,7.81,82.24,196.05,16.83,100.0,45.16,0.683,1.38,0.053,589.0,690.1,0.436,1,CRITICAL
30.5,30.88,0.231,5,1.025,0.316,2,2,5.64,3.86,39.32,0.66,57.74,4.09,0.339,-1.05,0.059,99.2,331.5,1.025,1,HIGH
24.52,117.89,0.577,1,0.598,0.133,2,1,9.82,15.64,117.95,1.55,90.41,19.2,0.426,0.82,0.095,338.8,1147.5,1.553,0,LOW
9.5,159.86,0.264,1,0.434,3.328,3,0,2.55,178.05,470.17,18.81,100.0,84.63,0.98,1.24,0.284,100.3,151.1,1.57,0,MODERATE
29.24,163.87,0.457,1,7.391,2.365,2,3,8.24,63.37,197.09,9.87,100.0,35.48,0.633,-2.99,0.206,79.6,56.9,0.684,1,CRITICAL
38.26,278.93,0.341,3,1.139,3.053,3,0,4.1,41.06,119.0,6.18,80.46,17.23,0.655,-0.84,0.152,151.6,22.6,0.979,1,HIGH
13.85,159.62,0.292,4,4.487,0.743,2,3,9.44,68.67,202.05,9.43,100.0,36.37,0.576,-0.81,0.257,799.5,259.5,1.259,0,MODERATE
16.17,9.78,-0.118,3,1.955,3.675,1,2,6.92,12.79,38.81,1.79,59.87,5.72,0.361,-2.26,0.076,493.7,163.9,3.241,0,LOW
24.75,255.64,0.049,4,3.536,3.271,1,2,9.14,145.19,410.83,15.12,100.0,73.95,0.98,-2.87,0.08,90.9,1540.5,0.261,1,CRITICAL
21.34,318.54,-0.147,4,9.217,3.752,2,2,6.64,69.42,198.89,8.04,100.0,44.13,0.676,0.23,0.052,125.9,963.2,0.596,1,CRITICAL
16.22,185.01,-0.077,5,6.516,1.498,2,0,10.42,41.42,150.08,6.17,100.0,27.01,0.42,-0.07,0.146,262.3,252.9,1.325,0,MODERATE
10.88,209.2,0.024,1,0.25,1.23,1,2,3.4,39.74,184.88,3.53,100.0,33.28,0.341,-1.7,0.058,156.2,7.5,2.532,0,LOW
17.01,58.66,0.25,1,6.53,0.722,0,1,9.43,112.33,317.99,14.53,100.0,57.24,0.836,-10.65,0.053,576.0,44.4,0.913,1,HIGH
5.41,79.43,0.148,2,2.104,3.913,3,1,6.16,23.92,98.89,2.62,77.74,13.84,0.302,-5.29,0.101,222.6,109.2,8.508,0,LOW
30.78,84.66,-0.057,1,1.509,0.825,3,0,8.33,9.59,36.85,1.0,61.78,4.1,0.389,3.19,0.102,554.6,224.1,1.808,0,LOW
14.79,155.07,0.019,5,3.906,0.589,2,0,8.42,13.35,60.42,1.34,69.49,7.56,0.233,-3.85,0.135,82.6,728.0,2.068,0,LOW
33.39,334.13,0.152,2,10.5,0.89,2,1,4.44,5.5,47.38,0.55,58.15,4.96,0.41,1.61,0.148,323.3,862.2,1.601,0,LOW
19.59,187.84,0.234,3,0.346,3.263,0,1,9.69,46.08,175.2,4.72,100.0,31.54,0.507,-5.19,0.107,149.2,3155.7,1.505,1,HIGH
23.97,69.16,-0.532,2,5.115,3.747,2,1,8.37,73.51,182.28,9.73,100.0,41.63,0.591,-5.08,0.148,31.3,340.8,0.794,1,CRITICAL
8.08,95.79,-0.377,2,0.796,3.425,1,1,7.76,176.66,465.33,16.64,100.0,95.0,0.98,-3.03,0.073,134.7,1331.0,1.652,0,MODERATE
31.99,138.25,0.388,2,1.674,2.409,2,2,8.35,90.32,236.16,18.57,100.0,42.51,0.865,0.88,0.062,116.3,476.5,0.512,1,CRITICAL
68.0,224.37,-0.021,2,7.245,4.175,2,1,7.78,56.87,110.54,8.51,84.37,16.79,0.863,-0.71,0.264,108.7,292.5,0.754,1,CRITICAL
17.96,158.41,-0.148,4,2.762,0.382,2,1,9.34,129.66,340.02,19.54,100.0,76.76,0.918,-2.9,0.087,276.4,65.3,0.339,1,CRITICAL
23.73,141.28,-0.092,5,0.244,3.655,1,2,6.46,144.79,349.09,15.86,100.0,62.84,0.98,-7.5,0.058,145.9,1117.8,0.249,1,CRITICAL
25.36,203.3,-0.092,3,2.483,1.854,0,2,9.34,81.0,213.87,16.31,100.0,38.5,0.777,-8.14,0.19,33.3,1009.2,0.891,1,HIGH
10.01,87.06,0.195,3,5.456,1.966,3,1,8.76,3.77,54.18,0.74,68.1,6.64,0.105,-2.36,0.126,66.2,952.0,5.114,0,LOW
11.77,28.41,-0.388,1,2.634,0.623,0,3,7.12,22.42,111.17,1.9,83.39,19.38,0.361,-1.26,0.272,198.5,1491.9,3.479,0,LOW
29.57,8.79,0.009,4,0.639,0.237,1,1,11.56,26.63,101.6,4.86,88.32,16.15,0.454,-1.86,0.061,203.7,769.3,0.821,1,CRITICAL
13.85,90.45,0.086,1,2.061,1.398,1,0,8.49,386.43,1028.36,40.88,100.0,95.0,0.98,-3.4,0.163,10.5,2.5,1.099,1,CRITICAL
19.5,32.97,0.139,5,9.036,0.817,1,2,7.93,40.56,178.74,6.4,100.0,32.17,0.584,-5.87,0.068,53.9,564.9,0.973,0,HIGH
24.0,121.08,0.078,3,3.757,2.082,2,0,8.76,93.28,209.27,18.83,100.0,37.67,0.769,-3.83,0.053,299.7,241.9,0.989,0,HIGH
30.13,278.26,0.181,2,4.581,0.704,2,3,7.27,109.26,222.87,23.03,100.0,40.12,0.868,0.79,0.214,122.2,1298.0,0.577,1,CRITICAL
20.09,257.87,-0.2,3,5.395,0.666,1,1,10.14,68.85,177.26,7.29,100.0,40.17,0.645,-0.95,0.146,114.2,690.3,1.158,1,HIGH
20.39,219.93,-0.33,5,0.333,3.696,0,2,7.45,1.2,35.88,0.25,59.9,4.01,0.353,-3.96,0.175,13.4,731.4,1.572,0,LOW
66.19,306.9,0.86,2,3.049,3.877,0,2,9.3,1.27,70.68,0.11,74.36,9.46,0.645,-6.76,0.073,137.3,51.8,0.765,1,CRITICAL
36.23,101.54,-0.105,2,1.65,4.053,2,0,5.15,111.02,301.14,23.02,100.0,67.53,0.918,-4.4,0.08,16.9,280.8,0.482,1,CRITICAL
18.25,318.62,-0.065,1,0.524,2.89,3,2,3.55,87.37,289.52,16.44,100.0,52.11,0.687,-5.48,0.064,93.0,273.8,0.859,1,HIGH
20.52,143.73,0.237,3,0.793,3.261,0,2,8.39,49.93,128.72,10.38,91.29,21.15,0.568,-3.31,0.098,33.7,307.1,1.831,1,HIGH
53.26,144.32,0.559,1,5.318,3.527,2,3,6.66,18.6,74.21,2.44,70.73,9.45,0.604,4.15,0.22,509.4,715.7,0.885,1,HIGH
30.19,145.93,-0.191,4,0.616,2.802,2,1,7.08,5.9,91.85,1.25,77.13,13.46,0.426,-3.85,0.381,61.9,112.1,0.865,1,HIGH
38.7,35.31,-0.35,5,1.311,1.454,1,1,2.5,11.66,61.62,2.27,59.22,7.97,0.461,-3.05,0.167,37.8,89.0,0.732,1,CRITICAL
17.99,351.18,-0.435,5,1.174,0.741,2,3,11.24,56.44,205.06,7.11,100.0,43.68,0.433,-0.04,0.273,529.4,878.0,0.817,0,HIGH
16.81,49.86,0.558,1,0.174,1.073,2,0,7.73,51.3,163.29,6.54,100.0,29.39,0.567,-1.49,0.152,272.3,810.3,1.763,0,LOW
46.56,122.72,-0.363,3,2.171,3.546,2,0,10.44,184.26,331.35,23.96,100.0,81.75,0.98,-1.14,0.065,844.7,493.8,0.419,1,CRITICAL
21.39,114.95,-0.01,1,5.082,2.954,3,0,4.44,204.95,419.53,33.29,100.0,75.52,0.98,-3.25,0.159,276.1,29.1,0.753,1,CRITICAL
21.2,26.88,-0.342,3,0.078,1.969,1,3,7.72,55.77,111.23,5.88,84.49,23.61,0.564,-4.04,0.234,315.8,572.9,1.721,0,LOW
17.32,54.81,-0.507,4,0.418,0.221,1,0,8.4,119.7,279.55,16.84,100.0,64.68,0.839,-2.31,0.101,125.6,51.4,0.35,1,CRITICAL
37.9,16.15,-0.102,3,4.458,1.191,2,2,7.79,108.72,227.18,9.73,100.0,53.94,0.98,-3.08,0.223,383.3,227.5,0.431,1,CRITICAL
24.67,105.27,-0.328,5,3.151,3.088,0,1,8.01,90.73,192.73,11.81,100.0,45.58,0.743,-7.41,0.281,244.4,822.9,0.499,1,CRITICAL
11.33,312.0,-0.242,4,4.396,2.201,1,0,4.44,37.38,152.32,6.48,91.74,29.64,0.468,3.46,0.167,48.5,14.0,1.846,0,LOW
16.22,122.2,0.702,2,0.915,1.886,3,3,8.2,32.07,154.28,5.21,99.12,27.53,0.389,-4.49,0.317,47.3,452.6,1.994,0,LOW
42.09,44.53,0.149,4,5.7,1.386,2,1,5.65,19.94,95.15,2.48,75.61,12.95,0.627,-1.87,0.159,288.7,361.7,0.573,1,CRITICAL
24.99,232.45,0.326,1,2.288,2.588,1,2,6.14,179.8,360.22,20.86,100.0,64.84,0.98,-5.98,0.129,88.9,212.9,0.667,1,CRITICAL
38.1,358.78,0.289,3,3.298,4.062,1,0,7.54,116.89,224.62,14.7,100.0,40.43,0.87,-3.25,0.067,219.8,107.8,0.431,1,CRITICAL
27.5,83.64,-0.035,2,0.338,3.795,1,1,6.73,12.67,72.18,1.14,70.2,9.12,0.334,-0.97,0.121,59.8,81.5,1.769,0,LOW
12.28,100.65,-0.154,5,0.803,0.225,1,2,6.85,18.91,85.63,2.2,74.74,13.79,0.335,-0.13,0.055,152.2,824.8,2.291,0,LOW
29.1,349.86,0.087,3,5.195,2.072,3,1,9.97,56.59,171.23,10.14,100.0,30.82,0.57,-3.52,0.052,555.4,52.8,0.925,0,HIGH
21.67,64.36,0.059,4,0.887,1.451,3,1,7.16,34.69,115.61,3.64,84.88,17.66,0.379,0.81,0.196,328.5,1510.8,1.157,1,HIGH
16.48,184.04,-0.199,4,0.34,2.193,2,0,6.63,15.64,91.13,1.55,76.09,14.36,0.374,-3.21,0.112,187.1,98.2,1.671,0,LOW
17.31,86.27,0.045,4,3.183,2.585,0,3,7.23,101.8,301.79,20.2,100.0,54.32,0.668,-4.57,0.201,189.4,575.0,0.537,1,CRITICAL
37.59,335.65,-0.247,4,2.779,0.92,2,2,5.05,0.1,61.04,0.01,63.63,7.0,0.44,-5.5,0.075,137.2,366.6,0.774,1,CRITICAL
25.44,353.35,-0.06,2,3.277,3.304,3,2,7.86,27.33,95.5,3.15,79.7,13.7,0.422,-1.17,0.142,295.7,211.1,1.725,0,LOW
24.48,293.29,-0.117,4,3.371,2.048,3,0,9.09,172.25,499.29,24.95,100.0,95.0,0.98,-0.85,0.274,58.4,1105.2,0.264,1,CRITICAL
49.02,113.32,-0.444,3,2.427,4.167,2,1,8.19,92.97,215.29,13.58,100.0,49.91,0.97,-3.68,0.199,115.1,15.6,0.422,1,CRITICAL
14.93,145.26,-0.823,3,2.383,0.203,2,0,7.58,33.34,86.0,3.54,76.17,15.79,0.282,2.55,0.097,318.8,655.6,2.937,0,LOW
21.1,87.23,-0.329,1,9.027,0.878,2,1,8.82,171.68,327.33,27.1,100.0,79.52,0.98,-7.36,0.077,358.4,605.6,0.761,0,HIGH
15.67,320.67,0.631,2,2.672,2.927,0,1,6.28,150.19,379.71,26.64,100.0,68.35,0.964,-7.6,0.08,608.0,812.5,0.884,1,HIGH
28.8,329.24,-0.108,5,3.362,2.95,2,3,7.59,3.51,72.57,0.52,71.88,9.81,0.368,2.2,0.306,101.9,1000.3,0.978,1,HIGH
24.72,150.79,0.272,2,1.087,2.487,2,3,10.58,8.9,44.39,1.83,68.24,5.45,0.358,-1.8,0.331,536.3,275.1,2.112,0,LOW
18.19,236.35,-0.744,3,7.17,4.085,2,2,6.85,31.83,106.27,6.97,81.34,19.38,0.392,-4.27,0.086,486.5,505.9,2.219,0,LOW
19.47,59.6,-0.353,2,0.086,1.803,2,1,8.84,172.29,316.57,26.53,100.0,77.66,0.98,-3.99,0.128,5.0,385.3,0.732,1,CRITICAL
35.64,156.58,-0.474,1,2.851,1.81,2,1,8.89,120.85,354.75,26.12,100.0,78.36,0.98,-2.79,0.16,312.6,403.1,0.54,1,CRITICAL
40.47,227.34,-0.071,2,1.695,3.833,2,0,5.83,3.18,57.42,0.54,63.87,6.6,0.483,1.1,0.2,408.0,11.4,1.251,1,HIGH
16.18,138.75,0.848,3,3.241,2.308,0,2,9.01,46.68,136.72,7.19,94.97,23.37,0.479,-2.96,0.132,5.0,1481.5,2.25,0,LOW
68.0,128.74,0.161,5,1.563,1.55,3,2,6.16,82.8,210.61,16.71,100.0,37.91,0.98,-6.25,0.21,190.6,79.6,0.264,1,CRITICAL
9.84,0.36,0.593,2,4.427,3.048,2,2,8.44,20.99,67.52,4.52,71.81,8.73,0.265,-2.3,0.076,855.3,240.8,5.109,0,LOW
11.98,289.55,-0.089,2,0.072,2.641,2,2,6.13,83.33,209.16,18.32,100.0,37.65,0.567,-2.92,0.146,859.8,542.4,2.131,0,MODERATE
18.99,320.16,0.478,3,1.822,1.356,1,3,8.12,30.0,105.99,5.59,83.53,15.94,0.414,1.02,0.241,377.7,107.8,2.232,0,LOW
14.46,349.01,0.726,3,6.228,1.322,3,1,7.78,20.82,126.66,3.08,89.54,20.41,0.329,-5.39,0.261,498.9,55.6,2.716,0,LOW
13.45,258.94,-0.038,5,1.008,1.722,2,1,7.75,32.4,121.64,3.94,87.87,19.24,0.411,-2.79,0.07,102.9,1017.4,1.886,0,LOW
39.96,197.57,-0.189,3,0.19,0.394,2,3,8.1,195.77,580.78,30.95,100.0,95.0,0.98,-4.38,0.324,173.1,390.9,0.425,1,CRITICAL
29.36,96.94,-0.461,3,2.402,3.965,3,2,6.33,153.2,311.85,28.93,100.0,74.52,0.98,-0.4,0.265,1498.1,65.1,0.489,0,HIGH
23.34,359.75,-0.108,3,13.133,0.85,3,3,4.93,159.43,437.01,13.35,100.0,95.0,0.98,-6.06,0.292,461.1,928.7,0.575,1,CRITICAL
16.53,212.31,0.029,4,0.232,0.895,2,0,7.68,162.08,372.91,19.04,100.0,67.12,0.98,-6.48,0.174,12.8,94.1,0.364,1,CRITICAL
12.29,245.22,0.711,3,0.254,2.753,0,1,9.93,12.76,70.23,1.65,75.34,9.52,0.234,0.21,0.224,15.7,482.1,3.937,0,LOW
11.95,245.67,-0.453,2,3.165,3.069,3,1,8.78,147.16,268.35,27.84,100.0,65.96,0.98,-9.84,0.08,242.7,870.6,1.135,1,HIGH
39.85,304.29,0.021,1,1.007,3.121,3,1,8.48,15.51,94.91,2.57,80.64,13.78,0.582,-2.93,0.061,130.8,435.0,1.037,1,HIGH
39.0,3.48,-0.635,5,1.848,1.638,0,3,6.38,118.36,330.19,16.52,100.0,73.64,0.945,-2.09,0.421,75.4,3.2,0.188,1,CRITICAL
19.24,79.29,-0.149,4,6.212,3.681,2,1,7.91,50.74,120.39,10.59,87.76,25.11,0.553,-1.33,0.053,108.0,472.0,1.145,1,HIGH
9.33,239.59,0.109,1,0.776,2.33,2,3,5.67,17.84,57.56,2.77,63.63,6.59,0.298,-1.05,0.253,894.0,377.4,5.796,0,LOW
30.7,322.25,0.179,4,4.447,1.898,0,1,6.57,33.04,148.65,5.99,94.39,25.26,0.483,-5.96,0.081,108.6,337.9,0.627,1,CRITICAL
19.28,246.72,0.206,3,2.458,3.423,0,0,8.29,36.92,130.44,6.34,91.65,21.52,0.401,-5.13,0.115,125.8,164.5,1.945,0,LOW
36.44,148.86,0.139,3,8.237,1.099,2,0,3.5,85.87,203.61,17.19,100.0,36.65,0.783,0.44,0.413,168.1,443.2,0.508,1,CRITICAL
11.83,130.16,0.203,1,12.637,3.627,3,0,11.3,60.54,113.15,11.73,91.56,18.65,0.479,-2.65,0.054,49.1,7.5,3.418,0,MODERATE
23.24,265.66,0.016,4,2.322,2.309,0,2,4.56,110.31,327.06,24.1,100.0,58.87,0.82,-3.95,0.167,138.1,328.6,0.274,1,CRITICAL
11.19,266.85,-0.367,2,3.075,3.79,3,0,11.66,32.86,106.1,4.37,89.93,21.12,0.346,-3.83,0.052,291.2,179.0,3.481,0,LOW
14.69,218.54,-0.648,4,4.794,0.927,3,1,5.65,88.46,243.83,9.12,100.0,54.51,0.634,-2.92,0.074,84.0,22.1,0.665,1,CRITICAL
14.49,104.93,-0.191,1,1.343,3.938,3,2,5.63,102.32,186.83,19.07,100.0,45.91,0.768,-4.47,0.148,273.1,137.0,1.138,1,HIGH
19.08,333.06,-0.047,4,0.9,2.92,1,0,6.63,4.24,24.53,0.86,54.77,2.42,0.299,0.86,0.076,78.6,815.4,1.758,0,LOW
41.62,198.68,0.439,1,11.702,2.635,2,0,6.53,30.62,141.81,2.68,92.14,23.52,0.577,-4.45,0.125,432.6,134.5,0.659,1,CRITICAL
23.9,284.58,-0.035,2,1.984,1.83,1,1,6.17,141.15,234.23,17.87,100.0,42.16,0.97,-1.94,0.322,776.1,287.4,0.78,1,CRITICAL
33.33,77.15,-0.069,2,0.05,4.021,3,2,6.68,79.35,254.14,15.31,100.0,45.74,0.735,1.32,0.216,164.6,374.8,0.501,1,CRITICAL
23.11,123.85,0.135,2,6.364,1.92,2,3,7.7,35.23,88.75,6.19,77.26,12.34,0.483,-0.36,0.345,927.1,152.3,1.975,0,LOW
17.64,314.85,-0.095,3,3.204,2.144,0,2,5.53,13.14,92.55,2.44,74.56,12.42,0.31,-4.55,0.067,305.7,352.8,2.61,0,LOW
6.01,18.04,0.284,2,0.646,3.304,1,3,9.35,6.6,73.42,1.03,75.32,9.95,0.191,0.72,0.225,348.2,1400.0,8.164,0,LOW
12.21,184.43,0.693,5,0.107,1.268,2,0,10.61,16.93,90.21,2.26,82.96,13.47,0.325,-2.76,0.174,200.5,91.6,2.282,0,LOW
22.17,173.41,0.767,3,1.206,1.295,3,1,3.22,18.24,49.03,3.53,56.49,4.99,0.366,-2.87,0.155,72.3,1002.2,2.388,0,LOW
24.29,270.44,0.034,3,9.203,3.279,2,2,11.58,30.1,140.33,4.74,100.0,25.26,0.513,-1.46,0.078,786.5,370.6,1.346,1,HIGH
36.51,101.48,0.118,2,9.486,0.627,2,2,9.2,12.66,62.51,1.92,71.56,8.05,0.355,-2.07,0.095,980.3,679.9,1.323,1,HIGH
7.86,78.86,0.553,3,1.304,3.474,0,2,8.07,10.26,46.54,1.88,64.41,5.4,0.148,-2.57,0.134,516.6,411.4,6.681,0,LOW
60.38,333.41,-0.052,1,6.326,2.663,3,1,6.24,120.77,268.66,12.89,100.0,48.36,0.98,-1.9,0.11,174.4,163.9,0.595,1,CRITICAL
5.96,205.82,0.238,4,2.041,2.31,2,0,7.87,18.66,110.48,3.02,84.51,16.81,0.221,-1.28,0.099,52.6,384.7,4.494,0,LOW
21.4,37.69,-0.397,2,3.718,1.039,3,0,9.47,53.6,156.26,6.57,100.0,34.56,0.554,-7.05,0.058,26.3,249.9,1.194,1,HIGH
15.87,69.49,-0.109,4,1.425,3.324,1,0,13.24,14.45,93.41,1.2,88.73,16.65,0.362,1.07,0.096,196.6,405.4,1.638,1,HIGH
12.34,359.58,0.405,3,2.54,3.4,2,0,12.32,43.99,197.34,8.13,100.0,35.52,0.436,0.92,0.438,102.0,375.0,2.293,0,LOW
47.43,70.42,-0.251,5,1.217,2.08,2,2,4.14,21.06,72.85,3.08,65.76,11.15,0.63,-0.12,0.083,544.2,510.0,0.517,1,CRITICAL
16.23,219.77,-0.045,2,0.221,1.696,0,0,7.04,5.9,82.76,1.22,74.16,11.05,0.29,0.33,0.145,219.7,581.1,2.946,0,LOW
7.47,151.25,-0.551,1,0.525,1.109,1,1,7.67,261.77,515.6,39.27,100.0,95.0,0.98,-6.99,0.106,709.7,357.0,1.981,0,MODERATE
10.23,318.82,0.702,3,1.202,3.192,0,3,10.46,39.79,71.56,3.24,76.72,9.88,0.405,-4.99,0.327,361.8,749.0,4.704,0,LOW
38.84,271.86,0.442,5,13.091,2.722,1,1,7.32,32.45,101.59,4.45,80.68,14.75,0.61,-1.41,0.16,168.5,521.0,0.605,1,CRITICAL
10.54,214.9,0.066,4,11.801,0.947,2,0,5.84,14.43,87.04,1.5,73.36,11.49,0.227,2.38,0.281,380.5,131.9,2.78,0,LOW
8.94,3.87,0.178,1,6.154,3.357,1,2,7.62,44.45,140.62,9.29,93.71,23.72,0.42,-1.41,0.134,964.5,1256.9,4.063,0,LOW
24.54,316.73,0.139,3,0.926,3.717,2,2,6.65,65.55,144.18,9.34,93.11,24.16,0.622,1.64,0.286,231.7,33.2,1.397,0,MODERATE
19.0,160.08,0.485,5,2.039,0.343,2,0,9.67,23.62,92.83,3.58,82.11,13.72,0.366,2.6,0.053,105.6,451.1,1.433,0,LOW
28.23,335.37,-0.182,1,2.028,3.267,2,2,12.75,42.56,108.48,5.58,92.67,23.2,0.455,-2.14,0.092,130.2,426.4,1.172,0,MODERATE
17.68,178.39,0.256,2,1.713,3.596,0,0,9.5,17.59,86.23,2.69,79.7,12.37,0.308,-2.71,0.14,271.2,264.5,2.601,0,LOW
32.28,249.92,0.377,4,0.161,4.165,2,2,9.59,48.76,133.94,4.47,95.13,22.93,0.595,-3.25,0.102,999.0,291.9,0.618,1,CRITICAL
9.61,24.95,0.425,5,2.676,1.074,1,0,10.22,100.59,175.95,14.51,100.0,31.67,0.758,-3.53,0.265,178.9,676.3,2.125,0,MODERATE
8.49,268.25,-0.791,4,0.265,1.621,1,1,8.5,4.04,67.86,0.7,72.01,9.28,0.174,-3.72,0.062,345.6,576.4,3.576,0,LOW
25.76,121.68,-0.21,5,5.667,4.061,2,1,6.62,47.42,97.84,6.26,78.23,19.47,0.557,-0.76,0.102,55.3,240.7,0.937,0,HIGH
19.02,126.49,-0.357,1,4.114,0.485,0,2,6.84,33.13,104.87,4.47,80.87,19.24,0.487,0.53,0.205,271.2,108.5,2.128,0,LOW
17.14,42.72,0.052,3,1.523,2.247,3,2,9.91,5.0,39.12,0.99,65.36,4.6,0.2,-5.93,0.163,370.7,28.7,3.063,0,LOW
30.69,52.87,-0.706,4,3.646,2.178,3,3,8.14,183.43,365.29,28.45,100.0,87.76,0.98,-0.41,0.325,154.1,579.7,0.226,1,CRITICAL
64.93,66.87,-0.716,4,0.929,2.587,2,0,5.34,19.56,114.55,3.17,81.26,19.1,0.761,-2.91,0.1,283.2,536.3,0.301,1,CRITICAL
8.62,118.15,0.76,4,1.079,1.456,1,2,10.38,54.05,204.41,6.57,100.0,36.79,0.563,-3.02,0.083,72.1,150.8,2.068,0,LOW
42.41,321.11,0.216,5,1.32,3.896,2,0,5.8,30.3,101.97,4.47,78.07,14.33,0.492,-1.04,0.106,172.2,1375.9,0.543,1,CRITICAL
31.39,132.57,0.042,3,5.581,1.207,2,1,5.02,20.56,108.64,1.8,78.8,15.41,0.448,-3.71,0.068,489.0,473.4,1.308,0,MODERATE
16.71,260.77,0.127,1,0.828,2.764,1,1,5.57,48.69,108.77,6.83,79.84,15.63,0.509,-3.65,0.132,62.4,493.3,2.631,0,LOW
49.29,29.79,0.051,3,2.896,2.133,1,0,8.17,75.92,246.01,14.61,100.0,44.28,0.916,-4.8,0.174,26.1,372.9,0.423,1,CRITICAL
10.26,212.8,0.349,4,0.783,1.193,0,0,9.64,100.07,251.96,10.27,100.0,45.35,0.795,-3.21,0.056,333.8,467.5,1.384,0,MODERATE
27.71,173.48,-0.221,2,1.174,0.874,1,2,8.06,65.32,205.28,12.22,100.0,44.79,0.616,-3.96,0.123,105.3,3138.8,0.559,1,CRITICAL
19.92,352.06,0.065,4,0.94,4.022,2,0,6.27,48.57,178.54,6.43,100.0,32.14,0.49,-1.23,0.119,187.5,727.6,0.915,1,HIGH
16.72,304.63,0.08,2,3.625,2.401,3,1,5.72,97.61,300.54,8.18,100.0,54.1,0.64,-6.44,0.075,622.7,247.1,0.835,0,HIGH
11.18,163.74,-0.366,1,2.618,2.577,1,2,9.2,47.36,133.53,10.11,94.28,28.35,0.433,-1.04,0.48,53.2,97.6,2.885,0,LOW
68.0,279.05,0.447,3,4.472,3.31,0,0,7.3,237.8,561.97,25.06,100.0,95.0,0.98,-8.77,0.105,415.2,629.8,0.602,1,CRITICAL
16.64,69.49,-0.156,4,0.869,0.433,0,0,8.25,48.63,170.74,6.17,100.0,36.57,0.581,0.35,0.225,197.9,950.7,1.018,0,HIGH
4.43,202.44,0.356,2,0.05,3.026,1,1,7.19,24.81,119.06,3.65,86.04,18.44,0.345,0.34,0.067,13.4,332.9,9.442,0,LOW
34.13,26.86,0.04,4,3.994,0.777,1,0,8.16,38.43,165.77,8.18,100.0,29.84,0.641,-7.32,0.161,55.4,1156.7,0.457,1,CRITICAL
26.42,125.31,0.572,3,0.427,3.136,1,3,8.36,43.77,85.94,7.06,77.54,11.99,0.495,0.03,0.207,191.6,367.7,1.696,0,LOW
18.87,81.31,-0.364,2,0.99,0.679,1,3,12.84,21.67,103.94,4.48,91.37,19.69,0.381,-8.16,0.206,71.2,109.9,2.055,0,LOW
17.86,258.81,-0.38,1,1.277,3.513,2,1,8.39,11.24,53.71,1.79,67.28,7.85,0.319,-4.35,0.067,123.0,249.8,2.92,0,LOW
21.17,176.43,-0.317,4,4.808,2.892,2,0,6.65,36.7,89.92,3.99,75.74,16.66,0.476,0.65,0.157,330.9,246.4,1.231,1,HIGH
34.29,270.39,0.047,3,3.441,1.682,3,1,7.89,147.77,266.85,23.5,100.0,48.03,0.98,-5.51,0.514,526.7,86.1,0.449,1,CRITICAL
26.62,185.51,0.54,5,0.713,1.571,2,0,5.41,19.18,89.35,1.8,73.33,11.79,0.465,2.32,0.183,162.7,523.7,1.034,1,HIGH
29.0,31.13,0.558,3,3.189,0.711,0,1,5.39,29.19,64.05,2.81,65.2,7.52,0.46,-0.01,0.094,199.2,831.1,1.703,0,LOW
28.99,264.73,-0.808,2,4.31,3.807,2,0,10.25,92.15,217.21,8.86,100.0,50.16,0.809,-4.12,0.133,250.0,105.5,0.542,1,CRITICAL
35.11,299.96,0.087,2,1.724,0.586,0,2,8.17,5.58,78.16,0.46,74.72,10.51,0.481,-2.75,0.101,52.1,657.3,1.302,0,MODERATE
40.52,325.27,-1.0,1,0.988,2.036,2,0,9.96,113.32,296.23,11.47,100.0,66.92,0.98,0.29,0.073,254.8,70.9,0.517,1,CRITICAL
14.87,205.92,0.278,3,3.977,1.07,0,1,3.93,82.81,232.32,10.72,100.0,41.82,0.592,-4.05,0.127,463.7,181.6,1.584,0,MODERATE
24.52,271.29,0.391,3,3.304,4.185,0,0,5.35,51.87,127.34,4.67,85.39,19.57,0.583,-6.89,0.11,631.2,605.3,1.573,0,LOW
39.52,270.74,-0.014,4,0.284,2.502,2,1,8.16,15.28,99.09,1.24,81.39,14.52,0.515,-3.83,0.112,59.4,229.8,0.592,1,CRITICAL
14.81,56.07,0.029,2,3.845,0.713,0,0,5.69,6.32,75.47,0.61,69.38,9.43,0.311,-1.02,0.055,543.8,3.6,3.359,0,LOW
44.25,59.12,0.026,2,2.347,2.837,1,3,4.37,17.13,95.93,3.62,73.56,12.7,0.621,-3.51,0.21,583.5,758.1,0.949,0,HIGH
14.73,25.52,-0.275,1,4.9,4.166,1,1,5.13,93.17,263.1,14.31,100.0,58.54,0.667,2.91,0.105,403.0,114.3,1.039,0,HIGH
27.15,115.17,0.151,2,0.741,2.581,2,0,6.79,176.18,521.56,24.82,100.0,93.88,0.98,-6.34,0.086,478.8,869.7,0.566,1,CRITICAL
19.05,170.46,-0.081,3,1.045,1.975,1,1,8.41,87.03,276.81,12.9,100.0,49.83,0.691,-4.5,0.094,164.1,132.0,0.885,1,HIGH
17.32,359.24,0.326,5,2.743,1.302,2,0,11.27,48.75,132.31,7.69,97.63,23.25,0.506,-4.64,0.09,993.9,132.4,1.323,1,HIGH
28.23,155.16,-0.04,4,2.3,0.478,2,1,5.18,195.62,427.47,18.6,100.0,76.94,0.98,-2.91,0.149,354.3,968.5,0.238,0,HIGH
40.69,261.45,-0.301,4,1.709,1.036,1,0,5.3,114.63,313.37,18.55,100.0,70.16,0.98,-4.19,0.066,83.4,193.5,0.201,1,CRITICAL
18.8,249.62,-0.538,2,4.797,2.37,3,1,4.31,69.33,193.03,13.64,100.0,43.06,0.69,-0.55,0.278,8.4,494.3,1.054,0,MODERATE
42.62,73.61,-0.652,1,2.911,3.191,3,1,8.76,2.51,82.73,0.4,77.24,11.8,0.362,1.64,0.101,54.0,198.7,1.024,0,HIGH
14.41,21.06,0.459,2,4.336,3.7,3,2,7.77,22.05,68.72,4.49,70.99,8.78,0.266,-0.73,0.083,383.5,350.7,3.473,0,LOW
41.01,196.56,-0.16,2,0.582,3.354,1,1,5.38,23.95,94.02,2.38,74.77,15.53,0.578,-0.91,0.052,554.8,662.9,0.965,0,HIGH
23.51,252.11,0.119,3,4.57,0.614,1,2,5.67,27.73,80.32,5.42,70.91,10.25,0.419,-4.76,0.085,25.6,1128.1,2.012,0,LOW
26.26,359.37,0.624,2,2.167,3.271,2,3,7.23,32.06,99.03,5.54,79.7,14.21,0.442,-5.63,0.279,297.3,474.8,1.65,0,LOW
10.97,129.1,-0.197,5,0.12,2.485,0,3,7.35,182.19,559.85,29.97,100.0,95.0,0.98,-8.58,0.328,128.9,215.7,0.491,1,CRITICAL
16.91,322.69,-0.22,5,0.935,2.023,0,0,5.21,88.03,265.02,14.3,100.0,58.27,0.716,-2.78,0.155,248.1,225.4,0.545,1,CRITICAL
21.82,137.5,-0.046,2,0.091,2.448,1,2,7.89,76.53,206.83,7.4,100.0,37.23,0.72,3.03,0.118,529.0,76.4,1.069,1,HIGH
38.33,248.19,0.01,4,2.136,0.133,2,1,4.47,36.14,175.6,6.14,99.24,31.37,0.536,-3.34,0.096,156.4,375.1,0.346,1,CRITICAL
19.67,215.37,0.661,4,1.38,0.378,0,1,7.61,26.77,138.86,3.64,93.13,23.28,0.432,0.83,0.11,58.1,831.0,1.142,1,HIGH
13.73,19.07,0.548,2,15.323,2.256,2,3,7.11,8.28,95.87,0.74,78.47,13.54,0.291,-0.05,0.461,33.7,62.8,3.325,0,LOW
25.11,28.22,0.217,5,7.101,0.812,1,0,8.38,39.27,133.11,4.27,92.68,22.21,0.447,-1.9,0.321,1810.0,136.1,0.891,1,HIGH
56.73,7.48,0.507,2,6.114,2.337,2,1,10.16,14.94,69.26,2.12,75.46,9.41,0.63,-2.11,0.18,408.3,8.8,0.779,0,HIGH
26.61,133.5,-0.062,4,2.434,1.552,2,2,6.68,32.24,77.17,7.06,71.73,9.96,0.523,-2.92,0.065,15.6,336.0,1.075,0,MODERATE
19.54,268.49,0.105,2,5.759,3.82,0,0,7.5,11.05,56.26,1.55,66.5,6.73,0.379,-2.54,0.268,52.7,27.0,2.65,0,LOW
25.22,62.19,-0.106,3,1.087,3.994,1,3,3.14,27.4,69.55,2.77,62.91,11.16,0.431,-0.23,0.284,323.5,389.5,1.878,1,HIGH
13.17,218.11,-0.452,3,2.879,4.117,1,1,11.84,2.86,75.85,0.59,80.58,11.34,0.165,0.89,0.102,153.9,150.5,3.531,0,LOW
45.67,103.98,0.421,5,1.747,3.786,0,2,3.41,0.39,51.67,0.03,57.67,5.36,0.544,-2.27,0.116,271.4,730.4,0.632,1,CRITICAL
45.26,286.92,0.186,1,0.658,4.142,2,3,7.32,132.57,272.09,12.96,100.0,48.98,0.98,-4.95,0.252,233.1,344.4,0.511,1,CRITICAL
12.85,287.42,0.006,1,0.264,2.995,3,2,2.5,66.64,232.67,9.75,100.0,41.88,0.442,-3.99,0.102,47.8,295.6,1.57,0,MODERATE
44.66,279.15,-0.001,3,2.859,4.038,2,3,5.68,57.59,169.11,5.35,99.35,30.24,0.733,0.15,0.245,162.1,118.6,0.428,1,CRITICAL
25.36,188.94,-0.527,1,0.36,2.731,3,0,11.32,46.87,148.03,7.5,100.0,32.27,0.594,0.06,0.231,211.5,1169.6,0.971,0,HIGH
31.72,102.44,-0.342,4,4.431,3.418,3,1,10.02,84.32,135.49,8.61,96.39,33.63,0.714,0.8,0.099,161.5,1369.3,0.465,1,CRITICAL
22.07,291.4,0.118,4,8.905,0.641,2,2,9.67,86.61,289.26,14.82,100.0,52.07,0.715,-4.96,0.07,183.6,631.3,0.409,1,CRITICAL
23.0,67.0,-0.185,5,0.619,2.899,1,2,7.08,177.92,363.61,17.16,100.0,86.8,0.98,-6.3,0.071,1272.1,164.6,0.255,1,CRITICAL
15.49,104.31,-0.076,4,2.228,3.918,3,0,11.13,18.22,94.21,3.52,85.18,14.44,0.313,2.57,0.061,1178.9,698.8,1.751,0,LOW
12.98,66.22,-0.037,5,4.698,2.314,2,2,8.07,99.97,230.81,18.27,100.0,41.55,0.682,0.11,0.115,121.7,579.7,1.26,0,MODERATE
12.57,242.72,-0.239,4,1.183,0.866,3,0,9.02,307.33,544.8,64.4,100.0,95.0,0.98,-9.82,0.081,366.1,106.9,0.468,1,CRITICAL
38.93,247.04,-0.339,5,8.874,2.26,2,0,13.32,1.91,34.02,0.17,69.87,4.51,0.41,-3.48,0.119,74.5,38.3,0.755,1,CRITICAL
24.46,234.9,-0.564,2,7.677,2.998,2,1,9.9,30.44,145.85,4.8,99.49,29.77,0.481,-1.18,0.264,1333.4,96.5,1.163,1,HIGH
13.33,149.62,-0.051,3,0.383,3.256,3,2,7.36,37.23,101.73,6.67,80.79,14.79,0.374,1.16,0.299,149.5,907.2,3.313,0,LOW
23.38,36.06,0.217,5,0.097,2.247,2,3,8.62,112.13,317.54,23.14,100.0,57.16,0.904,-5.7,0.229,245.5,76.5,0.339,1,CRITICAL
7.75,328.02,-0.575,4,13.121,0.991,2,2,10.59,0.9,62.14,0.13,73.94,8.38,0.167,-1.0,0.07,134.4,706.7,3.953,0,LOW
13.17,182.78,-0.008,5,10.97,3.899,2,2,8.87,59.33,155.41,12.65,100.0,27.97,0.442,0.34,0.055,47.7,172.5,1.631,0,LOW
40.94,146.51,0.098,1,1.92,3.272,3,0,9.22,145.01,401.85,14.09,100.0,72.33,0.98,-4.61,0.075,46.8,578.5,0.516,0,HIGH
16.45,211.98,-0.346,5,0.182,1.21,2,0,10.33,10.38,73.78,1.46,77.21,11.5,0.226,-1.6,0.106,784.9,1033.7,1.737,0,LOW
38.32,69.4,0.498,4,3.376,3.428,1,2,13.07,7.98,76.36,0.92,82.95,11.4,0.391,2.19,0.124,225.2,698.3,0.66,1,CRITICAL
21.08,47.72,-0.135,2,1.216,1.526,2,0,5.44,549.35,1425.7,55.9,100.0,95.0,0.98,-13.23,0.058,997.1,346.9,0.685,1,CRITICAL
31.84,145.99,-0.035,1,9.661,1.381,2,2,9.04,113.65,305.54,13.66,100.0,55.0,0.869,-0.3,0.073,144.4,2.2,0.57,1,CRITICAL
11.28,81.8,-0.056,2,5.541,3.639,0,0,8.51,77.7,288.2,13.45,100.0,51.88,0.578,-3.13,0.053,179.9,66.7,1.354,0,MODERATE
29.31,87.94,-0.62,5,3.67,3.68,1,1,6.65,33.09,103.69,4.89,80.15,18.93,0.537,-4.58,0.17,68.9,688.4,0.806,0,HIGH
5.02,321.3,0.353,4,1.172,1.734,1,2,6.08,125.05,272.77,13.18,100.0,49.1,0.698,-2.31,0.075,31.0,46.0,2.619,0,MODERATE
17.32,191.07,-0.334,5,4.229,0.137,3,2,11.13,166.47,484.24,14.06,100.0,95.0,0.98,-6.07,0.117,427.6,1628.1,0.323,1,CRITICAL
42.09,174.05,-0.083,3,1.195,0.865,1,1,5.25,85.69,196.32,17.93,100.0,35.34,0.905,-5.84,0.099,141.2,1582.3,0.42,1,CRITICAL
22.57,248.21,0.209,5,0.134,3.828,2,0,4.4,33.0,80.64,4.09,68.73,9.98,0.438,3.05,0.102,432.5,156.6,1.285,0,MODERATE
12.79,342.56,0.511,3,2.486,3.785,3,3,6.26,56.94,181.46,5.57,100.0,32.66,0.401,-1.29,0.288,166.2,15.7,2.356,0,LOW
40.26,40.39,-0.378,2,2.348,1.959,1,2,3.58,6.74,57.03,0.68,59.69,6.94,0.458,-2.13,0.092,724.7,618.3,1.267,0,MODERATE
60.35,300.07,-0.156,2,5.039,1.347,0,2,5.64,11.18,67.74,1.29,66.83,9.49,0.657,-2.18,0.073,603.3,95.5,0.775,1,CRITICAL
19.25,210.25,0.484,5,7.026,1.341,3,0,5.18,99.32,234.66,11.16,100.0,42.24,0.766,0.64,0.092,482.0,594.9,0.78,1,CRITICAL
8.12,52.62,0.162,2,1.532,3.778,2,1,7.69,1.93,69.56,0.23,71.1,8.9,0.287,2.77,0.189,441.3,183.6,6.191,0,LOW
22.75,106.97,0.235,2,2.089,1.431,0,0,10.68,3.28,79.08,0.37,79.53,11.32,0.261,-2.63,0.116,300.4,209.9,2.032,0,LOW
32.87,173.65,-0.368,1,2.225,2.197,3,0,6.2,46.11,117.66,6.47,83.82,23.28,0.648,-1.46,0.35,573.1,413.4,1.001,1,HIGH
19.85,248.82,-0.133,2,1.372,3.097,2,0,9.4,12.15,60.1,2.27,71.16,9.16,0.318,-2.36,0.173,534.0,80.6,2.484,0,LOW
5.53,87.34,-0.059,5,4.761,0.959,3,1,9.15,22.6,94.9,1.89,81.84,13.98,0.281,0.27,0.19,67.0,1570.5,5.077,0,LOW
31.12,192.56,-0.3,3,2.584,1.141,1,3,2.61,33.08,81.28,3.53,65.72,13.58,0.482,-2.75,0.322,334.2,19.9,1.423,0,LOW
14.46,246.48,-0.586,4,8.585,1.568,1,1,6.29,48.01,156.22,8.63,96.31,32.84,0.422,-6.99,0.097,503.6,1328.9,1.314,0,MODERATE
17.18,161.55,-0.179,5,3.677,2.782,2,2,6.67,21.67,85.56,2.19,74.39,14.06,0.283,-4.21,0.18,383.0,159.6,1.61,0,LOW
8.38,310.69,0.474,3,0.833,3.452,1,3,8.34,42.95,147.28,7.89,97.14,25.75,0.308,0.55,0.28,5.0,494.1,4.245,0,LOW
4.12,313.01,0.021,4,0.63,2.341,0,0,8.75,30.1,80.95,4.58,76.66,11.17,0.317,-3.6,0.07,269.1,2791.2,7.155,0,LOW
11.03,169.45,0.481,2,1.63,0.645,0,0,8.23,5.49,51.46,1.12,66.28,6.14,0.189,0.65,0.058,93.9,121.7,4.783,0,LOW
16.32,350.25,0.063,5,1.491,1.93,2,0,5.53,131.19,337.31,10.68,100.0,60.72,0.98,-2.9,0.105,416.2,290.1,0.514,1,CRITICAL
16.12,27.21,-0.268,1,1.83,0.624,1,3,6.11,21.48,115.51,4.08,82.95,19.82,0.313,-3.41,0.27,377.7,10.7,2.489,0,LOW
46.76,1.21,0.447,4,0.71,0.462,0,2,4.19,61.1,192.41,9.78,100.0,34.63,0.813,-2.81,0.084,32.3,108.8,0.199,1,CRITICAL
11.9,137.04,0.074,4,13.394,2.517,2,1,7.65,54.83,132.18,7.99,91.06,21.66,0.472,-3.86,0.129,113.7,67.2,2.031,0,LOW
36.61,216.39,0.337,2,0.551,4.02,1,2,6.69,14.44,71.5,1.45,69.93,9.0,0.374,-2.44,0.063,646.3,631.4,1.302,0,MODERATE
24.0,226.51,-0.374,3,3.701,3.534,1,0,8.67,1.98,16.45,0.22,55.87,1.89,0.235,-5.7,0.181,184.8,530.3,2.297,0,LOW
50.33,171.52,0.364,2,0.05,3.275,2,0,9.03,126.39,215.33,24.02,100.0,38.76,0.98,-4.02,0.091,198.0,302.0,0.468,1,CRITICAL
21.27,44.96,0.374,1,1.829,3.081,2,2,6.77,44.75,187.07,4.51,100.0,33.67,0.567,-3.54,0.154,63.8,0.8,1.166,0,MODERATE
5.95,61.38,0.101,3,1.295,3.778,2,2,8.12,34.79,123.95,5.35,89.28,19.92,0.386,-1.7,0.203,54.8,103.7,6.791,0,LOW
20.23,306.77,-0.282,5,1.685,3.187,0,0,7.03,93.56,213.27,10.2,100.0,49.62,0.826,-1.75,0.072,19.4,507.7,0.586,1,CRITICAL
4.3,312.45,-0.016,3,2.413,2.67,0,0,5.05,2.19,77.07,0.33,68.75,9.54,0.034,0.31,0.113,23.3,6.1,11.5,0,LOW
10.9,242.6,0.214,3,3.21,1.595,2,1,5.74,94.19,270.25,10.89,100.0,48.64,0.59,-4.5,0.061,54.0,393.3,1.82,0,MODERATE
20.41,239.12,0.082,1,3.066,0.514,3,0,2.51,34.18,121.68,4.41,78.45,17.18,0.464,-3.49,0.053,5.0,79.0,2.075,0,LOW
20.69,215.17,0.21,1,3.487,1.99,1,2,6.63,52.14,132.34,10.03,89.28,21.27,0.488,-2.62,0.053,1457.3,392.5,1.8,0,LOW
35.96,73.05,0.354,3,6.515,3.892,2,2,6.19,90.75,166.5,7.73,99.43,29.8,0.876,-0.28,0.29,159.8,704.2,0.688,0,HIGH
28.02,154.17,-0.227,5,7.623,2.491,0,1,5.09,51.44,112.23,10.77,80.08,22.35,0.559,-3.51,0.054,146.9,933.0,0.799,1,CRITICAL
47.76,250.52,-0.404,5,4.678,0.856,1,3,9.3,4.14,48.95,0.52,67.41,6.44,0.475,-2.99,0.274,247.4,254.9,0.57,1,CRITICAL
35.94,193.41,-0.013,2,0.288,2.761,0,2,8.66,84.77,243.66,13.86,100.0,43.86,0.721,-5.65,0.055,541.2,416.2,0.484,1,CRITICAL
33.61,6.69,-0.115,3,11.381,2.008,3,0,8.72,100.32,231.63,11.14,100.0,53.73,0.842,-1.94,0.15,304.8,342.8,0.453,1,CRITICAL
57.73,343.28,0.275,3,10.308,3.919,1,1,9.02,40.28,173.04,5.25,100.0,31.15,0.782,-2.73,0.104,67.4,349.4,0.463,1,CRITICAL
35.01,304.13,-0.376,4,4.353,0.76,1,1,7.5,37.58,132.74,5.42,90.97,26.25,0.519,-4.47,0.069,382.6,219.6,0.507,1,CRITICAL
43.57,93.8,0.357,4,2.55,3.019,2,2,7.47,18.87,98.28,3.33,79.9,14.14,0.546,-3.57,0.124,42.2,700.6,0.522,1,CRITICAL
7.78,221.93,0.474,4,1.01,2.895,0,2,9.33,67.16,188.79,13.58,100.0,33.98,0.446,-0.87,0.083,543.6,185.8,2.446,0,MODERATE
18.55,332.37,0.0,1,4.942,4.133,1,1,8.97,138.9,358.39,27.96,100.0,64.51,0.904,-3.62,0.063,369.7,403.6,0.847,1,CRITICAL
27.39,34.56,0.021,5,7.359,2.416,0,2,9.76,69.36,164.5,8.82,100.0,29.61,0.631,-4.26,0.158,773.9,273.6,0.67,1,CRITICAL
23.11,181.09,-0.269,1,3.83,3.673,3,1,7.4,95.9,314.24,8.86,100.0,68.07,0.788,-1.68,0.088,582.5,189.1,0.708,1,CRITICAL
14.16,164.25,-0.19,3,3.471,0.201,1,2,5.33,118.09,305.53,24.74,100.0,69.17,0.847,-0.97,0.101,149.1,204.5,0.882,0,HIGH
33.83,147.67,-0.143,5,0.751,0.604,3,0,8.02,16.66,66.71,1.4,70.79,10.5,0.546,0.11,0.053,629.0,255.6,0.803,0,HIGH
38.12,300.81,0.505,3,1.55,1.518,0,0,6.23,33.43,153.7,6.8,95.39,26.39,0.611,-1.35,0.116,464.7,235.8,0.714,1,CRITICAL
21.18,137.03,-0.025,1,4.495,2.639,0,2,8.94,37.22,147.68,3.11,98.34,26.14,0.474,2.25,0.108,166.0,555.1,1.492,0,LOW
19.1,22.92,-0.463,2,0.06,1.941,3,0,8.13,53.2,122.89,11.53,88.97,26.06,0.608,1.05,0.16,332.4,374.1,1.788,0,LOW
16.53,23.7,0.089,3,3.588,0.931,2,2,7.61,3.28,62.31,0.27,68.64,7.7,0.262,-1.11,0.102,51.0,321.6,3.027,0,LOW
34.58,15.39,0.289,1,5.094,2.516,1,2,6.64,57.7,136.61,4.75,90.66,22.29,0.696,0.17,0.199,214.0,84.6,0.929,1,HIGH
18.88,147.29,-0.009,3,1.426,2.423,2,2,9.7,6.02,94.34,0.91,82.65,14.04,0.329,0.31,0.084,15.4,286.8,2.322,0,LOW
22.72,258.63,0.514,2,0.277,2.25,1,2,9.53,106.78,208.39,18.51,100.0,37.51,0.824,-4.67,0.16,148.2,297.5,1.004,0,HIGH
41.15,73.34,0.272,4,5.985,0.471,2,1,6.27,214.33,365.69,27.73,100.0,65.82,0.98,-1.49,0.072,277.0,553.1,0.201,1,CRITICAL
25.98,232.73,-0.367,1,0.535,3.901,2,3,4.8,22.24,80.91,3.67,69.53,12.79,0.411,2.57,0.359,276.5,258.8,1.798,0,LOW
22.72,247.35,-0.193,4,1.622,2.528,0,2,7.89,45.92,113.82,9.11,85.63,23.06,0.483,0.88,0.085,129.5,329.9,0.99,1,HIGH
15.75,91.87,0.079,3,4.3,1.182,3,1,10.11,112.62,214.28,21.55,100.0,38.57,0.764,-1.88,0.157,25.8,230.5,1.623,0,MODERATE
22.02,216.2,-0.583,3,5.944,2.918,2,1,4.72,24.56,111.42,5.0,79.16,18.82,0.452,0.67,0.18,286.8,1727.2,1.833,0,LOW
14.42,246.55,0.118,2,6.941,1.403,0,3,8.53,11.16,48.74,1.14,65.96,5.79,0.216,-2.26,0.214,24.8,871.4,3.668,0,LOW
25.11,167.98,-0.617,4,2.646,2.174,1,0,5.69,87.33,228.2,9.73,100.0,51.56,0.744,-0.21,0.179,74.8,19.9,0.331,1,CRITICAL
16.92,121.22,0.358,4,2.261,1.499,3,2,5.26,77.9,163.24,12.64,96.71,28.42,0.624,-5.98,0.077,455.3,877.1,1.211,0,MODERATE
18.21,222.89,0.318,1,6.601,3.71,1,0,9.55,54.85,185.32,9.95,100.0,33.36,0.449,-3.11,0.122,160.7,203.9,1.426,1,HIGH
22.11,352.02,0.177,4,2.898,4.175,2,0,8.93,187.87,539.49,17.85,100.0,95.0,0.98,-11.23,0.109,2347.7,182.1,0.285,1,CRITICAL
50.92,153.66,-0.237,5,3.025,0.761,3,3,7.16,201.75,548.35,21.1,100.0,95.0,0.98,-4.23,0.27,411.8,45.1,0.187,1,CRITICAL
